solid Uranium STLWriter Thu 23 Oct 2025 09:24:57
facet normal 0.0 0.0 0.0
  outer loop
    vertex 22.667987823486328 10.478346824645996 2.5000009536743164
    vertex 20.66798973083496 10.478346824645996 1.430511474609375e-06
    vertex 22.667991638183594 -14.521653175354004 2.5000009536743164
  endloop
endfacet
facet normal 0.0 0.0 0.0
  outer loop
    vertex 22.667991638183594 -14.521653175354004 2.5000009536743164
    vertex 20.66798973083496 10.478346824645996 1.430511474609375e-06
    vertex 20.66798973083496 -14.521653175354004 1.430511474609375e-06
  endloop
endfacet
facet normal 0.0 0.0 0.0
  outer loop
    vertex 24.167991638183594 -13.021653175354004 5.000000476837158
    vertex 22.167991638183594 -13.021653175354004 5.000000476837158
    vertex 24.167987823486328 8.978346824645996 5.000000476837158
  endloop
endfacet
facet normal 0.0 0.0 0.0
  outer loop
    vertex 24.167987823486328 8.978346824645996 5.000000476837158
    vertex 22.167991638183594 -13.021653175354004 5.000000476837158
    vertex 22.167987823486328 8.978346824645996 5.000000476837158
  endloop
endfacet
facet normal 0.0 0.0 0.0
  outer loop
    vertex 22.167991638183594 -13.021653175354004 5.000000476837158
    vertex 23.490867614746094 -13.021653175354004 6.5
    vertex 22.167987823486328 8.978346824645996 5.000000476837158
  endloop
endfacet
facet normal 0.0 0.0 0.0
  outer loop
    vertex 22.167987823486328 8.978346824645996 5.000000476837158
    vertex 23.490867614746094 -13.021653175354004 6.5
    vertex 23.490863800048828 8.978346824645996 6.5
  endloop
endfacet
facet normal 0.0 0.0 0.0
  outer loop
    vertex 53.84511184692383 -13.021651268005371 6.499999046325684
    vertex 55.16798400878906 -13.021651268005371 4.999999523162842
    vertex 53.84510803222656 8.978348731994629 6.499999046325684
  endloop
endfacet
facet normal 0.0 0.0 0.0
  outer loop
    vertex 53.84510803222656 8.978348731994629 6.499999046325684
    vertex 55.16798400878906 -13.021651268005371 4.999999523162842
    vertex 55.16798400878906 8.978348731994629 4.999999523162842
  endloop
endfacet
facet normal 0.0 0.0 0.0
  outer loop
    vertex 55.16798400878906 -13.021651268005371 4.999999523162842
    vertex 53.16798782348633 -13.021651268005371 4.999999523162842
    vertex 55.16798400878906 8.978348731994629 4.999999523162842
  endloop
endfacet
facet normal 0.0 0.0 0.0
  outer loop
    vertex 55.16798400878906 8.978348731994629 4.999999523162842
    vertex 53.16798782348633 -13.021651268005371 4.999999523162842
    vertex 53.16798400878906 8.978348731994629 4.999999523162842
  endloop
endfacet
facet normal 0.0 0.0 0.0
  outer loop
    vertex 49.91798782348633 -13.021652221679688 2.5
    vertex 49.91798782348633 -13.021652221679688 6.499999046325684
    vertex 49.91798400878906 8.978347778320312 2.5
  endloop
endfacet
facet normal 0.0 0.0 0.0
  outer loop
    vertex 49.91798400878906 8.978347778320312 2.5
    vertex 49.91798782348633 -13.021652221679688 6.499999046325684
    vertex 49.91798400878906 8.978347778320312 6.499999046325684
  endloop
endfacet
facet normal 0.0 0.0 0.0
  outer loop
    vertex 27.41798973083496 -13.021652221679688 6.5
    vertex 27.41798973083496 -13.021652221679688 2.5000007152557373
    vertex 27.417987823486328 8.978347778320312 6.5
  endloop
endfacet
facet normal 0.0 0.0 0.0
  outer loop
    vertex 27.417987823486328 8.978347778320312 6.5
    vertex 27.41798973083496 -13.021652221679688 2.5000007152557373
    vertex 27.417987823486328 8.978347778320312 2.5000007152557373
  endloop
endfacet
facet normal 0.0 0.0 0.0
  outer loop
    vertex 53.16798400878906 8.978348731994629 2.499999761581421
    vertex 54.66798400878906 10.478348731994629 2.499999761581421
    vertex 49.91798400878906 8.978347778320312 2.5
  endloop
endfacet
facet normal 0.0 0.0 0.0
  outer loop
    vertex 49.91798400878906 8.978347778320312 2.5
    vertex 54.66798400878906 10.478348731994629 2.499999761581421
    vertex 22.667987823486328 10.478346824645996 2.5000009536743164
  endloop
endfacet
facet normal 0.0 0.0 0.0
  outer loop
    vertex 49.91798400878906 8.978347778320312 2.5
    vertex 22.667987823486328 10.478346824645996 2.5000009536743164
    vertex 27.417987823486328 8.978347778320312 2.5000007152557373
  endloop
endfacet
facet normal 0.0 0.0 0.0
  outer loop
    vertex 27.417987823486328 8.978347778320312 2.5000007152557373
    vertex 22.667987823486328 10.478346824645996 2.5000009536743164
    vertex 24.167987823486328 8.978346824645996 2.5000009536743164
  endloop
endfacet
facet normal 0.0 0.0 0.0
  outer loop
    vertex 24.167987823486328 8.978346824645996 2.5000009536743164
    vertex 22.667987823486328 10.478346824645996 2.5000009536743164
    vertex 22.667991638183594 -14.521653175354004 2.5000009536743164
  endloop
endfacet
facet normal 0.0 0.0 0.0
  outer loop
    vertex 24.167987823486328 8.978346824645996 2.5000009536743164
    vertex 22.667991638183594 -14.521653175354004 2.5000009536743164
    vertex 24.167991638183594 -13.021653175354004 2.5000009536743164
  endloop
endfacet
facet normal 0.0 0.0 0.0
  outer loop
    vertex 24.167991638183594 -13.021653175354004 2.5000009536743164
    vertex 22.667991638183594 -14.521653175354004 2.5000009536743164
    vertex 27.41798973083496 -13.021652221679688 2.5000007152557373
  endloop
endfacet
facet normal 0.0 0.0 0.0
  outer loop
    vertex 27.41798973083496 -13.021652221679688 2.5000007152557373
    vertex 22.667991638183594 -14.521653175354004 2.5000009536743164
    vertex 49.91798782348633 -13.021652221679688 2.5
  endloop
endfacet
facet normal 0.0 0.0 0.0
  outer loop
    vertex 27.41798973083496 -13.021652221679688 2.5000007152557373
    vertex 49.91798782348633 -13.021652221679688 2.5
    vertex 49.91798400878906 8.978347778320312 2.5
  endloop
endfacet
facet normal 0.0 0.0 0.0
  outer loop
    vertex 53.16798400878906 8.978348731994629 2.499999761581421
    vertex 53.16798782348633 -13.021651268005371 2.499999761581421
    vertex 54.66798400878906 10.478348731994629 2.499999761581421
  endloop
endfacet
facet normal 0.0 0.0 0.0
  outer loop
    vertex 54.66798400878906 10.478348731994629 2.499999761581421
    vertex 53.16798782348633 -13.021651268005371 2.499999761581421
    vertex 54.66798400878906 -14.521651268005371 2.499999761581421
  endloop
endfacet
facet normal 0.0 0.0 0.0
  outer loop
    vertex 54.66798400878906 -14.521651268005371 2.499999761581421
    vertex 53.16798782348633 -13.021651268005371 2.499999761581421
    vertex 49.91798782348633 -13.021652221679688 2.5
  endloop
endfacet
facet normal 0.0 0.0 0.0
  outer loop
    vertex 54.66798400878906 -14.521651268005371 2.499999761581421
    vertex 49.91798782348633 -13.021652221679688 2.5
    vertex 22.667991638183594 -14.521653175354004 2.5000009536743164
  endloop
endfacet
facet normal 0.0 0.0 0.0
  outer loop
    vertex 27.417987823486328 8.978347778320312 2.5000007152557373
    vertex 27.41798973083496 -13.021652221679688 2.5000007152557373
    vertex 49.91798400878906 8.978347778320312 2.5
  endloop
endfacet
facet normal 0.0 0.0 0.0
  outer loop
    vertex 53.16798400878906 8.978348731994629 2.499999761581421
    vertex 49.91798400878906 8.978347778320312 2.5
    vertex 53.16798400878906 8.978348731994629 4.999999523162842
  endloop
endfacet
facet normal 0.0 0.0 0.0
  outer loop
    vertex 53.16798400878906 8.978348731994629 4.999999523162842
    vertex 49.91798400878906 8.978347778320312 2.5
    vertex 49.91798400878906 8.978347778320312 6.499999046325684
  endloop
endfacet
facet normal 0.0 0.0 0.0
  outer loop
    vertex 53.16798400878906 8.978348731994629 4.999999523162842
    vertex 49.91798400878906 8.978347778320312 6.499999046325684
    vertex 53.84510803222656 8.978348731994629 6.499999046325684
  endloop
endfacet
facet normal 0.0 0.0 0.0
  outer loop
    vertex 53.84510803222656 8.978348731994629 6.499999046325684
    vertex 55.16798400878906 8.978348731994629 4.999999523162842
    vertex 53.16798400878906 8.978348731994629 4.999999523162842
  endloop
endfacet
facet normal 0.0 0.0 0.0
  outer loop
    vertex 49.91798400878906 8.978347778320312 6.499999046325684
    vertex 49.91798782348633 -13.021652221679688 6.499999046325684
    vertex 53.84510803222656 8.978348731994629 6.499999046325684
  endloop
endfacet
facet normal 0.0 0.0 0.0
  outer loop
    vertex 53.84510803222656 8.978348731994629 6.499999046325684
    vertex 49.91798782348633 -13.021652221679688 6.499999046325684
    vertex 53.84511184692383 -13.021651268005371 6.499999046325684
  endloop
endfacet
facet normal 0.0 0.0 0.0
  outer loop
    vertex 53.84511184692383 -13.021651268005371 6.499999046325684
    vertex 49.91798782348633 -13.021652221679688 6.499999046325684
    vertex 53.16798782348633 -13.021651268005371 4.999999523162842
  endloop
endfacet
facet normal 0.0 0.0 0.0
  outer loop
    vertex 53.16798782348633 -13.021651268005371 4.999999523162842
    vertex 49.91798782348633 -13.021652221679688 6.499999046325684
    vertex 49.91798782348633 -13.021652221679688 2.5
  endloop
endfacet
facet normal 0.0 0.0 0.0
  outer loop
    vertex 53.16798782348633 -13.021651268005371 4.999999523162842
    vertex 49.91798782348633 -13.021652221679688 2.5
    vertex 53.16798782348633 -13.021651268005371 2.499999761581421
  endloop
endfacet
facet normal 0.0 0.0 0.0
  outer loop
    vertex 53.16798782348633 -13.021651268005371 4.999999523162842
    vertex 55.16798400878906 -13.021651268005371 4.999999523162842
    vertex 53.84511184692383 -13.021651268005371 6.499999046325684
  endloop
endfacet
facet normal 0.0 0.0 0.0
  outer loop
    vertex 24.167991638183594 -13.021653175354004 5.000000476837158
    vertex 24.167987823486328 8.978346824645996 5.000000476837158
    vertex 24.167991638183594 -13.021653175354004 2.5000009536743164
  endloop
endfacet
facet normal 0.0 0.0 0.0
  outer loop
    vertex 24.167991638183594 -13.021653175354004 2.5000009536743164
    vertex 24.167987823486328 8.978346824645996 5.000000476837158
    vertex 24.167987823486328 8.978346824645996 2.5000009536743164
  endloop
endfacet
facet normal 0.0 0.0 0.0
  outer loop
    vertex 23.490863800048828 8.978346824645996 6.5
    vertex 27.417987823486328 8.978347778320312 6.5
    vertex 24.167987823486328 8.978346824645996 5.000000476837158
  endloop
endfacet
facet normal 0.0 0.0 0.0
  outer loop
    vertex 24.167987823486328 8.978346824645996 5.000000476837158
    vertex 27.417987823486328 8.978347778320312 6.5
    vertex 27.417987823486328 8.978347778320312 2.5000007152557373
  endloop
endfacet
facet normal 0.0 0.0 0.0
  outer loop
    vertex 24.167987823486328 8.978346824645996 5.000000476837158
    vertex 27.417987823486328 8.978347778320312 2.5000007152557373
    vertex 24.167987823486328 8.978346824645996 2.5000009536743164
  endloop
endfacet
facet normal 0.0 0.0 0.0
  outer loop
    vertex 24.167987823486328 8.978346824645996 5.000000476837158
    vertex 22.167987823486328 8.978346824645996 5.000000476837158
    vertex 23.490863800048828 8.978346824645996 6.5
  endloop
endfacet
facet normal 0.0 0.0 0.0
  outer loop
    vertex 53.16798400878906 8.978348731994629 4.999999523162842
    vertex 53.16798782348633 -13.021651268005371 4.999999523162842
    vertex 53.16798400878906 8.978348731994629 2.499999761581421
  endloop
endfacet
facet normal 0.0 0.0 0.0
  outer loop
    vertex 53.16798400878906 8.978348731994629 2.499999761581421
    vertex 53.16798782348633 -13.021651268005371 4.999999523162842
    vertex 53.16798782348633 -13.021651268005371 2.499999761581421
  endloop
endfacet
facet normal 0.0 0.0 0.0
  outer loop
    vertex 24.167991638183594 -13.021653175354004 2.5000009536743164
    vertex 27.41798973083496 -13.021652221679688 2.5000007152557373
    vertex 24.167991638183594 -13.021653175354004 5.000000476837158
  endloop
endfacet
facet normal 0.0 0.0 0.0
  outer loop
    vertex 24.167991638183594 -13.021653175354004 5.000000476837158
    vertex 27.41798973083496 -13.021652221679688 2.5000007152557373
    vertex 27.41798973083496 -13.021652221679688 6.5
  endloop
endfacet
facet normal 0.0 0.0 0.0
  outer loop
    vertex 24.167991638183594 -13.021653175354004 5.000000476837158
    vertex 27.41798973083496 -13.021652221679688 6.5
    vertex 23.490867614746094 -13.021653175354004 6.5
  endloop
endfacet
facet normal 0.0 0.0 0.0
  outer loop
    vertex 23.490867614746094 -13.021653175354004 6.5
    vertex 22.167991638183594 -13.021653175354004 5.000000476837158
    vertex 24.167991638183594 -13.021653175354004 5.000000476837158
  endloop
endfacet
facet normal 0.0 0.0 0.0
  outer loop
    vertex 27.41798973083496 -13.021652221679688 6.5
    vertex 27.417987823486328 8.978347778320312 6.5
    vertex 23.490867614746094 -13.021653175354004 6.5
  endloop
endfacet
facet normal 0.0 0.0 0.0
  outer loop
    vertex 23.490867614746094 -13.021653175354004 6.5
    vertex 27.417987823486328 8.978347778320312 6.5
    vertex 23.490863800048828 8.978346824645996 6.5
  endloop
endfacet
facet normal 0.0 0.0 0.0
  outer loop
    vertex 54.66798400878906 -14.521651268005371 2.499999761581421
    vertex 22.667991638183594 -14.521653175354004 2.5000009536743164
    vertex 54.66798400878906 -14.521651268005371 2.384185791015625e-07
  endloop
endfacet
facet normal 0.0 0.0 0.0
  outer loop
    vertex 54.66798400878906 -14.521651268005371 2.384185791015625e-07
    vertex 22.667991638183594 -14.521653175354004 2.5000009536743164
    vertex 20.66798973083496 -14.521653175354004 1.430511474609375e-06
  endloop
endfacet
facet normal 0.0 0.0 0.0
  outer loop
    vertex 54.66798400878906 10.478348731994629 2.499999761581421
    vertex 54.66798400878906 -14.521651268005371 2.499999761581421
    vertex 54.66798400878906 10.478348731994629 2.384185791015625e-07
  endloop
endfacet
facet normal 0.0 0.0 0.0
  outer loop
    vertex 54.66798400878906 10.478348731994629 2.384185791015625e-07
    vertex 54.66798400878906 -14.521651268005371 2.499999761581421
    vertex 54.66798400878906 -14.521651268005371 2.384185791015625e-07
  endloop
endfacet
facet normal 0.0 0.0 0.0
  outer loop
    vertex 54.66798400878906 10.478348731994629 2.499999761581421
    vertex 54.66798400878906 10.478348731994629 2.384185791015625e-07
    vertex 22.667987823486328 10.478346824645996 2.5000009536743164
  endloop
endfacet
facet normal 0.0 0.0 0.0
  outer loop
    vertex 22.667987823486328 10.478346824645996 2.5000009536743164
    vertex 54.66798400878906 10.478348731994629 2.384185791015625e-07
    vertex 20.66798973083496 10.478346824645996 1.430511474609375e-06
  endloop
endfacet
facet normal 0.0 0.0 0.0
  outer loop
    vertex 54.66798400878906 10.478348731994629 2.384185791015625e-07
    vertex 54.66798400878906 -14.521651268005371 2.384185791015625e-07
    vertex 20.66798973083496 10.478346824645996 1.430511474609375e-06
  endloop
endfacet
facet normal 0.0 0.0 0.0
  outer loop
    vertex 20.66798973083496 10.478346824645996 1.430511474609375e-06
    vertex 54.66798400878906 -14.521651268005371 2.384185791015625e-07
    vertex 20.66798973083496 -14.521653175354004 1.430511474609375e-06
  endloop
endfacet
facet normal 0.0 0.0 0.0
  outer loop
    vertex -43.08650207519531 -58.27735900878906 7.5
    vertex -5.086503982543945 -58.27735900878906 7.5
    vertex -43.08650207519531 -59.67735290527344 7.5
  endloop
endfacet
facet normal 0.0 0.0 0.0
  outer loop
    vertex -43.08650207519531 -59.67735290527344 7.5
    vertex -5.086503982543945 -58.27735900878906 7.5
    vertex -5.086503982543945 -59.67735290527344 7.5
  endloop
endfacet
facet normal 0.0 0.0 0.0
  outer loop
    vertex -5.086503982543945 -59.67735290527344 7.5
    vertex -5.086503982543945 -59.67735290527344 9.0
    vertex -43.08650207519531 -59.67735290527344 7.5
  endloop
endfacet
facet normal 0.0 0.0 0.0
  outer loop
    vertex -43.08650207519531 -59.67735290527344 7.5
    vertex -5.086503982543945 -59.67735290527344 9.0
    vertex -43.08650207519531 -59.67735290527344 9.0
  endloop
endfacet
facet normal 0.0 0.0 0.0
  outer loop
    vertex -43.08650207519531 -58.27735900878906 5.0
    vertex -43.08650207519531 -58.27735900878906 7.5
    vertex -43.08650207519531 -53.27735900878906 5.0
  endloop
endfacet
facet normal 0.0 0.0 0.0
  outer loop
    vertex -43.08650207519531 -53.27735900878906 5.0
    vertex -43.08650207519531 -58.27735900878906 7.5
    vertex -43.08650207519531 -53.27735900878906 9.0
  endloop
endfacet
facet normal 0.0 0.0 0.0
  outer loop
    vertex -43.08650207519531 -53.27735900878906 9.0
    vertex -43.08650207519531 -58.27735900878906 7.5
    vertex -43.08650207519531 -59.67735290527344 9.0
  endloop
endfacet
facet normal 0.0 0.0 0.0
  outer loop
    vertex -43.08650207519531 -59.67735290527344 9.0
    vertex -43.08650207519531 -58.27735900878906 7.5
    vertex -43.08650207519531 -59.67735290527344 7.5
  endloop
endfacet
facet normal 0.0 0.0 0.0
  outer loop
    vertex -5.086503982543945 -53.27735900878906 5.0
    vertex -43.08650207519531 -53.27735900878906 5.0
    vertex -5.086503982543945 -53.27735900878906 9.0
  endloop
endfacet
facet normal 0.0 0.0 0.0
  outer loop
    vertex -5.086503982543945 -53.27735900878906 9.0
    vertex -43.08650207519531 -53.27735900878906 5.0
    vertex -43.08650207519531 -53.27735900878906 9.0
  endloop
endfacet
facet normal 0.0 0.0 0.0
  outer loop
    vertex -5.086503982543945 -58.27735900878906 5.0
    vertex -5.086503982543945 -53.27735900878906 5.0
    vertex -5.086503982543945 -58.27735900878906 7.5
  endloop
endfacet
facet normal 0.0 0.0 0.0
  outer loop
    vertex -5.086503982543945 -58.27735900878906 7.5
    vertex -5.086503982543945 -53.27735900878906 5.0
    vertex -5.086503982543945 -53.27735900878906 9.0
  endloop
endfacet
facet normal 0.0 0.0 0.0
  outer loop
    vertex -5.086503982543945 -58.27735900878906 7.5
    vertex -5.086503982543945 -53.27735900878906 9.0
    vertex -5.086503982543945 -59.67735290527344 9.0
  endloop
endfacet
facet normal 0.0 0.0 0.0
  outer loop
    vertex -5.086503982543945 -59.67735290527344 9.0
    vertex -5.086503982543945 -59.67735290527344 7.5
    vertex -5.086503982543945 -58.27735900878906 7.5
  endloop
endfacet
facet normal 0.0 0.0 0.0
  outer loop
    vertex -5.086503982543945 -59.67735290527344 9.0
    vertex -5.086503982543945 -53.27735900878906 9.0
    vertex -43.08650207519531 -59.67735290527344 9.0
  endloop
endfacet
facet normal 0.0 0.0 0.0
  outer loop
    vertex -43.08650207519531 -59.67735290527344 9.0
    vertex -5.086503982543945 -53.27735900878906 9.0
    vertex -43.08650207519531 -53.27735900878906 9.0
  endloop
endfacet
facet normal 0.0 0.0 0.0
  outer loop
    vertex -43.08650207519531 -16.777359008789062 5.0
    vertex -5.086503982543945 -16.777359008789062 5.0
    vertex -43.08650207519531 -16.777359008789062 9.0
  endloop
endfacet
facet normal 0.0 0.0 0.0
  outer loop
    vertex -43.08650207519531 -16.777359008789062 9.0
    vertex -5.086503982543945 -16.777359008789062 5.0
    vertex -5.086503982543945 -16.777359008789062 9.0
  endloop
endfacet
facet normal 0.0 0.0 0.0
  outer loop
    vertex -43.08650207519531 -11.777359008789062 5.0
    vertex -43.08650207519531 -16.777359008789062 5.0
    vertex -43.08650207519531 -11.777359008789062 9.0
  endloop
endfacet
facet normal 0.0 0.0 0.0
  outer loop
    vertex -43.08650207519531 -11.777359008789062 9.0
    vertex -43.08650207519531 -16.777359008789062 5.0
    vertex -43.08650207519531 -16.777359008789062 9.0
  endloop
endfacet
facet normal 0.0 0.0 0.0
  outer loop
    vertex -5.086503982543945 -16.777359008789062 5.0
    vertex -5.086503982543945 -11.777359008789062 5.0
    vertex -5.086503982543945 -16.777359008789062 9.0
  endloop
endfacet
facet normal 0.0 0.0 0.0
  outer loop
    vertex -5.086503982543945 -16.777359008789062 9.0
    vertex -5.086503982543945 -11.777359008789062 5.0
    vertex -5.086503982543945 -11.777359008789062 9.0
  endloop
endfacet
facet normal 0.0 0.0 0.0
  outer loop
    vertex -5.086503982543945 -16.777359008789062 9.0
    vertex -5.086503982543945 -11.777359008789062 9.0
    vertex -43.08650207519531 -16.777359008789062 9.0
  endloop
endfacet
facet normal 0.0 0.0 0.0
  outer loop
    vertex -43.08650207519531 -16.777359008789062 9.0
    vertex -5.086503982543945 -11.777359008789062 9.0
    vertex -43.08650207519531 -11.777359008789062 9.0
  endloop
endfacet
facet normal 0.0 0.0 0.0
  outer loop
    vertex -63.58650207519531 -11.777359008789062 0.0
    vertex -63.58650207519531 -16.777359008789062 5.0
    vertex -63.58650207519531 -11.777359008789062 5.0
  endloop
endfacet
facet normal 0.0 0.0 0.0
  outer loop
    vertex 9.413496017456055 -11.777359008789062 5.0
    vertex 9.413496017456055 -11.777359008789062 0.0
    vertex -5.086503982543945 -11.777359008789062 5.0
  endloop
endfacet
facet normal 0.0 0.0 0.0
  outer loop
    vertex -5.086503982543945 -11.777359008789062 5.0
    vertex 9.413496017456055 -11.777359008789062 0.0
    vertex -43.08650207519531 -11.777359008789062 5.0
  endloop
endfacet
facet normal 0.0 0.0 0.0
  outer loop
    vertex -5.086503982543945 -11.777359008789062 5.0
    vertex -43.08650207519531 -11.777359008789062 5.0
    vertex -5.086503982543945 -11.777359008789062 9.0
  endloop
endfacet
facet normal 0.0 0.0 0.0
  outer loop
    vertex -5.086503982543945 -11.777359008789062 9.0
    vertex -43.08650207519531 -11.777359008789062 5.0
    vertex -43.08650207519531 -11.777359008789062 9.0
  endloop
endfacet
facet normal 0.0 0.0 0.0
  outer loop
    vertex 9.413496017456055 -11.777359008789062 0.0
    vertex -63.58650207519531 -11.777359008789062 0.0
    vertex -43.08650207519531 -11.777359008789062 5.0
  endloop
endfacet
facet normal 0.0 0.0 0.0
  outer loop
    vertex -43.08650207519531 -11.777359008789062 5.0
    vertex -63.58650207519531 -11.777359008789062 0.0
    vertex -63.58650207519531 -11.777359008789062 5.0
  endloop
endfacet
facet normal 0.0 0.0 0.0
  outer loop
    vertex -63.58650207519531 -53.27735900878906 5.0
    vertex -63.58650207519531 -58.27735900878906 0.0
    vertex -63.58650207519531 -58.27735900878906 5.0
  endloop
endfacet
facet normal 0.0 0.0 0.0
  outer loop
    vertex -5.086503982543945 -58.27735900878906 7.5
    vertex -43.08650207519531 -58.27735900878906 7.5
    vertex -5.086503982543945 -58.27735900878906 5.0
  endloop
endfacet
facet normal 0.0 0.0 0.0
  outer loop
    vertex -5.086503982543945 -58.27735900878906 5.0
    vertex -43.08650207519531 -58.27735900878906 7.5
    vertex -43.08650207519531 -58.27735900878906 5.0
  endloop
endfacet
facet normal 0.0 0.0 0.0
  outer loop
    vertex -5.086503982543945 -58.27735900878906 5.0
    vertex -43.08650207519531 -58.27735900878906 5.0
    vertex 9.413496017456055 -58.27735900878906 0.0
  endloop
endfacet
facet normal 0.0 0.0 0.0
  outer loop
    vertex 9.413496017456055 -58.27735900878906 0.0
    vertex -43.08650207519531 -58.27735900878906 5.0
    vertex -63.58650207519531 -58.27735900878906 0.0
  endloop
endfacet
facet normal 0.0 0.0 0.0
  outer loop
    vertex -63.58650207519531 -58.27735900878906 0.0
    vertex -43.08650207519531 -58.27735900878906 5.0
    vertex -63.58650207519531 -58.27735900878906 5.0
  endloop
endfacet
facet normal 0.0 0.0 0.0
  outer loop
    vertex 9.413496017456055 -58.27735900878906 0.0
    vertex 9.413496017456055 -58.27735900878906 5.0
    vertex -5.086503982543945 -58.27735900878906 5.0
  endloop
endfacet
facet normal 0.0 0.0 0.0
  outer loop
    vertex 14.413496017456055 -53.27735900878906 0.0
    vertex 14.413496017456055 -53.27735900878906 5.0
    vertex 14.362604141235352 -53.988929748535156 0.0
  endloop
endfacet
facet normal 0.0 0.0 0.0
  outer loop
    vertex 14.362604141235352 -53.988929748535156 0.0
    vertex 14.413496017456055 -53.27735900878906 5.0
    vertex 14.362604141235352 -53.988929748535156 5.0
  endloop
endfacet
facet normal 0.0 0.0 0.0
  outer loop
    vertex 14.362604141235352 -53.988929748535156 0.0
    vertex 14.362604141235352 -53.988929748535156 5.0
    vertex 14.210962295532227 -54.68601989746094 5.0
  endloop
endfacet
facet normal 0.0 0.0 0.0
  outer loop
    vertex 14.362604141235352 -53.988929748535156 0.0
    vertex 14.210962295532227 -54.68601989746094 5.0
    vertex 14.210962295532227 -54.68601989746094 0.0
  endloop
endfacet
facet normal 0.0 0.0 0.0
  outer loop
    vertex 14.210962295532227 -54.68601989746094 0.0
    vertex 14.210962295532227 -54.68601989746094 5.0
    vertex 13.96165657043457 -55.35443115234375 5.0
  endloop
endfacet
facet normal 0.0 0.0 0.0
  outer loop
    vertex 14.210962295532227 -54.68601989746094 0.0
    vertex 13.96165657043457 -55.35443115234375 5.0
    vertex 13.96165657043457 -55.35443115234375 0.0
  endloop
endfacet
facet normal 0.0 0.0 0.0
  outer loop
    vertex 13.96165657043457 -55.35443115234375 0.0
    vertex 13.96165657043457 -55.35443115234375 5.0
    vertex 13.61976432800293 -55.980560302734375 5.0
  endloop
endfacet
facet normal 0.0 0.0 0.0
  outer loop
    vertex 13.96165657043457 -55.35443115234375 0.0
    vertex 13.61976432800293 -55.980560302734375 5.0
    vertex 13.61976432800293 -55.980560302734375 0.0
  endloop
endfacet
facet normal 0.0 0.0 0.0
  outer loop
    vertex 13.61976432800293 -55.980560302734375 0.0
    vertex 13.61976432800293 -55.980560302734375 5.0
    vertex 13.192243576049805 -56.551658630371094 5.0
  endloop
endfacet
facet normal 0.0 0.0 0.0
  outer loop
    vertex 13.61976432800293 -55.980560302734375 0.0
    vertex 13.192243576049805 -56.551658630371094 5.0
    vertex 13.192243576049805 -56.551658630371094 0.0
  endloop
endfacet
facet normal 0.0 0.0 0.0
  outer loop
    vertex 13.192243576049805 -56.551658630371094 0.0
    vertex 13.192243576049805 -56.551658630371094 5.0
    vertex 12.687799453735352 -57.05610656738281 5.0
  endloop
endfacet
facet normal 0.0 0.0 0.0
  outer loop
    vertex 13.192243576049805 -56.551658630371094 0.0
    vertex 12.687799453735352 -57.05610656738281 5.0
    vertex 12.687799453735352 -57.05610656738281 0.0
  endloop
endfacet
facet normal 0.0 0.0 0.0
  outer loop
    vertex 12.687799453735352 -57.05610656738281 0.0
    vertex 12.687799453735352 -57.05610656738281 5.0
    vertex 12.116701126098633 -57.48362731933594 5.0
  endloop
endfacet
facet normal 0.0 0.0 0.0
  outer loop
    vertex 12.687799453735352 -57.05610656738281 0.0
    vertex 12.116701126098633 -57.48362731933594 5.0
    vertex 12.116701126098633 -57.48362731933594 0.0
  endloop
endfacet
facet normal 0.0 0.0 0.0
  outer loop
    vertex 12.116701126098633 -57.48362731933594 0.0
    vertex 12.116701126098633 -57.48362731933594 5.0
    vertex 11.490571975708008 -57.82551574707031 5.0
  endloop
endfacet
facet normal 0.0 0.0 0.0
  outer loop
    vertex 12.116701126098633 -57.48362731933594 0.0
    vertex 11.490571975708008 -57.82551574707031 5.0
    vertex 11.490571975708008 -57.82551574707031 0.0
  endloop
endfacet
facet normal 0.0 0.0 0.0
  outer loop
    vertex 11.490571975708008 -57.82551574707031 0.0
    vertex 11.490571975708008 -57.82551574707031 5.0
    vertex 10.82215690612793 -58.07482147216797 5.0
  endloop
endfacet
facet normal 0.0 0.0 0.0
  outer loop
    vertex 11.490571975708008 -57.82551574707031 0.0
    vertex 10.82215690612793 -58.07482147216797 5.0
    vertex 10.82215690612793 -58.07482147216797 0.0
  endloop
endfacet
facet normal 0.0 0.0 0.0
  outer loop
    vertex 10.82215690612793 -58.07482147216797 0.0
    vertex 10.82215690612793 -58.07482147216797 5.0
    vertex 10.125070571899414 -58.226463317871094 5.0
  endloop
endfacet
facet normal 0.0 0.0 0.0
  outer loop
    vertex 10.82215690612793 -58.07482147216797 0.0
    vertex 10.125070571899414 -58.226463317871094 5.0
    vertex 10.125070571899414 -58.226463317871094 0.0
  endloop
endfacet
facet normal 0.0 0.0 0.0
  outer loop
    vertex 10.125070571899414 -58.226463317871094 0.0
    vertex 10.125070571899414 -58.226463317871094 5.0
    vertex 9.413496017456055 -58.27735900878906 0.0
  endloop
endfacet
facet normal 0.0 0.0 0.0
  outer loop
    vertex 9.413496017456055 -58.27735900878906 0.0
    vertex 10.125070571899414 -58.226463317871094 5.0
    vertex 9.413496017456055 -58.27735900878906 5.0
  endloop
endfacet
facet normal 0.0 0.0 0.0
  outer loop
    vertex 14.413496017456055 -16.777359008789062 5.0
    vertex 14.413496017456055 -53.27735900878906 5.0
    vertex 14.413496017456055 -16.777359008789062 0.0
  endloop
endfacet
facet normal 0.0 0.0 0.0
  outer loop
    vertex 14.413496017456055 -16.777359008789062 0.0
    vertex 14.413496017456055 -53.27735900878906 5.0
    vertex 14.413496017456055 -53.27735900878906 0.0
  endloop
endfacet
facet normal 0.0 0.0 0.0
  outer loop
    vertex 9.413496017456055 -11.777359008789062 0.0
    vertex 9.413496017456055 -11.777359008789062 5.0
    vertex 10.125070571899414 -11.8282470703125 0.0
  endloop
endfacet
facet normal 0.0 0.0 0.0
  outer loop
    vertex 10.125070571899414 -11.8282470703125 0.0
    vertex 9.413496017456055 -11.777359008789062 5.0
    vertex 10.125070571899414 -11.8282470703125 5.0
  endloop
endfacet
facet normal 0.0 0.0 0.0
  outer loop
    vertex 10.125070571899414 -11.8282470703125 0.0
    vertex 10.125070571899414 -11.8282470703125 5.0
    vertex 10.82215690612793 -11.979888916015625 5.0
  endloop
endfacet
facet normal 0.0 0.0 0.0
  outer loop
    vertex 10.125070571899414 -11.8282470703125 0.0
    vertex 10.82215690612793 -11.979888916015625 5.0
    vertex 10.82215690612793 -11.979888916015625 0.0
  endloop
endfacet
facet normal 0.0 0.0 0.0
  outer loop
    vertex 10.82215690612793 -11.979888916015625 0.0
    vertex 10.82215690612793 -11.979888916015625 5.0
    vertex 11.490571975708008 -12.229194641113281 5.0
  endloop
endfacet
facet normal 0.0 0.0 0.0
  outer loop
    vertex 10.82215690612793 -11.979888916015625 0.0
    vertex 11.490571975708008 -12.229194641113281 5.0
    vertex 11.490571975708008 -12.229194641113281 0.0
  endloop
endfacet
facet normal 0.0 0.0 0.0
  outer loop
    vertex 11.490571975708008 -12.229194641113281 0.0
    vertex 11.490571975708008 -12.229194641113281 5.0
    vertex 12.116701126098633 -12.571090698242188 5.0
  endloop
endfacet
facet normal 0.0 0.0 0.0
  outer loop
    vertex 11.490571975708008 -12.229194641113281 0.0
    vertex 12.116701126098633 -12.571090698242188 5.0
    vertex 12.116701126098633 -12.571090698242188 0.0
  endloop
endfacet
facet normal 0.0 0.0 0.0
  outer loop
    vertex 12.116701126098633 -12.571090698242188 0.0
    vertex 12.116701126098633 -12.571090698242188 5.0
    vertex 12.687799453735352 -12.998611450195312 5.0
  endloop
endfacet
facet normal 0.0 0.0 0.0
  outer loop
    vertex 12.116701126098633 -12.571090698242188 0.0
    vertex 12.687799453735352 -12.998611450195312 5.0
    vertex 12.687799453735352 -12.998611450195312 0.0
  endloop
endfacet
facet normal 0.0 0.0 0.0
  outer loop
    vertex 12.687799453735352 -12.998611450195312 0.0
    vertex 12.687799453735352 -12.998611450195312 5.0
    vertex 13.192243576049805 -13.5030517578125 5.0
  endloop
endfacet
facet normal 0.0 0.0 0.0
  outer loop
    vertex 12.687799453735352 -12.998611450195312 0.0
    vertex 13.192243576049805 -13.5030517578125 5.0
    vertex 13.192243576049805 -13.5030517578125 0.0
  endloop
endfacet
facet normal 0.0 0.0 0.0
  outer loop
    vertex 13.192243576049805 -13.5030517578125 0.0
    vertex 13.192243576049805 -13.5030517578125 5.0
    vertex 13.61976432800293 -14.07415771484375 5.0
  endloop
endfacet
facet normal 0.0 0.0 0.0
  outer loop
    vertex 13.192243576049805 -13.5030517578125 0.0
    vertex 13.61976432800293 -14.07415771484375 5.0
    vertex 13.61976432800293 -14.07415771484375 0.0
  endloop
endfacet
facet normal 0.0 0.0 0.0
  outer loop
    vertex 13.61976432800293 -14.07415771484375 0.0
    vertex 13.61976432800293 -14.07415771484375 5.0
    vertex 13.96165657043457 -14.700279235839844 5.0
  endloop
endfacet
facet normal 0.0 0.0 0.0
  outer loop
    vertex 13.61976432800293 -14.07415771484375 0.0
    vertex 13.96165657043457 -14.700279235839844 5.0
    vertex 13.96165657043457 -14.700279235839844 0.0
  endloop
endfacet
facet normal 0.0 0.0 0.0
  outer loop
    vertex 13.96165657043457 -14.700279235839844 0.0
    vertex 13.96165657043457 -14.700279235839844 5.0
    vertex 14.210962295532227 -15.368698120117188 5.0
  endloop
endfacet
facet normal 0.0 0.0 0.0
  outer loop
    vertex 13.96165657043457 -14.700279235839844 0.0
    vertex 14.210962295532227 -15.368698120117188 5.0
    vertex 14.210962295532227 -15.368698120117188 0.0
  endloop
endfacet
facet normal 0.0 0.0 0.0
  outer loop
    vertex 14.210962295532227 -15.368698120117188 0.0
    vertex 14.210962295532227 -15.368698120117188 5.0
    vertex 14.362604141235352 -16.065780639648438 5.0
  endloop
endfacet
facet normal 0.0 0.0 0.0
  outer loop
    vertex 14.210962295532227 -15.368698120117188 0.0
    vertex 14.362604141235352 -16.065780639648438 5.0
    vertex 14.362604141235352 -16.065780639648438 0.0
  endloop
endfacet
facet normal 0.0 0.0 0.0
  outer loop
    vertex 14.362604141235352 -16.065780639648438 0.0
    vertex 14.362604141235352 -16.065780639648438 5.0
    vertex 14.413496017456055 -16.777359008789062 0.0
  endloop
endfacet
facet normal 0.0 0.0 0.0
  outer loop
    vertex 14.413496017456055 -16.777359008789062 0.0
    vertex 14.362604141235352 -16.065780639648438 5.0
    vertex 14.413496017456055 -16.777359008789062 5.0
  endloop
endfacet
facet normal 0.0 0.0 0.0
  outer loop
    vertex -64.58650207519531 -53.27735900878906 5.0
    vertex -64.58650207519531 -16.777359008789062 5.0
    vertex -69.58650207519531 -53.27735900878906 0.0
  endloop
endfacet
facet normal 0.0 0.0 0.0
  outer loop
    vertex -69.58650207519531 -53.27735900878906 0.0
    vertex -64.58650207519531 -16.777359008789062 5.0
    vertex -69.58650207519531 -16.777359008789062 0.0
  endloop
endfacet
facet normal 0.0 0.0 0.0
  outer loop
    vertex -69.58650207519531 -53.27735900878906 0.0
    vertex -69.53561401367188 -53.988929748535156 0.0
    vertex -64.58650207519531 -53.27735900878906 5.0
  endloop
endfacet
facet normal 0.0 0.0 0.0
  outer loop
    vertex -64.58650207519531 -53.27735900878906 5.0
    vertex -69.53561401367188 -53.988929748535156 0.0
    vertex -69.38397216796875 -54.68601989746094 0.0
  endloop
endfacet
facet normal 0.0 0.0 0.0
  outer loop
    vertex -69.38397216796875 -54.68601989746094 0.0
    vertex -69.13465881347656 -55.35443115234375 0.0
    vertex -64.58650207519531 -53.27735900878906 5.0
  endloop
endfacet
facet normal 0.0 0.0 0.0
  outer loop
    vertex -69.13465881347656 -55.35443115234375 0.0
    vertex -68.79277038574219 -55.980560302734375 0.0
    vertex -64.58650207519531 -53.27735900878906 5.0
  endloop
endfacet
facet normal 0.0 0.0 0.0
  outer loop
    vertex -68.79277038574219 -55.980560302734375 0.0
    vertex -68.36524963378906 -56.551658630371094 0.0
    vertex -64.58650207519531 -53.27735900878906 5.0
  endloop
endfacet
facet normal 0.0 0.0 0.0
  outer loop
    vertex -68.36524963378906 -56.551658630371094 0.0
    vertex -67.86080932617188 -57.05610656738281 0.0
    vertex -64.58650207519531 -53.27735900878906 5.0
  endloop
endfacet
facet normal 0.0 0.0 0.0
  outer loop
    vertex -67.86080932617188 -57.05610656738281 0.0
    vertex -67.28970336914062 -57.48362731933594 0.0
    vertex -64.58650207519531 -53.27735900878906 5.0
  endloop
endfacet
facet normal 0.0 0.0 0.0
  outer loop
    vertex -67.28970336914062 -57.48362731933594 0.0
    vertex -66.66357421875 -57.82551574707031 0.0
    vertex -64.58650207519531 -53.27735900878906 5.0
  endloop
endfacet
facet normal 0.0 0.0 0.0
  outer loop
    vertex -66.66357421875 -57.82551574707031 0.0
    vertex -65.99516296386719 -58.07482147216797 0.0
    vertex -64.58650207519531 -53.27735900878906 5.0
  endloop
endfacet
facet normal 0.0 0.0 0.0
  outer loop
    vertex -65.99516296386719 -58.07482147216797 0.0
    vertex -65.29808044433594 -58.226463317871094 0.0
    vertex -64.58650207519531 -53.27735900878906 5.0
  endloop
endfacet
facet normal 0.0 0.0 0.0
  outer loop
    vertex -65.29808044433594 -58.226463317871094 0.0
    vertex -64.58650207519531 -58.27735900878906 0.0
    vertex -64.58650207519531 -53.27735900878906 5.0
  endloop
endfacet
facet normal 0.0 0.0 0.0
  outer loop
    vertex -64.58650207519531 -53.27735900878906 5.0
    vertex -64.58650207519531 -58.27735900878906 0.0
    vertex -63.58650207519531 -53.27735900878906 5.0
  endloop
endfacet
facet normal 0.0 0.0 0.0
  outer loop
    vertex -63.58650207519531 -53.27735900878906 5.0
    vertex -64.58650207519531 -58.27735900878906 0.0
    vertex -63.58650207519531 -58.27735900878906 0.0
  endloop
endfacet
facet normal 0.0 0.0 0.0
  outer loop
    vertex -64.58650207519531 -16.777359008789062 5.0
    vertex -63.58650207519531 -16.777359008789062 5.0
    vertex -64.58650207519531 -11.777359008789062 0.0
  endloop
endfacet
facet normal 0.0 0.0 0.0
  outer loop
    vertex -64.58650207519531 -11.777359008789062 0.0
    vertex -63.58650207519531 -16.777359008789062 5.0
    vertex -63.58650207519531 -11.777359008789062 0.0
  endloop
endfacet
facet normal 0.0 0.0 0.0
  outer loop
    vertex -64.58650207519531 -11.777359008789062 0.0
    vertex -65.29808044433594 -11.8282470703125 0.0
    vertex -64.58650207519531 -16.777359008789062 5.0
  endloop
endfacet
facet normal 0.0 0.0 0.0
  outer loop
    vertex -64.58650207519531 -16.777359008789062 5.0
    vertex -65.29808044433594 -11.8282470703125 0.0
    vertex -65.99516296386719 -11.979888916015625 0.0
  endloop
endfacet
facet normal 0.0 0.0 0.0
  outer loop
    vertex -65.99516296386719 -11.979888916015625 0.0
    vertex -66.66357421875 -12.229194641113281 0.0
    vertex -64.58650207519531 -16.777359008789062 5.0
  endloop
endfacet
facet normal 0.0 0.0 0.0
  outer loop
    vertex -66.66357421875 -12.229194641113281 0.0
    vertex -67.28970336914062 -12.571090698242188 0.0
    vertex -64.58650207519531 -16.777359008789062 5.0
  endloop
endfacet
facet normal 0.0 0.0 0.0
  outer loop
    vertex -67.28970336914062 -12.571090698242188 0.0
    vertex -67.86080932617188 -12.998611450195312 0.0
    vertex -64.58650207519531 -16.777359008789062 5.0
  endloop
endfacet
facet normal 0.0 0.0 0.0
  outer loop
    vertex -67.86080932617188 -12.998611450195312 0.0
    vertex -68.36524963378906 -13.5030517578125 0.0
    vertex -64.58650207519531 -16.777359008789062 5.0
  endloop
endfacet
facet normal 0.0 0.0 0.0
  outer loop
    vertex -68.36524963378906 -13.5030517578125 0.0
    vertex -68.79277038574219 -14.07415771484375 0.0
    vertex -64.58650207519531 -16.777359008789062 5.0
  endloop
endfacet
facet normal 0.0 0.0 0.0
  outer loop
    vertex -68.79277038574219 -14.07415771484375 0.0
    vertex -69.13465881347656 -14.700279235839844 0.0
    vertex -64.58650207519531 -16.777359008789062 5.0
  endloop
endfacet
facet normal 0.0 0.0 0.0
  outer loop
    vertex -69.13465881347656 -14.700279235839844 0.0
    vertex -69.38397216796875 -15.368698120117188 0.0
    vertex -64.58650207519531 -16.777359008789062 5.0
  endloop
endfacet
facet normal 0.0 0.0 0.0
  outer loop
    vertex -69.38397216796875 -15.368698120117188 0.0
    vertex -69.53561401367188 -16.065780639648438 0.0
    vertex -64.58650207519531 -16.777359008789062 5.0
  endloop
endfacet
facet normal 0.0 0.0 0.0
  outer loop
    vertex -69.53561401367188 -16.065780639648438 0.0
    vertex -69.58650207519531 -16.777359008789062 0.0
    vertex -64.58650207519531 -16.777359008789062 5.0
  endloop
endfacet
facet normal 0.0 0.0 0.0
  outer loop
    vertex -69.53561401367188 -16.065780639648438 0.0
    vertex -63.58650207519531 -11.777359008789062 0.0
    vertex -69.58650207519531 -16.777359008789062 0.0
  endloop
endfacet
facet normal 0.0 0.0 0.0
  outer loop
    vertex -69.58650207519531 -16.777359008789062 0.0
    vertex -63.58650207519531 -11.777359008789062 0.0
    vertex 9.413496017456055 -11.777359008789062 0.0
  endloop
endfacet
facet normal 0.0 0.0 0.0
  outer loop
    vertex -69.58650207519531 -16.777359008789062 0.0
    vertex 9.413496017456055 -11.777359008789062 0.0
    vertex 13.61976432800293 -14.07415771484375 0.0
  endloop
endfacet
facet normal 0.0 0.0 0.0
  outer loop
    vertex 13.61976432800293 -14.07415771484375 0.0
    vertex 9.413496017456055 -11.777359008789062 0.0
    vertex 13.192243576049805 -13.5030517578125 0.0
  endloop
endfacet
facet normal 0.0 0.0 0.0
  outer loop
    vertex 13.192243576049805 -13.5030517578125 0.0
    vertex 9.413496017456055 -11.777359008789062 0.0
    vertex 12.687799453735352 -12.998611450195312 0.0
  endloop
endfacet
facet normal 0.0 0.0 0.0
  outer loop
    vertex 12.687799453735352 -12.998611450195312 0.0
    vertex 9.413496017456055 -11.777359008789062 0.0
    vertex 12.116701126098633 -12.571090698242188 0.0
  endloop
endfacet
facet normal 0.0 0.0 0.0
  outer loop
    vertex 12.116701126098633 -12.571090698242188 0.0
    vertex 9.413496017456055 -11.777359008789062 0.0
    vertex 11.490571975708008 -12.229194641113281 0.0
  endloop
endfacet
facet normal 0.0 0.0 0.0
  outer loop
    vertex 11.490571975708008 -12.229194641113281 0.0
    vertex 9.413496017456055 -11.777359008789062 0.0
    vertex 10.82215690612793 -11.979888916015625 0.0
  endloop
endfacet
facet normal 0.0 0.0 0.0
  outer loop
    vertex 10.82215690612793 -11.979888916015625 0.0
    vertex 9.413496017456055 -11.777359008789062 0.0
    vertex 10.125070571899414 -11.8282470703125 0.0
  endloop
endfacet
facet normal 0.0 0.0 0.0
  outer loop
    vertex -69.53561401367188 -16.065780639648438 0.0
    vertex -69.38397216796875 -15.368698120117188 0.0
    vertex -63.58650207519531 -11.777359008789062 0.0
  endloop
endfacet
facet normal 0.0 0.0 0.0
  outer loop
    vertex -63.58650207519531 -11.777359008789062 0.0
    vertex -69.38397216796875 -15.368698120117188 0.0
    vertex -69.13465881347656 -14.700279235839844 0.0
  endloop
endfacet
facet normal 0.0 0.0 0.0
  outer loop
    vertex -63.58650207519531 -11.777359008789062 0.0
    vertex -69.13465881347656 -14.700279235839844 0.0
    vertex -68.79277038574219 -14.07415771484375 0.0
  endloop
endfacet
facet normal 0.0 0.0 0.0
  outer loop
    vertex -68.79277038574219 -14.07415771484375 0.0
    vertex -68.36524963378906 -13.5030517578125 0.0
    vertex -63.58650207519531 -11.777359008789062 0.0
  endloop
endfacet
facet normal 0.0 0.0 0.0
  outer loop
    vertex -63.58650207519531 -11.777359008789062 0.0
    vertex -68.36524963378906 -13.5030517578125 0.0
    vertex -67.86080932617188 -12.998611450195312 0.0
  endloop
endfacet
facet normal 0.0 0.0 0.0
  outer loop
    vertex -63.58650207519531 -11.777359008789062 0.0
    vertex -67.86080932617188 -12.998611450195312 0.0
    vertex -67.28970336914062 -12.571090698242188 0.0
  endloop
endfacet
facet normal 0.0 0.0 0.0
  outer loop
    vertex -63.58650207519531 -11.777359008789062 0.0
    vertex -67.28970336914062 -12.571090698242188 0.0
    vertex -64.58650207519531 -11.777359008789062 0.0
  endloop
endfacet
facet normal 0.0 0.0 0.0
  outer loop
    vertex -64.58650207519531 -11.777359008789062 0.0
    vertex -67.28970336914062 -12.571090698242188 0.0
    vertex -66.66357421875 -12.229194641113281 0.0
  endloop
endfacet
facet normal 0.0 0.0 0.0
  outer loop
    vertex -64.58650207519531 -11.777359008789062 0.0
    vertex -66.66357421875 -12.229194641113281 0.0
    vertex -65.99516296386719 -11.979888916015625 0.0
  endloop
endfacet
facet normal 0.0 0.0 0.0
  outer loop
    vertex -65.99516296386719 -11.979888916015625 0.0
    vertex -65.29808044433594 -11.8282470703125 0.0
    vertex -64.58650207519531 -11.777359008789062 0.0
  endloop
endfacet
facet normal 0.0 0.0 0.0
  outer loop
    vertex 13.96165657043457 -14.700279235839844 0.0
    vertex 13.96165657043457 -55.35443115234375 0.0
    vertex 13.61976432800293 -14.07415771484375 0.0
  endloop
endfacet
facet normal 0.0 0.0 0.0
  outer loop
    vertex 13.61976432800293 -14.07415771484375 0.0
    vertex 13.96165657043457 -55.35443115234375 0.0
    vertex 13.61976432800293 -55.980560302734375 0.0
  endloop
endfacet
facet normal 0.0 0.0 0.0
  outer loop
    vertex 13.61976432800293 -14.07415771484375 0.0
    vertex 13.61976432800293 -55.980560302734375 0.0
    vertex -69.58650207519531 -16.777359008789062 0.0
  endloop
endfacet
facet normal 0.0 0.0 0.0
  outer loop
    vertex -69.58650207519531 -16.777359008789062 0.0
    vertex 13.61976432800293 -55.980560302734375 0.0
    vertex -69.58650207519531 -53.27735900878906 0.0
  endloop
endfacet
facet normal 0.0 0.0 0.0
  outer loop
    vertex -69.58650207519531 -53.27735900878906 0.0
    vertex 13.61976432800293 -55.980560302734375 0.0
    vertex 9.413496017456055 -58.27735900878906 0.0
  endloop
endfacet
facet normal 0.0 0.0 0.0
  outer loop
    vertex -69.58650207519531 -53.27735900878906 0.0
    vertex 9.413496017456055 -58.27735900878906 0.0
    vertex -63.58650207519531 -58.27735900878906 0.0
  endloop
endfacet
facet normal 0.0 0.0 0.0
  outer loop
    vertex 13.96165657043457 -55.35443115234375 0.0
    vertex 13.96165657043457 -14.700279235839844 0.0
    vertex 14.210962295532227 -54.68601989746094 0.0
  endloop
endfacet
facet normal 0.0 0.0 0.0
  outer loop
    vertex 14.210962295532227 -54.68601989746094 0.0
    vertex 13.96165657043457 -14.700279235839844 0.0
    vertex 14.210962295532227 -15.368698120117188 0.0
  endloop
endfacet
facet normal 0.0 0.0 0.0
  outer loop
    vertex 14.210962295532227 -54.68601989746094 0.0
    vertex 14.210962295532227 -15.368698120117188 0.0
    vertex 14.362604141235352 -53.988929748535156 0.0
  endloop
endfacet
facet normal 0.0 0.0 0.0
  outer loop
    vertex 14.362604141235352 -53.988929748535156 0.0
    vertex 14.210962295532227 -15.368698120117188 0.0
    vertex 14.362604141235352 -16.065780639648438 0.0
  endloop
endfacet
facet normal 0.0 0.0 0.0
  outer loop
    vertex 14.362604141235352 -53.988929748535156 0.0
    vertex 14.362604141235352 -16.065780639648438 0.0
    vertex 14.413496017456055 -53.27735900878906 0.0
  endloop
endfacet
facet normal 0.0 0.0 0.0
  outer loop
    vertex 14.413496017456055 -53.27735900878906 0.0
    vertex 14.362604141235352 -16.065780639648438 0.0
    vertex 14.413496017456055 -16.777359008789062 0.0
  endloop
endfacet
facet normal 0.0 0.0 0.0
  outer loop
    vertex 13.61976432800293 -55.980560302734375 0.0
    vertex 13.192243576049805 -56.551658630371094 0.0
    vertex 9.413496017456055 -58.27735900878906 0.0
  endloop
endfacet
facet normal 0.0 0.0 0.0
  outer loop
    vertex 9.413496017456055 -58.27735900878906 0.0
    vertex 13.192243576049805 -56.551658630371094 0.0
    vertex 12.687799453735352 -57.05610656738281 0.0
  endloop
endfacet
facet normal 0.0 0.0 0.0
  outer loop
    vertex 9.413496017456055 -58.27735900878906 0.0
    vertex 12.687799453735352 -57.05610656738281 0.0
    vertex 12.116701126098633 -57.48362731933594 0.0
  endloop
endfacet
facet normal 0.0 0.0 0.0
  outer loop
    vertex 12.116701126098633 -57.48362731933594 0.0
    vertex 11.490571975708008 -57.82551574707031 0.0
    vertex 9.413496017456055 -58.27735900878906 0.0
  endloop
endfacet
facet normal 0.0 0.0 0.0
  outer loop
    vertex 9.413496017456055 -58.27735900878906 0.0
    vertex 11.490571975708008 -57.82551574707031 0.0
    vertex 10.82215690612793 -58.07482147216797 0.0
  endloop
endfacet
facet normal 0.0 0.0 0.0
  outer loop
    vertex 9.413496017456055 -58.27735900878906 0.0
    vertex 10.82215690612793 -58.07482147216797 0.0
    vertex 10.125070571899414 -58.226463317871094 0.0
  endloop
endfacet
facet normal 0.0 0.0 0.0
  outer loop
    vertex -64.58650207519531 -58.27735900878906 0.0
    vertex -67.28970336914062 -57.48362731933594 0.0
    vertex -63.58650207519531 -58.27735900878906 0.0
  endloop
endfacet
facet normal 0.0 0.0 0.0
  outer loop
    vertex -63.58650207519531 -58.27735900878906 0.0
    vertex -67.28970336914062 -57.48362731933594 0.0
    vertex -67.86080932617188 -57.05610656738281 0.0
  endloop
endfacet
facet normal 0.0 0.0 0.0
  outer loop
    vertex -63.58650207519531 -58.27735900878906 0.0
    vertex -67.86080932617188 -57.05610656738281 0.0
    vertex -68.36524963378906 -56.551658630371094 0.0
  endloop
endfacet
facet normal 0.0 0.0 0.0
  outer loop
    vertex -65.29808044433594 -58.226463317871094 0.0
    vertex -65.99516296386719 -58.07482147216797 0.0
    vertex -64.58650207519531 -58.27735900878906 0.0
  endloop
endfacet
facet normal 0.0 0.0 0.0
  outer loop
    vertex -64.58650207519531 -58.27735900878906 0.0
    vertex -65.99516296386719 -58.07482147216797 0.0
    vertex -66.66357421875 -57.82551574707031 0.0
  endloop
endfacet
facet normal 0.0 0.0 0.0
  outer loop
    vertex -64.58650207519531 -58.27735900878906 0.0
    vertex -66.66357421875 -57.82551574707031 0.0
    vertex -67.28970336914062 -57.48362731933594 0.0
  endloop
endfacet
facet normal 0.0 0.0 0.0
  outer loop
    vertex -68.36524963378906 -56.551658630371094 0.0
    vertex -68.79277038574219 -55.980560302734375 0.0
    vertex -63.58650207519531 -58.27735900878906 0.0
  endloop
endfacet
facet normal 0.0 0.0 0.0
  outer loop
    vertex -63.58650207519531 -58.27735900878906 0.0
    vertex -68.79277038574219 -55.980560302734375 0.0
    vertex -69.13465881347656 -55.35443115234375 0.0
  endloop
endfacet
facet normal 0.0 0.0 0.0
  outer loop
    vertex -63.58650207519531 -58.27735900878906 0.0
    vertex -69.13465881347656 -55.35443115234375 0.0
    vertex -69.38397216796875 -54.68601989746094 0.0
  endloop
endfacet
facet normal 0.0 0.0 0.0
  outer loop
    vertex -69.38397216796875 -54.68601989746094 0.0
    vertex -69.53561401367188 -53.988929748535156 0.0
    vertex -63.58650207519531 -58.27735900878906 0.0
  endloop
endfacet
facet normal 0.0 0.0 0.0
  outer loop
    vertex -63.58650207519531 -58.27735900878906 0.0
    vertex -69.53561401367188 -53.988929748535156 0.0
    vertex -69.58650207519531 -53.27735900878906 0.0
  endloop
endfacet
facet normal 0.0 0.0 0.0
  outer loop
    vertex -5.086503982543945 -58.27735900878906 5.0
    vertex 9.413496017456055 -58.27735900878906 5.0
    vertex -5.086503982543945 -53.27735900878906 5.0
  endloop
endfacet
facet normal 0.0 0.0 0.0
  outer loop
    vertex -5.086503982543945 -53.27735900878906 5.0
    vertex 9.413496017456055 -58.27735900878906 5.0
    vertex 14.413496017456055 -53.27735900878906 5.0
  endloop
endfacet
facet normal 0.0 0.0 0.0
  outer loop
    vertex -5.086503982543945 -53.27735900878906 5.0
    vertex 14.413496017456055 -53.27735900878906 5.0
    vertex 14.413496017456055 -16.777359008789062 5.0
  endloop
endfacet
facet normal 0.0 0.0 0.0
  outer loop
    vertex 10.125070571899414 -58.226463317871094 5.0
    vertex 10.82215690612793 -58.07482147216797 5.0
    vertex 9.413496017456055 -58.27735900878906 5.0
  endloop
endfacet
facet normal 0.0 0.0 0.0
  outer loop
    vertex 9.413496017456055 -58.27735900878906 5.0
    vertex 10.82215690612793 -58.07482147216797 5.0
    vertex 11.490571975708008 -57.82551574707031 5.0
  endloop
endfacet
facet normal 0.0 0.0 0.0
  outer loop
    vertex 9.413496017456055 -58.27735900878906 5.0
    vertex 11.490571975708008 -57.82551574707031 5.0
    vertex 12.116701126098633 -57.48362731933594 5.0
  endloop
endfacet
facet normal 0.0 0.0 0.0
  outer loop
    vertex 12.116701126098633 -57.48362731933594 5.0
    vertex 12.687799453735352 -57.05610656738281 5.0
    vertex 9.413496017456055 -58.27735900878906 5.0
  endloop
endfacet
facet normal 0.0 0.0 0.0
  outer loop
    vertex 9.413496017456055 -58.27735900878906 5.0
    vertex 12.687799453735352 -57.05610656738281 5.0
    vertex 13.192243576049805 -56.551658630371094 5.0
  endloop
endfacet
facet normal 0.0 0.0 0.0
  outer loop
    vertex 9.413496017456055 -58.27735900878906 5.0
    vertex 13.192243576049805 -56.551658630371094 5.0
    vertex 13.61976432800293 -55.980560302734375 5.0
  endloop
endfacet
facet normal 0.0 0.0 0.0
  outer loop
    vertex 13.61976432800293 -55.980560302734375 5.0
    vertex 13.96165657043457 -55.35443115234375 5.0
    vertex 9.413496017456055 -58.27735900878906 5.0
  endloop
endfacet
facet normal 0.0 0.0 0.0
  outer loop
    vertex 9.413496017456055 -58.27735900878906 5.0
    vertex 13.96165657043457 -55.35443115234375 5.0
    vertex 14.210962295532227 -54.68601989746094 5.0
  endloop
endfacet
facet normal 0.0 0.0 0.0
  outer loop
    vertex 9.413496017456055 -58.27735900878906 5.0
    vertex 14.210962295532227 -54.68601989746094 5.0
    vertex 14.362604141235352 -53.988929748535156 5.0
  endloop
endfacet
facet normal 0.0 0.0 0.0
  outer loop
    vertex 14.362604141235352 -53.988929748535156 5.0
    vertex 14.413496017456055 -53.27735900878906 5.0
    vertex 9.413496017456055 -58.27735900878906 5.0
  endloop
endfacet
facet normal 0.0 0.0 0.0
  outer loop
    vertex 14.362604141235352 -16.065780639648438 5.0
    vertex 9.413496017456055 -11.777359008789062 5.0
    vertex 14.413496017456055 -16.777359008789062 5.0
  endloop
endfacet
facet normal 0.0 0.0 0.0
  outer loop
    vertex 14.413496017456055 -16.777359008789062 5.0
    vertex 9.413496017456055 -11.777359008789062 5.0
    vertex -5.086503982543945 -16.777359008789062 5.0
  endloop
endfacet
facet normal 0.0 0.0 0.0
  outer loop
    vertex 14.413496017456055 -16.777359008789062 5.0
    vertex -5.086503982543945 -16.777359008789062 5.0
    vertex -5.086503982543945 -53.27735900878906 5.0
  endloop
endfacet
facet normal 0.0 0.0 0.0
  outer loop
    vertex -5.086503982543945 -53.27735900878906 5.0
    vertex -5.086503982543945 -16.777359008789062 5.0
    vertex -43.08650207519531 -53.27735900878906 5.0
  endloop
endfacet
facet normal 0.0 0.0 0.0
  outer loop
    vertex -43.08650207519531 -53.27735900878906 5.0
    vertex -5.086503982543945 -16.777359008789062 5.0
    vertex -43.08650207519531 -16.777359008789062 5.0
  endloop
endfacet
facet normal 0.0 0.0 0.0
  outer loop
    vertex -43.08650207519531 -53.27735900878906 5.0
    vertex -43.08650207519531 -16.777359008789062 5.0
    vertex -63.58650207519531 -53.27735900878906 5.0
  endloop
endfacet
facet normal 0.0 0.0 0.0
  outer loop
    vertex -63.58650207519531 -53.27735900878906 5.0
    vertex -43.08650207519531 -16.777359008789062 5.0
    vertex -63.58650207519531 -16.777359008789062 5.0
  endloop
endfacet
facet normal 0.0 0.0 0.0
  outer loop
    vertex -63.58650207519531 -53.27735900878906 5.0
    vertex -63.58650207519531 -16.777359008789062 5.0
    vertex -64.58650207519531 -53.27735900878906 5.0
  endloop
endfacet
facet normal 0.0 0.0 0.0
  outer loop
    vertex -64.58650207519531 -53.27735900878906 5.0
    vertex -63.58650207519531 -16.777359008789062 5.0
    vertex -64.58650207519531 -16.777359008789062 5.0
  endloop
endfacet
facet normal 0.0 0.0 0.0
  outer loop
    vertex 14.362604141235352 -16.065780639648438 5.0
    vertex 14.210962295532227 -15.368698120117188 5.0
    vertex 9.413496017456055 -11.777359008789062 5.0
  endloop
endfacet
facet normal 0.0 0.0 0.0
  outer loop
    vertex 9.413496017456055 -11.777359008789062 5.0
    vertex 14.210962295532227 -15.368698120117188 5.0
    vertex 13.96165657043457 -14.700279235839844 5.0
  endloop
endfacet
facet normal 0.0 0.0 0.0
  outer loop
    vertex 9.413496017456055 -11.777359008789062 5.0
    vertex 13.96165657043457 -14.700279235839844 5.0
    vertex 13.61976432800293 -14.07415771484375 5.0
  endloop
endfacet
facet normal 0.0 0.0 0.0
  outer loop
    vertex 13.61976432800293 -14.07415771484375 5.0
    vertex 13.192243576049805 -13.5030517578125 5.0
    vertex 9.413496017456055 -11.777359008789062 5.0
  endloop
endfacet
facet normal 0.0 0.0 0.0
  outer loop
    vertex 9.413496017456055 -11.777359008789062 5.0
    vertex 13.192243576049805 -13.5030517578125 5.0
    vertex 12.687799453735352 -12.998611450195312 5.0
  endloop
endfacet
facet normal 0.0 0.0 0.0
  outer loop
    vertex 9.413496017456055 -11.777359008789062 5.0
    vertex 12.687799453735352 -12.998611450195312 5.0
    vertex 12.116701126098633 -12.571090698242188 5.0
  endloop
endfacet
facet normal 0.0 0.0 0.0
  outer loop
    vertex 12.116701126098633 -12.571090698242188 5.0
    vertex 11.490571975708008 -12.229194641113281 5.0
    vertex 9.413496017456055 -11.777359008789062 5.0
  endloop
endfacet
facet normal 0.0 0.0 0.0
  outer loop
    vertex 9.413496017456055 -11.777359008789062 5.0
    vertex 11.490571975708008 -12.229194641113281 5.0
    vertex 10.82215690612793 -11.979888916015625 5.0
  endloop
endfacet
facet normal 0.0 0.0 0.0
  outer loop
    vertex 9.413496017456055 -11.777359008789062 5.0
    vertex 10.82215690612793 -11.979888916015625 5.0
    vertex 10.125070571899414 -11.8282470703125 5.0
  endloop
endfacet
facet normal 0.0 0.0 0.0
  outer loop
    vertex 9.413496017456055 -11.777359008789062 5.0
    vertex -5.086503982543945 -11.777359008789062 5.0
    vertex -5.086503982543945 -16.777359008789062 5.0
  endloop
endfacet
facet normal 0.0 0.0 0.0
  outer loop
    vertex -43.08650207519531 -16.777359008789062 5.0
    vertex -43.08650207519531 -11.777359008789062 5.0
    vertex -63.58650207519531 -16.777359008789062 5.0
  endloop
endfacet
facet normal 0.0 0.0 0.0
  outer loop
    vertex -63.58650207519531 -16.777359008789062 5.0
    vertex -43.08650207519531 -11.777359008789062 5.0
    vertex -63.58650207519531 -11.777359008789062 5.0
  endloop
endfacet
facet normal 0.0 0.0 0.0
  outer loop
    vertex -63.58650207519531 -53.27735900878906 5.0
    vertex -63.58650207519531 -58.27735900878906 5.0
    vertex -43.08650207519531 -53.27735900878906 5.0
  endloop
endfacet
facet normal 0.0 0.0 0.0
  outer loop
    vertex -43.08650207519531 -53.27735900878906 5.0
    vertex -63.58650207519531 -58.27735900878906 5.0
    vertex -43.08650207519531 -58.27735900878906 5.0
  endloop
endfacet
facet normal 0.0 0.0 0.0
  outer loop
    vertex -47.614097595214844 32.83088302612305 6.999998092651367
    vertex -47.614097595214844 34.83088302612305 6.999998092651367
    vertex -25.614097595214844 32.83088302612305 6.999998092651367
  endloop
endfacet
facet normal 0.0 0.0 0.0
  outer loop
    vertex -25.614097595214844 32.83088302612305 6.999998092651367
    vertex -47.614097595214844 34.83088302612305 6.999998092651367
    vertex -25.614097595214844 34.83088302612305 6.999998092651367
  endloop
endfacet
facet normal 0.0 0.0 0.0
  outer loop
    vertex -47.614097595214844 34.83088302612305 6.999998092651367
    vertex -47.614097595214844 33.50800704956055 8.499998092651367
    vertex -25.614097595214844 34.83088302612305 6.999998092651367
  endloop
endfacet
facet normal 0.0 0.0 0.0
  outer loop
    vertex -25.614097595214844 34.83088302612305 6.999998092651367
    vertex -47.614097595214844 33.50800704956055 8.499998092651367
    vertex -25.614097595214844 33.50800704956055 8.499998092651367
  endloop
endfacet
facet normal 0.0 0.0 0.0
  outer loop
    vertex -47.614097595214844 3.1537628173828125 8.499999046325684
    vertex -47.614097595214844 1.8308868408203125 6.999999523162842
    vertex -25.614097595214844 3.1537628173828125 8.499999046325684
  endloop
endfacet
facet normal 0.0 0.0 0.0
  outer loop
    vertex -25.614097595214844 3.1537628173828125 8.499999046325684
    vertex -47.614097595214844 1.8308868408203125 6.999999523162842
    vertex -25.614097595214844 1.8308868408203125 6.999999523162842
  endloop
endfacet
facet normal 0.0 0.0 0.0
  outer loop
    vertex -47.614097595214844 1.8308868408203125 6.999999523162842
    vertex -47.614097595214844 3.8308868408203125 6.999999046325684
    vertex -25.614097595214844 1.8308868408203125 6.999999523162842
  endloop
endfacet
facet normal 0.0 0.0 0.0
  outer loop
    vertex -25.614097595214844 1.8308868408203125 6.999999523162842
    vertex -47.614097595214844 3.8308868408203125 6.999999046325684
    vertex -25.614097595214844 3.8308868408203125 6.999999046325684
  endloop
endfacet
facet normal 0.0 0.0 0.0
  outer loop
    vertex -47.614097595214844 7.080885887145996 4.499999523162842
    vertex -47.614097595214844 7.080885887145996 8.499999046325684
    vertex -25.614097595214844 7.080885887145996 4.499999523162842
  endloop
endfacet
facet normal 0.0 0.0 0.0
  outer loop
    vertex -25.614097595214844 7.080885887145996 4.499999523162842
    vertex -47.614097595214844 7.080885887145996 8.499999046325684
    vertex -25.614097595214844 7.080885887145996 8.499999046325684
  endloop
endfacet
facet normal 0.0 0.0 0.0
  outer loop
    vertex -47.614097595214844 29.580883026123047 8.499998092651367
    vertex -47.614097595214844 29.580883026123047 4.499998569488525
    vertex -25.614097595214844 29.580883026123047 8.499998092651367
  endloop
endfacet
facet normal 0.0 0.0 0.0
  outer loop
    vertex -25.614097595214844 29.580883026123047 8.499998092651367
    vertex -47.614097595214844 29.580883026123047 4.499998569488525
    vertex -25.614097595214844 29.580883026123047 4.499998569488525
  endloop
endfacet
facet normal 0.0 0.0 0.0
  outer loop
    vertex -25.614097595214844 3.8308868408203125 4.499999523162842
    vertex -24.114097595214844 2.3308868408203125 4.499999523162842
    vertex -25.614097595214844 7.080885887145996 4.499999523162842
  endloop
endfacet
facet normal 0.0 0.0 0.0
  outer loop
    vertex -25.614097595214844 7.080885887145996 4.499999523162842
    vertex -24.114097595214844 2.3308868408203125 4.499999523162842
    vertex -24.114097595214844 34.33088302612305 4.499998569488525
  endloop
endfacet
facet normal 0.0 0.0 0.0
  outer loop
    vertex -25.614097595214844 7.080885887145996 4.499999523162842
    vertex -24.114097595214844 34.33088302612305 4.499998569488525
    vertex -25.614097595214844 29.580883026123047 4.499998569488525
  endloop
endfacet
facet normal 0.0 0.0 0.0
  outer loop
    vertex -25.614097595214844 29.580883026123047 4.499998569488525
    vertex -24.114097595214844 34.33088302612305 4.499998569488525
    vertex -25.614097595214844 32.83088302612305 4.499998569488525
  endloop
endfacet
facet normal 0.0 0.0 0.0
  outer loop
    vertex -25.614097595214844 32.83088302612305 4.499998569488525
    vertex -24.114097595214844 34.33088302612305 4.499998569488525
    vertex -49.114097595214844 34.33088302612305 4.499998569488525
  endloop
endfacet
facet normal 0.0 0.0 0.0
  outer loop
    vertex -25.614097595214844 32.83088302612305 4.499998569488525
    vertex -49.114097595214844 34.33088302612305 4.499998569488525
    vertex -47.614097595214844 32.83088302612305 4.499998569488525
  endloop
endfacet
facet normal 0.0 0.0 0.0
  outer loop
    vertex -47.614097595214844 32.83088302612305 4.499998569488525
    vertex -49.114097595214844 34.33088302612305 4.499998569488525
    vertex -47.614097595214844 29.580883026123047 4.499998569488525
  endloop
endfacet
facet normal 0.0 0.0 0.0
  outer loop
    vertex -47.614097595214844 29.580883026123047 4.499998569488525
    vertex -49.114097595214844 34.33088302612305 4.499998569488525
    vertex -47.614097595214844 7.080885887145996 4.499999523162842
  endloop
endfacet
facet normal 0.0 0.0 0.0
  outer loop
    vertex -47.614097595214844 29.580883026123047 4.499998569488525
    vertex -47.614097595214844 7.080885887145996 4.499999523162842
    vertex -25.614097595214844 7.080885887145996 4.499999523162842
  endloop
endfacet
facet normal 0.0 0.0 0.0
  outer loop
    vertex -25.614097595214844 3.8308868408203125 4.499999523162842
    vertex -47.614097595214844 3.8308868408203125 4.499999523162842
    vertex -24.114097595214844 2.3308868408203125 4.499999523162842
  endloop
endfacet
facet normal 0.0 0.0 0.0
  outer loop
    vertex -24.114097595214844 2.3308868408203125 4.499999523162842
    vertex -47.614097595214844 3.8308868408203125 4.499999523162842
    vertex -49.114097595214844 2.3308868408203125 4.499999523162842
  endloop
endfacet
facet normal 0.0 0.0 0.0
  outer loop
    vertex -49.114097595214844 2.3308868408203125 4.499999523162842
    vertex -47.614097595214844 3.8308868408203125 4.499999523162842
    vertex -47.614097595214844 7.080885887145996 4.499999523162842
  endloop
endfacet
facet normal 0.0 0.0 0.0
  outer loop
    vertex -49.114097595214844 2.3308868408203125 4.499999523162842
    vertex -47.614097595214844 7.080885887145996 4.499999523162842
    vertex -49.114097595214844 34.33088302612305 4.499998569488525
  endloop
endfacet
facet normal 0.0 0.0 0.0
  outer loop
    vertex -25.614097595214844 29.580883026123047 4.499998569488525
    vertex -47.614097595214844 29.580883026123047 4.499998569488525
    vertex -25.614097595214844 7.080885887145996 4.499999523162842
  endloop
endfacet
facet normal 0.0 0.0 0.0
  outer loop
    vertex -25.614097595214844 3.8308868408203125 4.499999523162842
    vertex -25.614097595214844 7.080885887145996 4.499999523162842
    vertex -25.614097595214844 3.8308868408203125 6.999999046325684
  endloop
endfacet
facet normal 0.0 0.0 0.0
  outer loop
    vertex -25.614097595214844 3.8308868408203125 6.999999046325684
    vertex -25.614097595214844 7.080885887145996 4.499999523162842
    vertex -25.614097595214844 7.080885887145996 8.499999046325684
  endloop
endfacet
facet normal 0.0 0.0 0.0
  outer loop
    vertex -25.614097595214844 3.8308868408203125 6.999999046325684
    vertex -25.614097595214844 7.080885887145996 8.499999046325684
    vertex -25.614097595214844 3.1537628173828125 8.499999046325684
  endloop
endfacet
facet normal 0.0 0.0 0.0
  outer loop
    vertex -25.614097595214844 3.1537628173828125 8.499999046325684
    vertex -25.614097595214844 1.8308868408203125 6.999999523162842
    vertex -25.614097595214844 3.8308868408203125 6.999999046325684
  endloop
endfacet
facet normal 0.0 0.0 0.0
  outer loop
    vertex -25.614097595214844 7.080885887145996 8.499999046325684
    vertex -47.614097595214844 7.080885887145996 8.499999046325684
    vertex -25.614097595214844 3.1537628173828125 8.499999046325684
  endloop
endfacet
facet normal 0.0 0.0 0.0
  outer loop
    vertex -25.614097595214844 3.1537628173828125 8.499999046325684
    vertex -47.614097595214844 7.080885887145996 8.499999046325684
    vertex -47.614097595214844 3.1537628173828125 8.499999046325684
  endloop
endfacet
facet normal 0.0 0.0 0.0
  outer loop
    vertex -47.614097595214844 3.1537628173828125 8.499999046325684
    vertex -47.614097595214844 7.080885887145996 8.499999046325684
    vertex -47.614097595214844 3.8308868408203125 6.999999046325684
  endloop
endfacet
facet normal 0.0 0.0 0.0
  outer loop
    vertex -47.614097595214844 3.8308868408203125 6.999999046325684
    vertex -47.614097595214844 7.080885887145996 8.499999046325684
    vertex -47.614097595214844 7.080885887145996 4.499999523162842
  endloop
endfacet
facet normal 0.0 0.0 0.0
  outer loop
    vertex -47.614097595214844 3.8308868408203125 6.999999046325684
    vertex -47.614097595214844 7.080885887145996 4.499999523162842
    vertex -47.614097595214844 3.8308868408203125 4.499999523162842
  endloop
endfacet
facet normal 0.0 0.0 0.0
  outer loop
    vertex -47.614097595214844 3.8308868408203125 6.999999046325684
    vertex -47.614097595214844 1.8308868408203125 6.999999523162842
    vertex -47.614097595214844 3.1537628173828125 8.499999046325684
  endloop
endfacet
facet normal 0.0 0.0 0.0
  outer loop
    vertex -47.614097595214844 32.83088302612305 6.999998092651367
    vertex -25.614097595214844 32.83088302612305 6.999998092651367
    vertex -47.614097595214844 32.83088302612305 4.499998569488525
  endloop
endfacet
facet normal 0.0 0.0 0.0
  outer loop
    vertex -47.614097595214844 32.83088302612305 4.499998569488525
    vertex -25.614097595214844 32.83088302612305 6.999998092651367
    vertex -25.614097595214844 32.83088302612305 4.499998569488525
  endloop
endfacet
facet normal 0.0 0.0 0.0
  outer loop
    vertex -25.614097595214844 33.50800704956055 8.499998092651367
    vertex -25.614097595214844 29.580883026123047 8.499998092651367
    vertex -25.614097595214844 32.83088302612305 6.999998092651367
  endloop
endfacet
facet normal 0.0 0.0 0.0
  outer loop
    vertex -25.614097595214844 32.83088302612305 6.999998092651367
    vertex -25.614097595214844 29.580883026123047 8.499998092651367
    vertex -25.614097595214844 29.580883026123047 4.499998569488525
  endloop
endfacet
facet normal 0.0 0.0 0.0
  outer loop
    vertex -25.614097595214844 32.83088302612305 6.999998092651367
    vertex -25.614097595214844 29.580883026123047 4.499998569488525
    vertex -25.614097595214844 32.83088302612305 4.499998569488525
  endloop
endfacet
facet normal 0.0 0.0 0.0
  outer loop
    vertex -25.614097595214844 32.83088302612305 6.999998092651367
    vertex -25.614097595214844 34.83088302612305 6.999998092651367
    vertex -25.614097595214844 33.50800704956055 8.499998092651367
  endloop
endfacet
facet normal 0.0 0.0 0.0
  outer loop
    vertex -25.614097595214844 3.8308868408203125 6.999999046325684
    vertex -47.614097595214844 3.8308868408203125 6.999999046325684
    vertex -25.614097595214844 3.8308868408203125 4.499999523162842
  endloop
endfacet
facet normal 0.0 0.0 0.0
  outer loop
    vertex -25.614097595214844 3.8308868408203125 4.499999523162842
    vertex -47.614097595214844 3.8308868408203125 6.999999046325684
    vertex -47.614097595214844 3.8308868408203125 4.499999523162842
  endloop
endfacet
facet normal 0.0 0.0 0.0
  outer loop
    vertex -47.614097595214844 32.83088302612305 4.499998569488525
    vertex -47.614097595214844 29.580883026123047 4.499998569488525
    vertex -47.614097595214844 32.83088302612305 6.999998092651367
  endloop
endfacet
facet normal 0.0 0.0 0.0
  outer loop
    vertex -47.614097595214844 32.83088302612305 6.999998092651367
    vertex -47.614097595214844 29.580883026123047 4.499998569488525
    vertex -47.614097595214844 29.580883026123047 8.499998092651367
  endloop
endfacet
facet normal 0.0 0.0 0.0
  outer loop
    vertex -47.614097595214844 32.83088302612305 6.999998092651367
    vertex -47.614097595214844 29.580883026123047 8.499998092651367
    vertex -47.614097595214844 33.50800704956055 8.499998092651367
  endloop
endfacet
facet normal 0.0 0.0 0.0
  outer loop
    vertex -47.614097595214844 33.50800704956055 8.499998092651367
    vertex -47.614097595214844 34.83088302612305 6.999998092651367
    vertex -47.614097595214844 32.83088302612305 6.999998092651367
  endloop
endfacet
facet normal 0.0 0.0 0.0
  outer loop
    vertex -47.614097595214844 29.580883026123047 8.499998092651367
    vertex -25.614097595214844 29.580883026123047 8.499998092651367
    vertex -47.614097595214844 33.50800704956055 8.499998092651367
  endloop
endfacet
facet normal 0.0 0.0 0.0
  outer loop
    vertex -47.614097595214844 33.50800704956055 8.499998092651367
    vertex -25.614097595214844 29.580883026123047 8.499998092651367
    vertex -25.614097595214844 33.50800704956055 8.499998092651367
  endloop
endfacet
facet normal 0.0 0.0 0.0
  outer loop
    vertex -49.114097595214844 2.3308868408203125 4.499999523162842
    vertex -49.114097595214844 34.33088302612305 4.499998569488525
    vertex -49.114097595214844 2.3308868408203125 2.0
  endloop
endfacet
facet normal 0.0 0.0 0.0
  outer loop
    vertex -49.114097595214844 2.3308868408203125 2.0
    vertex -49.114097595214844 34.33088302612305 4.499998569488525
    vertex -49.114097595214844 34.33088302612305 1.9999985694885254
  endloop
endfacet
facet normal 0.0 0.0 0.0
  outer loop
    vertex -24.114097595214844 2.3308868408203125 4.499999523162842
    vertex -49.114097595214844 2.3308868408203125 4.499999523162842
    vertex -24.114097595214844 2.3308868408203125 2.0
  endloop
endfacet
facet normal 0.0 0.0 0.0
  outer loop
    vertex -24.114097595214844 2.3308868408203125 2.0
    vertex -49.114097595214844 2.3308868408203125 4.499999523162842
    vertex -49.114097595214844 2.3308868408203125 2.0
  endloop
endfacet
facet normal 0.0 0.0 0.0
  outer loop
    vertex -24.114097595214844 34.33088302612305 4.499998569488525
    vertex -24.114097595214844 2.3308868408203125 4.499999523162842
    vertex -24.114097595214844 34.33088302612305 1.9999985694885254
  endloop
endfacet
facet normal 0.0 0.0 0.0
  outer loop
    vertex -24.114097595214844 34.33088302612305 1.9999985694885254
    vertex -24.114097595214844 2.3308868408203125 4.499999523162842
    vertex -24.114097595214844 2.3308868408203125 2.0
  endloop
endfacet
facet normal 0.0 0.0 0.0
  outer loop
    vertex -49.114097595214844 34.33088302612305 4.499998569488525
    vertex -24.114097595214844 34.33088302612305 4.499998569488525
    vertex -49.114097595214844 34.33088302612305 1.9999985694885254
  endloop
endfacet
facet normal 0.0 0.0 0.0
  outer loop
    vertex -49.114097595214844 34.33088302612305 1.9999985694885254
    vertex -24.114097595214844 34.33088302612305 4.499998569488525
    vertex -24.114097595214844 34.33088302612305 1.9999985694885254
  endloop
endfacet
facet normal 0.0 0.0 0.0
  outer loop
    vertex -49.114097595214844 34.33088302612305 1.9999985694885254
    vertex -24.114097595214844 34.33088302612305 1.9999985694885254
    vertex -49.114097595214844 2.3308868408203125 2.0
  endloop
endfacet
facet normal 0.0 0.0 0.0
  outer loop
    vertex -49.114097595214844 2.3308868408203125 2.0
    vertex -24.114097595214844 34.33088302612305 1.9999985694885254
    vertex -24.114097595214844 2.3308868408203125 2.0
  endloop
endfacet
facet normal 0.0 0.0 0.0
  outer loop
    vertex -18.114097595214844 32.83088302612305 6.999998092651367
    vertex -18.114097595214844 34.83088302612305 6.999998092651367
    vertex 3.8859024047851562 32.83088302612305 6.999998092651367
  endloop
endfacet
facet normal 0.0 0.0 0.0
  outer loop
    vertex 3.8859024047851562 32.83088302612305 6.999998092651367
    vertex -18.114097595214844 34.83088302612305 6.999998092651367
    vertex 3.8859024047851562 34.83088302612305 6.999998092651367
  endloop
endfacet
facet normal 0.0 0.0 0.0
  outer loop
    vertex -18.114097595214844 34.83088302612305 6.999998092651367
    vertex -18.114097595214844 33.50800704956055 8.499998092651367
    vertex 3.8859024047851562 34.83088302612305 6.999998092651367
  endloop
endfacet
facet normal 0.0 0.0 0.0
  outer loop
    vertex 3.8859024047851562 34.83088302612305 6.999998092651367
    vertex -18.114097595214844 33.50800704956055 8.499998092651367
    vertex 3.8859024047851562 33.50800704956055 8.499998092651367
  endloop
endfacet
facet normal 0.0 0.0 0.0
  outer loop
    vertex -18.114097595214844 3.1537628173828125 8.499999046325684
    vertex -18.114097595214844 1.8308868408203125 6.999999523162842
    vertex 3.8859024047851562 3.1537628173828125 8.499999046325684
  endloop
endfacet
facet normal 0.0 0.0 0.0
  outer loop
    vertex 3.8859024047851562 3.1537628173828125 8.499999046325684
    vertex -18.114097595214844 1.8308868408203125 6.999999523162842
    vertex 3.8859024047851562 1.8308868408203125 6.999999523162842
  endloop
endfacet
facet normal 0.0 0.0 0.0
  outer loop
    vertex -18.114097595214844 1.8308868408203125 6.999999523162842
    vertex -18.114097595214844 3.8308868408203125 6.999999046325684
    vertex 3.8859024047851562 1.8308868408203125 6.999999523162842
  endloop
endfacet
facet normal 0.0 0.0 0.0
  outer loop
    vertex 3.8859024047851562 1.8308868408203125 6.999999523162842
    vertex -18.114097595214844 3.8308868408203125 6.999999046325684
    vertex 3.8859024047851562 3.8308868408203125 6.999999046325684
  endloop
endfacet
facet normal 0.0 0.0 0.0
  outer loop
    vertex -18.114097595214844 7.080885887145996 4.499999523162842
    vertex -18.114097595214844 7.080885887145996 8.499999046325684
    vertex 3.8859024047851562 7.080885887145996 4.499999523162842
  endloop
endfacet
facet normal 0.0 0.0 0.0
  outer loop
    vertex 3.8859024047851562 7.080885887145996 4.499999523162842
    vertex -18.114097595214844 7.080885887145996 8.499999046325684
    vertex 3.8859024047851562 7.080885887145996 8.499999046325684
  endloop
endfacet
facet normal 0.0 0.0 0.0
  outer loop
    vertex -18.114097595214844 29.580883026123047 8.499998092651367
    vertex -18.114097595214844 29.580883026123047 4.499998569488525
    vertex 3.8859024047851562 29.580883026123047 8.499998092651367
  endloop
endfacet
facet normal 0.0 0.0 0.0
  outer loop
    vertex 3.8859024047851562 29.580883026123047 8.499998092651367
    vertex -18.114097595214844 29.580883026123047 4.499998569488525
    vertex 3.8859024047851562 29.580883026123047 4.499998569488525
  endloop
endfacet
facet normal 0.0 0.0 0.0
  outer loop
    vertex 3.8859024047851562 3.8308868408203125 4.499999523162842
    vertex 5.385902404785156 2.3308868408203125 4.499999523162842
    vertex 3.8859024047851562 7.080885887145996 4.499999523162842
  endloop
endfacet
facet normal 0.0 0.0 0.0
  outer loop
    vertex 3.8859024047851562 7.080885887145996 4.499999523162842
    vertex 5.385902404785156 2.3308868408203125 4.499999523162842
    vertex 5.385902404785156 34.33088302612305 4.499998569488525
  endloop
endfacet
facet normal 0.0 0.0 0.0
  outer loop
    vertex 3.8859024047851562 7.080885887145996 4.499999523162842
    vertex 5.385902404785156 34.33088302612305 4.499998569488525
    vertex 3.8859024047851562 29.580883026123047 4.499998569488525
  endloop
endfacet
facet normal 0.0 0.0 0.0
  outer loop
    vertex 3.8859024047851562 29.580883026123047 4.499998569488525
    vertex 5.385902404785156 34.33088302612305 4.499998569488525
    vertex 3.8859024047851562 32.83088302612305 4.499998569488525
  endloop
endfacet
facet normal 0.0 0.0 0.0
  outer loop
    vertex 3.8859024047851562 32.83088302612305 4.499998569488525
    vertex 5.385902404785156 34.33088302612305 4.499998569488525
    vertex -19.614097595214844 34.33088302612305 4.499998569488525
  endloop
endfacet
facet normal 0.0 0.0 0.0
  outer loop
    vertex 3.8859024047851562 32.83088302612305 4.499998569488525
    vertex -19.614097595214844 34.33088302612305 4.499998569488525
    vertex -18.114097595214844 32.83088302612305 4.499998569488525
  endloop
endfacet
facet normal 0.0 0.0 0.0
  outer loop
    vertex -18.114097595214844 32.83088302612305 4.499998569488525
    vertex -19.614097595214844 34.33088302612305 4.499998569488525
    vertex -18.114097595214844 29.580883026123047 4.499998569488525
  endloop
endfacet
facet normal 0.0 0.0 0.0
  outer loop
    vertex -18.114097595214844 29.580883026123047 4.499998569488525
    vertex -19.614097595214844 34.33088302612305 4.499998569488525
    vertex -18.114097595214844 7.080885887145996 4.499999523162842
  endloop
endfacet
facet normal 0.0 0.0 0.0
  outer loop
    vertex -18.114097595214844 29.580883026123047 4.499998569488525
    vertex -18.114097595214844 7.080885887145996 4.499999523162842
    vertex 3.8859024047851562 7.080885887145996 4.499999523162842
  endloop
endfacet
facet normal 0.0 0.0 0.0
  outer loop
    vertex 3.8859024047851562 3.8308868408203125 4.499999523162842
    vertex -18.114097595214844 3.8308868408203125 4.499999523162842
    vertex 5.385902404785156 2.3308868408203125 4.499999523162842
  endloop
endfacet
facet normal 0.0 0.0 0.0
  outer loop
    vertex 5.385902404785156 2.3308868408203125 4.499999523162842
    vertex -18.114097595214844 3.8308868408203125 4.499999523162842
    vertex -19.614097595214844 2.3308868408203125 4.499999523162842
  endloop
endfacet
facet normal 0.0 0.0 0.0
  outer loop
    vertex -19.614097595214844 2.3308868408203125 4.499999523162842
    vertex -18.114097595214844 3.8308868408203125 4.499999523162842
    vertex -18.114097595214844 7.080885887145996 4.499999523162842
  endloop
endfacet
facet normal 0.0 0.0 0.0
  outer loop
    vertex -19.614097595214844 2.3308868408203125 4.499999523162842
    vertex -18.114097595214844 7.080885887145996 4.499999523162842
    vertex -19.614097595214844 34.33088302612305 4.499998569488525
  endloop
endfacet
facet normal 0.0 0.0 0.0
  outer loop
    vertex 3.8859024047851562 29.580883026123047 4.499998569488525
    vertex -18.114097595214844 29.580883026123047 4.499998569488525
    vertex 3.8859024047851562 7.080885887145996 4.499999523162842
  endloop
endfacet
facet normal 0.0 0.0 0.0
  outer loop
    vertex 3.8859024047851562 3.8308868408203125 4.499999523162842
    vertex 3.8859024047851562 7.080885887145996 4.499999523162842
    vertex 3.8859024047851562 3.8308868408203125 6.999999046325684
  endloop
endfacet
facet normal 0.0 0.0 0.0
  outer loop
    vertex 3.8859024047851562 3.8308868408203125 6.999999046325684
    vertex 3.8859024047851562 7.080885887145996 4.499999523162842
    vertex 3.8859024047851562 7.080885887145996 8.499999046325684
  endloop
endfacet
facet normal 0.0 0.0 0.0
  outer loop
    vertex 3.8859024047851562 3.8308868408203125 6.999999046325684
    vertex 3.8859024047851562 7.080885887145996 8.499999046325684
    vertex 3.8859024047851562 3.1537628173828125 8.499999046325684
  endloop
endfacet
facet normal 0.0 0.0 0.0
  outer loop
    vertex 3.8859024047851562 3.1537628173828125 8.499999046325684
    vertex 3.8859024047851562 1.8308868408203125 6.999999523162842
    vertex 3.8859024047851562 3.8308868408203125 6.999999046325684
  endloop
endfacet
facet normal 0.0 0.0 0.0
  outer loop
    vertex 3.8859024047851562 7.080885887145996 8.499999046325684
    vertex -18.114097595214844 7.080885887145996 8.499999046325684
    vertex 3.8859024047851562 3.1537628173828125 8.499999046325684
  endloop
endfacet
facet normal 0.0 0.0 0.0
  outer loop
    vertex 3.8859024047851562 3.1537628173828125 8.499999046325684
    vertex -18.114097595214844 7.080885887145996 8.499999046325684
    vertex -18.114097595214844 3.1537628173828125 8.499999046325684
  endloop
endfacet
facet normal 0.0 0.0 0.0
  outer loop
    vertex -18.114097595214844 3.1537628173828125 8.499999046325684
    vertex -18.114097595214844 7.080885887145996 8.499999046325684
    vertex -18.114097595214844 3.8308868408203125 6.999999046325684
  endloop
endfacet
facet normal 0.0 0.0 0.0
  outer loop
    vertex -18.114097595214844 3.8308868408203125 6.999999046325684
    vertex -18.114097595214844 7.080885887145996 8.499999046325684
    vertex -18.114097595214844 7.080885887145996 4.499999523162842
  endloop
endfacet
facet normal 0.0 0.0 0.0
  outer loop
    vertex -18.114097595214844 3.8308868408203125 6.999999046325684
    vertex -18.114097595214844 7.080885887145996 4.499999523162842
    vertex -18.114097595214844 3.8308868408203125 4.499999523162842
  endloop
endfacet
facet normal 0.0 0.0 0.0
  outer loop
    vertex -18.114097595214844 3.8308868408203125 6.999999046325684
    vertex -18.114097595214844 1.8308868408203125 6.999999523162842
    vertex -18.114097595214844 3.1537628173828125 8.499999046325684
  endloop
endfacet
facet normal 0.0 0.0 0.0
  outer loop
    vertex -18.114097595214844 32.83088302612305 6.999998092651367
    vertex 3.8859024047851562 32.83088302612305 6.999998092651367
    vertex -18.114097595214844 32.83088302612305 4.499998569488525
  endloop
endfacet
facet normal 0.0 0.0 0.0
  outer loop
    vertex -18.114097595214844 32.83088302612305 4.499998569488525
    vertex 3.8859024047851562 32.83088302612305 6.999998092651367
    vertex 3.8859024047851562 32.83088302612305 4.499998569488525
  endloop
endfacet
facet normal 0.0 0.0 0.0
  outer loop
    vertex 3.8859024047851562 33.50800704956055 8.499998092651367
    vertex 3.8859024047851562 29.580883026123047 8.499998092651367
    vertex 3.8859024047851562 32.83088302612305 6.999998092651367
  endloop
endfacet
facet normal 0.0 0.0 0.0
  outer loop
    vertex 3.8859024047851562 32.83088302612305 6.999998092651367
    vertex 3.8859024047851562 29.580883026123047 8.499998092651367
    vertex 3.8859024047851562 29.580883026123047 4.499998569488525
  endloop
endfacet
facet normal 0.0 0.0 0.0
  outer loop
    vertex 3.8859024047851562 32.83088302612305 6.999998092651367
    vertex 3.8859024047851562 29.580883026123047 4.499998569488525
    vertex 3.8859024047851562 32.83088302612305 4.499998569488525
  endloop
endfacet
facet normal 0.0 0.0 0.0
  outer loop
    vertex 3.8859024047851562 32.83088302612305 6.999998092651367
    vertex 3.8859024047851562 34.83088302612305 6.999998092651367
    vertex 3.8859024047851562 33.50800704956055 8.499998092651367
  endloop
endfacet
facet normal 0.0 0.0 0.0
  outer loop
    vertex 3.8859024047851562 3.8308868408203125 6.999999046325684
    vertex -18.114097595214844 3.8308868408203125 6.999999046325684
    vertex 3.8859024047851562 3.8308868408203125 4.499999523162842
  endloop
endfacet
facet normal 0.0 0.0 0.0
  outer loop
    vertex 3.8859024047851562 3.8308868408203125 4.499999523162842
    vertex -18.114097595214844 3.8308868408203125 6.999999046325684
    vertex -18.114097595214844 3.8308868408203125 4.499999523162842
  endloop
endfacet
facet normal 0.0 0.0 0.0
  outer loop
    vertex -18.114097595214844 32.83088302612305 4.499998569488525
    vertex -18.114097595214844 29.580883026123047 4.499998569488525
    vertex -18.114097595214844 32.83088302612305 6.999998092651367
  endloop
endfacet
facet normal 0.0 0.0 0.0
  outer loop
    vertex -18.114097595214844 32.83088302612305 6.999998092651367
    vertex -18.114097595214844 29.580883026123047 4.499998569488525
    vertex -18.114097595214844 29.580883026123047 8.499998092651367
  endloop
endfacet
facet normal 0.0 0.0 0.0
  outer loop
    vertex -18.114097595214844 32.83088302612305 6.999998092651367
    vertex -18.114097595214844 29.580883026123047 8.499998092651367
    vertex -18.114097595214844 33.50800704956055 8.499998092651367
  endloop
endfacet
facet normal 0.0 0.0 0.0
  outer loop
    vertex -18.114097595214844 33.50800704956055 8.499998092651367
    vertex -18.114097595214844 34.83088302612305 6.999998092651367
    vertex -18.114097595214844 32.83088302612305 6.999998092651367
  endloop
endfacet
facet normal 0.0 0.0 0.0
  outer loop
    vertex -18.114097595214844 29.580883026123047 8.499998092651367
    vertex 3.8859024047851562 29.580883026123047 8.499998092651367
    vertex -18.114097595214844 33.50800704956055 8.499998092651367
  endloop
endfacet
facet normal 0.0 0.0 0.0
  outer loop
    vertex -18.114097595214844 33.50800704956055 8.499998092651367
    vertex 3.8859024047851562 29.580883026123047 8.499998092651367
    vertex 3.8859024047851562 33.50800704956055 8.499998092651367
  endloop
endfacet
facet normal 0.0 0.0 0.0
  outer loop
    vertex -19.614097595214844 2.3308868408203125 4.499999523162842
    vertex -19.614097595214844 34.33088302612305 4.499998569488525
    vertex -19.614097595214844 2.3308868408203125 2.0
  endloop
endfacet
facet normal 0.0 0.0 0.0
  outer loop
    vertex -19.614097595214844 2.3308868408203125 2.0
    vertex -19.614097595214844 34.33088302612305 4.499998569488525
    vertex -19.614097595214844 34.33088302612305 1.9999985694885254
  endloop
endfacet
facet normal 0.0 0.0 0.0
  outer loop
    vertex 5.385902404785156 2.3308868408203125 4.499999523162842
    vertex -19.614097595214844 2.3308868408203125 4.499999523162842
    vertex 5.385902404785156 2.3308868408203125 2.0
  endloop
endfacet
facet normal 0.0 0.0 0.0
  outer loop
    vertex 5.385902404785156 2.3308868408203125 2.0
    vertex -19.614097595214844 2.3308868408203125 4.499999523162842
    vertex -19.614097595214844 2.3308868408203125 2.0
  endloop
endfacet
facet normal 0.0 0.0 0.0
  outer loop
    vertex 5.385902404785156 34.33088302612305 4.499998569488525
    vertex 5.385902404785156 2.3308868408203125 4.499999523162842
    vertex 5.385902404785156 34.33088302612305 1.9999985694885254
  endloop
endfacet
facet normal 0.0 0.0 0.0
  outer loop
    vertex 5.385902404785156 34.33088302612305 1.9999985694885254
    vertex 5.385902404785156 2.3308868408203125 4.499999523162842
    vertex 5.385902404785156 2.3308868408203125 2.0
  endloop
endfacet
facet normal 0.0 0.0 0.0
  outer loop
    vertex -19.614097595214844 34.33088302612305 4.499998569488525
    vertex 5.385902404785156 34.33088302612305 4.499998569488525
    vertex -19.614097595214844 34.33088302612305 1.9999985694885254
  endloop
endfacet
facet normal 0.0 0.0 0.0
  outer loop
    vertex -19.614097595214844 34.33088302612305 1.9999985694885254
    vertex 5.385902404785156 34.33088302612305 4.499998569488525
    vertex 5.385902404785156 34.33088302612305 1.9999985694885254
  endloop
endfacet
facet normal 0.0 0.0 0.0
  outer loop
    vertex -19.614097595214844 34.33088302612305 1.9999985694885254
    vertex 5.385902404785156 34.33088302612305 1.9999985694885254
    vertex -19.614097595214844 2.3308868408203125 2.0
  endloop
endfacet
facet normal 0.0 0.0 0.0
  outer loop
    vertex -19.614097595214844 2.3308868408203125 2.0
    vertex 5.385902404785156 34.33088302612305 1.9999985694885254
    vertex 5.385902404785156 2.3308868408203125 2.0
  endloop
endfacet
facet normal 0.0 0.0 0.0
  outer loop
    vertex -51.664608001708984 33.38139343261719 -9.5367431640625e-07
    vertex -17.256954193115234 33.80725860595703 0.03653764724731445
    vertex 7.936412811279297 33.38139343261719 -9.5367431640625e-07
  endloop
endfacet
facet normal 0.0 0.0 0.0
  outer loop
    vertex 7.936412811279297 33.38139343261719 -9.5367431640625e-07
    vertex -17.256954193115234 33.80725860595703 0.03653764724731445
    vertex -8.042667388916016 33.80725860595703 0.03653764724731445
  endloop
endfacet
facet normal 0.0 0.0 0.0
  outer loop
    vertex 7.936412811279297 33.38139343261719 -9.5367431640625e-07
    vertex -8.042667388916016 33.80725860595703 0.03653764724731445
    vertex 1.1716156005859375 33.80725860595703 0.03653764724731445
  endloop
endfacet
facet normal 0.0 0.0 0.0
  outer loop
    vertex 1.1716156005859375 33.80725860595703 0.03653764724731445
    vertex -8.042667388916016 33.80725860595703 0.03653764724731445
    vertex 1.1716156005859375 34.220672607421875 0.14508628845214844
  endloop
endfacet
facet normal 0.0 0.0 0.0
  outer loop
    vertex 1.1716156005859375 33.80725860595703 0.03653764724731445
    vertex 1.1716156005859375 34.220672607421875 0.14508628845214844
    vertex 8.362274169921875 33.80725860595703 0.03653764724731445
  endloop
endfacet
facet normal 0.0 0.0 0.0
  outer loop
    vertex 8.362274169921875 33.80725860595703 0.03653764724731445
    vertex 1.1716156005859375 34.220672607421875 0.14508628845214844
    vertex 8.775688171386719 34.220672607421875 0.14508628845214844
  endloop
endfacet
facet normal 0.0 0.0 0.0
  outer loop
    vertex 8.775688171386719 34.220672607421875 0.14508628845214844
    vertex 1.1716156005859375 34.220672607421875 0.14508628845214844
    vertex 8.973926544189453 34.418907165527344 0.22545242309570312
  endloop
endfacet
facet normal 0.0 0.0 0.0
  outer loop
    vertex 8.973926544189453 34.418907165527344 0.22545242309570312
    vertex 1.1716156005859375 34.220672607421875 0.14508628845214844
    vertex 1.1716156005859375 34.60955047607422 0.32247090339660645
  endloop
endfacet
facet normal 0.0 0.0 0.0
  outer loop
    vertex 8.973926544189453 34.418907165527344 0.22545242309570312
    vertex 1.1716156005859375 34.60955047607422 0.32247090339660645
    vertex 9.164569854736328 34.60955047607422 0.32247090339660645
  endloop
endfacet
facet normal 0.0 0.0 0.0
  outer loop
    vertex 9.164569854736328 34.60955047607422 0.32247090339660645
    vertex 1.1716156005859375 34.60955047607422 0.32247090339660645
    vertex 9.346221923828125 34.791202545166016 0.43543124198913574
  endloop
endfacet
facet normal 0.0 0.0 0.0
  outer loop
    vertex 9.346221923828125 34.791202545166016 0.43543124198913574
    vertex 1.1716156005859375 34.60955047607422 0.32247090339660645
    vertex 1.1716156005859375 34.96253204345703 0.563507080078125
  endloop
endfacet
facet normal 0.0 0.0 0.0
  outer loop
    vertex 9.346221923828125 34.791202545166016 0.43543124198913574
    vertex 1.1716156005859375 34.96253204345703 0.563507080078125
    vertex 9.51755142211914 34.96253204345703 0.563507080078125
  endloop
endfacet
facet normal 0.0 0.0 0.0
  outer loop
    vertex 9.51755142211914 34.96253204345703 0.563507080078125
    vertex 1.1716156005859375 34.96253204345703 0.563507080078125
    vertex 9.67730712890625 35.12228775024414 0.7057602405548096
  endloop
endfacet
facet normal 0.0 0.0 0.0
  outer loop
    vertex 9.67730712890625 35.12228775024414 0.7057602405548096
    vertex 1.1716156005859375 34.96253204345703 0.563507080078125
    vertex 1.1716156005859375 35.26929473876953 0.8611490726470947
  endloop
endfacet
facet normal 0.0 0.0 0.0
  outer loop
    vertex 9.67730712890625 35.12228775024414 0.7057602405548096
    vertex 1.1716156005859375 35.26929473876953 0.8611490726470947
    vertex 9.82431411743164 35.26929473876953 0.8611490726470947
  endloop
endfacet
facet normal 0.0 0.0 0.0
  outer loop
    vertex 9.82431411743164 35.26929473876953 0.8611490726470947
    vertex 1.1716156005859375 35.26929473876953 0.8611490726470947
    vertex 9.957500457763672 35.40248107910156 1.028536319732666
  endloop
endfacet
facet normal 0.0 0.0 0.0
  outer loop
    vertex 9.957500457763672 35.40248107910156 1.028536319732666
    vertex 1.1716156005859375 35.26929473876953 0.8611490726470947
    vertex 1.1716156005859375 35.520870208740234 1.2066962718963623
  endloop
endfacet
facet normal 0.0 0.0 0.0
  outer loop
    vertex 9.957500457763672 35.40248107910156 1.028536319732666
    vertex 1.1716156005859375 35.520870208740234 1.2066962718963623
    vertex 10.075889587402344 35.520870208740234 1.2066962718963623
  endloop
endfacet
facet normal 0.0 0.0 0.0
  outer loop
    vertex 10.075889587402344 35.520870208740234 1.2066962718963623
    vertex 1.1716156005859375 35.520870208740234 1.2066962718963623
    vertex 10.178619384765625 35.623600006103516 1.394324541091919
  endloop
endfacet
facet normal 0.0 0.0 0.0
  outer loop
    vertex 10.178619384765625 35.623600006103516 1.394324541091919
    vertex 1.1716156005859375 35.520870208740234 1.2066962718963623
    vertex 1.1716156005859375 35.70991134643555 1.590047836303711
  endloop
endfacet
facet normal 0.0 0.0 0.0
  outer loop
    vertex 10.178619384765625 35.623600006103516 1.394324541091919
    vertex 1.1716156005859375 35.70991134643555 1.590047836303711
    vertex 10.264930725097656 35.70991134643555 1.590047836303711
  endloop
endfacet
facet normal 0.0 0.0 0.0
  outer loop
    vertex 10.264930725097656 35.70991134643555 1.590047836303711
    vertex 1.1716156005859375 35.70991134643555 1.590047836303711
    vertex 10.33419418334961 35.7791748046875 1.792433261871338
  endloop
endfacet
facet normal 0.0 0.0 0.0
  outer loop
    vertex 10.33419418334961 35.7791748046875 1.792433261871338
    vertex 1.1716156005859375 35.70991134643555 1.590047836303711
    vertex 10.385902404785156 35.83088302612305 1.9999985694885254
  endloop
endfacet
facet normal 0.0 0.0 0.0
  outer loop
    vertex 10.385902404785156 35.83088302612305 1.9999985694885254
    vertex 1.1716156005859375 35.70991134643555 1.590047836303711
    vertex -8.042667388916016 35.70991134643555 1.590047836303711
  endloop
endfacet
facet normal 0.0 0.0 0.0
  outer loop
    vertex 10.385902404785156 35.83088302612305 1.9999985694885254
    vertex -8.042667388916016 35.70991134643555 1.590047836303711
    vertex -17.256954193115234 35.70991134643555 1.590047836303711
  endloop
endfacet
facet normal 0.0 0.0 0.0
  outer loop
    vertex -17.256954193115234 35.70991134643555 1.590047836303711
    vertex -8.042667388916016 35.70991134643555 1.590047836303711
    vertex -17.256954193115234 35.520870208740234 1.2066962718963623
  endloop
endfacet
facet normal 0.0 0.0 0.0
  outer loop
    vertex -17.256954193115234 35.70991134643555 1.590047836303711
    vertex -17.256954193115234 35.520870208740234 1.2066962718963623
    vertex -26.471240997314453 35.520870208740234 1.2066962718963623
  endloop
endfacet
facet normal 0.0 0.0 0.0
  outer loop
    vertex -26.471240997314453 35.520870208740234 1.2066962718963623
    vertex -17.256954193115234 35.520870208740234 1.2066962718963623
    vertex -26.471240997314453 35.26929473876953 0.8611490726470947
  endloop
endfacet
facet normal 0.0 0.0 0.0
  outer loop
    vertex -26.471240997314453 35.520870208740234 1.2066962718963623
    vertex -26.471240997314453 35.26929473876953 0.8611490726470947
    vertex -35.685523986816406 35.26929473876953 0.8611490726470947
  endloop
endfacet
facet normal 0.0 0.0 0.0
  outer loop
    vertex -35.685523986816406 35.26929473876953 0.8611490726470947
    vertex -26.471240997314453 35.26929473876953 0.8611490726470947
    vertex -35.685523986816406 34.96253204345703 0.563507080078125
  endloop
endfacet
facet normal 0.0 0.0 0.0
  outer loop
    vertex -35.685523986816406 35.26929473876953 0.8611490726470947
    vertex -35.685523986816406 34.96253204345703 0.563507080078125
    vertex -44.899810791015625 34.96253204345703 0.563507080078125
  endloop
endfacet
facet normal 0.0 0.0 0.0
  outer loop
    vertex -44.899810791015625 34.96253204345703 0.563507080078125
    vertex -35.685523986816406 34.96253204345703 0.563507080078125
    vertex -44.899810791015625 34.60955047607422 0.32247090339660645
  endloop
endfacet
facet normal 0.0 0.0 0.0
  outer loop
    vertex -44.899810791015625 34.96253204345703 0.563507080078125
    vertex -44.899810791015625 34.60955047607422 0.32247090339660645
    vertex -53.07441711425781 34.791202545166016 0.43543124198913574
  endloop
endfacet
facet normal 0.0 0.0 0.0
  outer loop
    vertex -53.07441711425781 34.791202545166016 0.43543124198913574
    vertex -44.899810791015625 34.60955047607422 0.32247090339660645
    vertex -52.892765045166016 34.60955047607422 0.32247090339660645
  endloop
endfacet
facet normal 0.0 0.0 0.0
  outer loop
    vertex -52.892765045166016 34.60955047607422 0.32247090339660645
    vertex -44.899810791015625 34.60955047607422 0.32247090339660645
    vertex -52.702125549316406 34.418907165527344 0.22545242309570312
  endloop
endfacet
facet normal 0.0 0.0 0.0
  outer loop
    vertex -52.702125549316406 34.418907165527344 0.22545242309570312
    vertex -44.899810791015625 34.60955047607422 0.32247090339660645
    vertex -44.899810791015625 34.220672607421875 0.14508628845214844
  endloop
endfacet
facet normal 0.0 0.0 0.0
  outer loop
    vertex -52.702125549316406 34.418907165527344 0.22545242309570312
    vertex -44.899810791015625 34.220672607421875 0.14508628845214844
    vertex -52.503883361816406 34.220672607421875 0.14508628845214844
  endloop
endfacet
facet normal 0.0 0.0 0.0
  outer loop
    vertex -52.503883361816406 34.220672607421875 0.14508628845214844
    vertex -44.899810791015625 34.220672607421875 0.14508628845214844
    vertex -52.09046936035156 33.80725860595703 0.03653764724731445
  endloop
endfacet
facet normal 0.0 0.0 0.0
  outer loop
    vertex -52.09046936035156 33.80725860595703 0.03653764724731445
    vertex -44.899810791015625 34.220672607421875 0.14508628845214844
    vertex -44.899810791015625 33.80725860595703 0.03653764724731445
  endloop
endfacet
facet normal 0.0 0.0 0.0
  outer loop
    vertex -52.09046936035156 33.80725860595703 0.03653764724731445
    vertex -44.899810791015625 33.80725860595703 0.03653764724731445
    vertex -51.664608001708984 33.38139343261719 -9.5367431640625e-07
  endloop
endfacet
facet normal 0.0 0.0 0.0
  outer loop
    vertex -51.664608001708984 33.38139343261719 -9.5367431640625e-07
    vertex -44.899810791015625 33.80725860595703 0.03653764724731445
    vertex -35.685523986816406 33.80725860595703 0.03653764724731445
  endloop
endfacet
facet normal 0.0 0.0 0.0
  outer loop
    vertex -51.664608001708984 33.38139343261719 -9.5367431640625e-07
    vertex -35.685523986816406 33.80725860595703 0.03653764724731445
    vertex -26.471240997314453 33.80725860595703 0.03653764724731445
  endloop
endfacet
facet normal 0.0 0.0 0.0
  outer loop
    vertex -26.471240997314453 33.80725860595703 0.03653764724731445
    vertex -35.685523986816406 33.80725860595703 0.03653764724731445
    vertex -26.471240997314453 34.220672607421875 0.14508628845214844
  endloop
endfacet
facet normal 0.0 0.0 0.0
  outer loop
    vertex -26.471240997314453 33.80725860595703 0.03653764724731445
    vertex -26.471240997314453 34.220672607421875 0.14508628845214844
    vertex -17.256954193115234 34.220672607421875 0.14508628845214844
  endloop
endfacet
facet normal 0.0 0.0 0.0
  outer loop
    vertex -17.256954193115234 34.220672607421875 0.14508628845214844
    vertex -26.471240997314453 34.220672607421875 0.14508628845214844
    vertex -17.256954193115234 34.60955047607422 0.32247090339660645
  endloop
endfacet
facet normal 0.0 0.0 0.0
  outer loop
    vertex -17.256954193115234 34.220672607421875 0.14508628845214844
    vertex -17.256954193115234 34.60955047607422 0.32247090339660645
    vertex -8.042667388916016 34.60955047607422 0.32247090339660645
  endloop
endfacet
facet normal 0.0 0.0 0.0
  outer loop
    vertex -8.042667388916016 34.60955047607422 0.32247090339660645
    vertex -17.256954193115234 34.60955047607422 0.32247090339660645
    vertex -8.042667388916016 34.96253204345703 0.563507080078125
  endloop
endfacet
facet normal 0.0 0.0 0.0
  outer loop
    vertex -8.042667388916016 34.60955047607422 0.32247090339660645
    vertex -8.042667388916016 34.96253204345703 0.563507080078125
    vertex 1.1716156005859375 34.96253204345703 0.563507080078125
  endloop
endfacet
facet normal 0.0 0.0 0.0
  outer loop
    vertex 1.1716156005859375 34.96253204345703 0.563507080078125
    vertex -8.042667388916016 34.96253204345703 0.563507080078125
    vertex 1.1716156005859375 35.26929473876953 0.8611490726470947
  endloop
endfacet
facet normal 0.0 0.0 0.0
  outer loop
    vertex -53.07441711425781 34.791202545166016 0.43543124198913574
    vertex -53.24574661254883 34.96253204345703 0.563507080078125
    vertex -44.899810791015625 34.96253204345703 0.563507080078125
  endloop
endfacet
facet normal 0.0 0.0 0.0
  outer loop
    vertex -44.899810791015625 34.96253204345703 0.563507080078125
    vertex -53.24574661254883 34.96253204345703 0.563507080078125
    vertex -53.40550231933594 35.12228775024414 0.7057602405548096
  endloop
endfacet
facet normal 0.0 0.0 0.0
  outer loop
    vertex -44.899810791015625 34.96253204345703 0.563507080078125
    vertex -53.40550231933594 35.12228775024414 0.7057602405548096
    vertex -44.899810791015625 35.26929473876953 0.8611490726470947
  endloop
endfacet
facet normal 0.0 0.0 0.0
  outer loop
    vertex -44.899810791015625 35.26929473876953 0.8611490726470947
    vertex -53.40550231933594 35.12228775024414 0.7057602405548096
    vertex -53.55250930786133 35.26929473876953 0.8611490726470947
  endloop
endfacet
facet normal 0.0 0.0 0.0
  outer loop
    vertex -44.899810791015625 35.26929473876953 0.8611490726470947
    vertex -53.55250930786133 35.26929473876953 0.8611490726470947
    vertex -53.68569564819336 35.40248107910156 1.028536319732666
  endloop
endfacet
facet normal 0.0 0.0 0.0
  outer loop
    vertex -44.899810791015625 35.26929473876953 0.8611490726470947
    vertex -53.68569564819336 35.40248107910156 1.028536319732666
    vertex -44.899810791015625 35.520870208740234 1.2066962718963623
  endloop
endfacet
facet normal 0.0 0.0 0.0
  outer loop
    vertex -44.899810791015625 35.520870208740234 1.2066962718963623
    vertex -53.68569564819336 35.40248107910156 1.028536319732666
    vertex -53.80408477783203 35.520870208740234 1.2066962718963623
  endloop
endfacet
facet normal 0.0 0.0 0.0
  outer loop
    vertex -44.899810791015625 35.520870208740234 1.2066962718963623
    vertex -53.80408477783203 35.520870208740234 1.2066962718963623
    vertex -53.90681457519531 35.623600006103516 1.394324541091919
  endloop
endfacet
facet normal 0.0 0.0 0.0
  outer loop
    vertex -44.899810791015625 35.520870208740234 1.2066962718963623
    vertex -53.90681457519531 35.623600006103516 1.394324541091919
    vertex -44.899810791015625 35.70991134643555 1.590047836303711
  endloop
endfacet
facet normal 0.0 0.0 0.0
  outer loop
    vertex -44.899810791015625 35.70991134643555 1.590047836303711
    vertex -53.90681457519531 35.623600006103516 1.394324541091919
    vertex -53.993125915527344 35.70991134643555 1.590047836303711
  endloop
endfacet
facet normal 0.0 0.0 0.0
  outer loop
    vertex -44.899810791015625 35.70991134643555 1.590047836303711
    vertex -53.993125915527344 35.70991134643555 1.590047836303711
    vertex -54.0623893737793 35.7791748046875 1.792433261871338
  endloop
endfacet
facet normal 0.0 0.0 0.0
  outer loop
    vertex -54.114097595214844 35.83088302612305 1.9999985694885254
    vertex 10.385902404785156 35.83088302612305 1.9999985694885254
    vertex -54.0623893737793 35.7791748046875 1.792433261871338
  endloop
endfacet
facet normal 0.0 0.0 0.0
  outer loop
    vertex -54.0623893737793 35.7791748046875 1.792433261871338
    vertex 10.385902404785156 35.83088302612305 1.9999985694885254
    vertex -26.471240997314453 35.70991134643555 1.590047836303711
  endloop
endfacet
facet normal 0.0 0.0 0.0
  outer loop
    vertex -54.0623893737793 35.7791748046875 1.792433261871338
    vertex -26.471240997314453 35.70991134643555 1.590047836303711
    vertex -35.685523986816406 35.70991134643555 1.590047836303711
  endloop
endfacet
facet normal 0.0 0.0 0.0
  outer loop
    vertex -35.685523986816406 35.70991134643555 1.590047836303711
    vertex -26.471240997314453 35.70991134643555 1.590047836303711
    vertex -35.685523986816406 35.520870208740234 1.2066962718963623
  endloop
endfacet
facet normal 0.0 0.0 0.0
  outer loop
    vertex -35.685523986816406 35.70991134643555 1.590047836303711
    vertex -35.685523986816406 35.520870208740234 1.2066962718963623
    vertex -44.899810791015625 35.520870208740234 1.2066962718963623
  endloop
endfacet
facet normal 0.0 0.0 0.0
  outer loop
    vertex -44.899810791015625 35.520870208740234 1.2066962718963623
    vertex -35.685523986816406 35.520870208740234 1.2066962718963623
    vertex -44.899810791015625 35.26929473876953 0.8611490726470947
  endloop
endfacet
facet normal 0.0 0.0 0.0
  outer loop
    vertex 8.362274169921875 33.80725860595703 0.03653764724731445
    vertex 7.936412811279297 33.38139343261719 -9.5367431640625e-07
    vertex 1.1716156005859375 33.80725860595703 0.03653764724731445
  endloop
endfacet
facet normal 0.0 0.0 0.0
  outer loop
    vertex -17.256954193115234 33.80725860595703 0.03653764724731445
    vertex -51.664608001708984 33.38139343261719 -9.5367431640625e-07
    vertex -26.471240997314453 33.80725860595703 0.03653764724731445
  endloop
endfacet
facet normal 0.0 0.0 0.0
  outer loop
    vertex -35.685523986816406 33.80725860595703 0.03653764724731445
    vertex -44.899810791015625 33.80725860595703 0.03653764724731445
    vertex -35.685523986816406 34.220672607421875 0.14508628845214844
  endloop
endfacet
facet normal 0.0 0.0 0.0
  outer loop
    vertex -35.685523986816406 34.220672607421875 0.14508628845214844
    vertex -44.899810791015625 33.80725860595703 0.03653764724731445
    vertex -44.899810791015625 34.220672607421875 0.14508628845214844
  endloop
endfacet
facet normal 0.0 0.0 0.0
  outer loop
    vertex -35.685523986816406 34.220672607421875 0.14508628845214844
    vertex -44.899810791015625 34.220672607421875 0.14508628845214844
    vertex -35.685523986816406 34.60955047607422 0.32247090339660645
  endloop
endfacet
facet normal 0.0 0.0 0.0
  outer loop
    vertex -35.685523986816406 34.60955047607422 0.32247090339660645
    vertex -44.899810791015625 34.220672607421875 0.14508628845214844
    vertex -44.899810791015625 34.60955047607422 0.32247090339660645
  endloop
endfacet
facet normal 0.0 0.0 0.0
  outer loop
    vertex -35.685523986816406 34.60955047607422 0.32247090339660645
    vertex -44.899810791015625 34.60955047607422 0.32247090339660645
    vertex -35.685523986816406 34.96253204345703 0.563507080078125
  endloop
endfacet
facet normal 0.0 0.0 0.0
  outer loop
    vertex -26.471240997314453 33.80725860595703 0.03653764724731445
    vertex -17.256954193115234 34.220672607421875 0.14508628845214844
    vertex -17.256954193115234 33.80725860595703 0.03653764724731445
  endloop
endfacet
facet normal 0.0 0.0 0.0
  outer loop
    vertex -17.256954193115234 33.80725860595703 0.03653764724731445
    vertex -17.256954193115234 34.220672607421875 0.14508628845214844
    vertex -8.042667388916016 34.220672607421875 0.14508628845214844
  endloop
endfacet
facet normal 0.0 0.0 0.0
  outer loop
    vertex -17.256954193115234 33.80725860595703 0.03653764724731445
    vertex -8.042667388916016 34.220672607421875 0.14508628845214844
    vertex -8.042667388916016 33.80725860595703 0.03653764724731445
  endloop
endfacet
facet normal 0.0 0.0 0.0
  outer loop
    vertex -8.042667388916016 33.80725860595703 0.03653764724731445
    vertex -8.042667388916016 34.220672607421875 0.14508628845214844
    vertex 1.1716156005859375 34.220672607421875 0.14508628845214844
  endloop
endfacet
facet normal 0.0 0.0 0.0
  outer loop
    vertex -35.685523986816406 33.80725860595703 0.03653764724731445
    vertex -35.685523986816406 34.220672607421875 0.14508628845214844
    vertex -26.471240997314453 34.220672607421875 0.14508628845214844
  endloop
endfacet
facet normal 0.0 0.0 0.0
  outer loop
    vertex -26.471240997314453 34.220672607421875 0.14508628845214844
    vertex -35.685523986816406 34.220672607421875 0.14508628845214844
    vertex -26.471240997314453 34.60955047607422 0.32247090339660645
  endloop
endfacet
facet normal 0.0 0.0 0.0
  outer loop
    vertex -26.471240997314453 34.220672607421875 0.14508628845214844
    vertex -26.471240997314453 34.60955047607422 0.32247090339660645
    vertex -17.256954193115234 34.60955047607422 0.32247090339660645
  endloop
endfacet
facet normal 0.0 0.0 0.0
  outer loop
    vertex -17.256954193115234 34.60955047607422 0.32247090339660645
    vertex -26.471240997314453 34.60955047607422 0.32247090339660645
    vertex -17.256954193115234 34.96253204345703 0.563507080078125
  endloop
endfacet
facet normal 0.0 0.0 0.0
  outer loop
    vertex -17.256954193115234 34.60955047607422 0.32247090339660645
    vertex -17.256954193115234 34.96253204345703 0.563507080078125
    vertex -8.042667388916016 34.96253204345703 0.563507080078125
  endloop
endfacet
facet normal 0.0 0.0 0.0
  outer loop
    vertex -8.042667388916016 34.96253204345703 0.563507080078125
    vertex -17.256954193115234 34.96253204345703 0.563507080078125
    vertex -8.042667388916016 35.26929473876953 0.8611490726470947
  endloop
endfacet
facet normal 0.0 0.0 0.0
  outer loop
    vertex -8.042667388916016 34.96253204345703 0.563507080078125
    vertex -8.042667388916016 35.26929473876953 0.8611490726470947
    vertex 1.1716156005859375 35.26929473876953 0.8611490726470947
  endloop
endfacet
facet normal 0.0 0.0 0.0
  outer loop
    vertex 1.1716156005859375 35.26929473876953 0.8611490726470947
    vertex -8.042667388916016 35.26929473876953 0.8611490726470947
    vertex 1.1716156005859375 35.520870208740234 1.2066962718963623
  endloop
endfacet
facet normal 0.0 0.0 0.0
  outer loop
    vertex -26.471240997314453 34.60955047607422 0.32247090339660645
    vertex -35.685523986816406 34.220672607421875 0.14508628845214844
    vertex -35.685523986816406 34.60955047607422 0.32247090339660645
  endloop
endfacet
facet normal 0.0 0.0 0.0
  outer loop
    vertex 1.1716156005859375 34.60955047607422 0.32247090339660645
    vertex 1.1716156005859375 34.220672607421875 0.14508628845214844
    vertex -8.042667388916016 34.220672607421875 0.14508628845214844
  endloop
endfacet
facet normal 0.0 0.0 0.0
  outer loop
    vertex 1.1716156005859375 34.60955047607422 0.32247090339660645
    vertex -8.042667388916016 34.220672607421875 0.14508628845214844
    vertex -8.042667388916016 34.60955047607422 0.32247090339660645
  endloop
endfacet
facet normal 0.0 0.0 0.0
  outer loop
    vertex -8.042667388916016 34.60955047607422 0.32247090339660645
    vertex -8.042667388916016 34.220672607421875 0.14508628845214844
    vertex -17.256954193115234 34.220672607421875 0.14508628845214844
  endloop
endfacet
facet normal 0.0 0.0 0.0
  outer loop
    vertex -26.471240997314453 34.60955047607422 0.32247090339660645
    vertex -35.685523986816406 34.60955047607422 0.32247090339660645
    vertex -26.471240997314453 34.96253204345703 0.563507080078125
  endloop
endfacet
facet normal 0.0 0.0 0.0
  outer loop
    vertex -26.471240997314453 34.96253204345703 0.563507080078125
    vertex -35.685523986816406 34.60955047607422 0.32247090339660645
    vertex -35.685523986816406 34.96253204345703 0.563507080078125
  endloop
endfacet
facet normal 0.0 0.0 0.0
  outer loop
    vertex -26.471240997314453 34.96253204345703 0.563507080078125
    vertex -35.685523986816406 34.96253204345703 0.563507080078125
    vertex -26.471240997314453 35.26929473876953 0.8611490726470947
  endloop
endfacet
facet normal 0.0 0.0 0.0
  outer loop
    vertex 1.1716156005859375 34.96253204345703 0.563507080078125
    vertex 1.1716156005859375 34.60955047607422 0.32247090339660645
    vertex -8.042667388916016 34.60955047607422 0.32247090339660645
  endloop
endfacet
facet normal 0.0 0.0 0.0
  outer loop
    vertex -26.471240997314453 34.60955047607422 0.32247090339660645
    vertex -26.471240997314453 34.96253204345703 0.563507080078125
    vertex -17.256954193115234 34.96253204345703 0.563507080078125
  endloop
endfacet
facet normal 0.0 0.0 0.0
  outer loop
    vertex -17.256954193115234 34.96253204345703 0.563507080078125
    vertex -26.471240997314453 34.96253204345703 0.563507080078125
    vertex -17.256954193115234 35.26929473876953 0.8611490726470947
  endloop
endfacet
facet normal 0.0 0.0 0.0
  outer loop
    vertex -17.256954193115234 34.96253204345703 0.563507080078125
    vertex -17.256954193115234 35.26929473876953 0.8611490726470947
    vertex -8.042667388916016 35.26929473876953 0.8611490726470947
  endloop
endfacet
facet normal 0.0 0.0 0.0
  outer loop
    vertex -8.042667388916016 35.26929473876953 0.8611490726470947
    vertex -17.256954193115234 35.26929473876953 0.8611490726470947
    vertex -8.042667388916016 35.520870208740234 1.2066962718963623
  endloop
endfacet
facet normal 0.0 0.0 0.0
  outer loop
    vertex -8.042667388916016 35.26929473876953 0.8611490726470947
    vertex -8.042667388916016 35.520870208740234 1.2066962718963623
    vertex 1.1716156005859375 35.520870208740234 1.2066962718963623
  endloop
endfacet
facet normal 0.0 0.0 0.0
  outer loop
    vertex 1.1716156005859375 35.520870208740234 1.2066962718963623
    vertex -8.042667388916016 35.520870208740234 1.2066962718963623
    vertex 1.1716156005859375 35.70991134643555 1.590047836303711
  endloop
endfacet
facet normal 0.0 0.0 0.0
  outer loop
    vertex -17.256954193115234 35.26929473876953 0.8611490726470947
    vertex -26.471240997314453 34.96253204345703 0.563507080078125
    vertex -26.471240997314453 35.26929473876953 0.8611490726470947
  endloop
endfacet
facet normal 0.0 0.0 0.0
  outer loop
    vertex -44.899810791015625 34.96253204345703 0.563507080078125
    vertex -44.899810791015625 35.26929473876953 0.8611490726470947
    vertex -35.685523986816406 35.26929473876953 0.8611490726470947
  endloop
endfacet
facet normal 0.0 0.0 0.0
  outer loop
    vertex -35.685523986816406 35.26929473876953 0.8611490726470947
    vertex -44.899810791015625 35.26929473876953 0.8611490726470947
    vertex -35.685523986816406 35.520870208740234 1.2066962718963623
  endloop
endfacet
facet normal 0.0 0.0 0.0
  outer loop
    vertex -35.685523986816406 35.26929473876953 0.8611490726470947
    vertex -35.685523986816406 35.520870208740234 1.2066962718963623
    vertex -26.471240997314453 35.520870208740234 1.2066962718963623
  endloop
endfacet
facet normal 0.0 0.0 0.0
  outer loop
    vertex -26.471240997314453 35.520870208740234 1.2066962718963623
    vertex -35.685523986816406 35.520870208740234 1.2066962718963623
    vertex -26.471240997314453 35.70991134643555 1.590047836303711
  endloop
endfacet
facet normal 0.0 0.0 0.0
  outer loop
    vertex -26.471240997314453 35.520870208740234 1.2066962718963623
    vertex -26.471240997314453 35.70991134643555 1.590047836303711
    vertex -17.256954193115234 35.70991134643555 1.590047836303711
  endloop
endfacet
facet normal 0.0 0.0 0.0
  outer loop
    vertex -17.256954193115234 35.70991134643555 1.590047836303711
    vertex -26.471240997314453 35.70991134643555 1.590047836303711
    vertex 10.385902404785156 35.83088302612305 1.9999985694885254
  endloop
endfacet
facet normal 0.0 0.0 0.0
  outer loop
    vertex -8.042667388916016 35.520870208740234 1.2066962718963623
    vertex -17.256954193115234 35.26929473876953 0.8611490726470947
    vertex -17.256954193115234 35.520870208740234 1.2066962718963623
  endloop
endfacet
facet normal 0.0 0.0 0.0
  outer loop
    vertex -17.256954193115234 35.520870208740234 1.2066962718963623
    vertex -17.256954193115234 35.26929473876953 0.8611490726470947
    vertex -26.471240997314453 35.26929473876953 0.8611490726470947
  endloop
endfacet
facet normal 0.0 0.0 0.0
  outer loop
    vertex 1.1716156005859375 35.70991134643555 1.590047836303711
    vertex -8.042667388916016 35.520870208740234 1.2066962718963623
    vertex -8.042667388916016 35.70991134643555 1.590047836303711
  endloop
endfacet
facet normal 0.0 0.0 0.0
  outer loop
    vertex -8.042667388916016 35.70991134643555 1.590047836303711
    vertex -8.042667388916016 35.520870208740234 1.2066962718963623
    vertex -17.256954193115234 35.520870208740234 1.2066962718963623
  endloop
endfacet
facet normal 0.0 0.0 0.0
  outer loop
    vertex -54.0623893737793 35.7791748046875 1.792433261871338
    vertex -35.685523986816406 35.70991134643555 1.590047836303711
    vertex -44.899810791015625 35.70991134643555 1.590047836303711
  endloop
endfacet
facet normal 0.0 0.0 0.0
  outer loop
    vertex -44.899810791015625 35.70991134643555 1.590047836303711
    vertex -35.685523986816406 35.70991134643555 1.590047836303711
    vertex -44.899810791015625 35.520870208740234 1.2066962718963623
  endloop
endfacet
facet normal 0.0 0.0 0.0
  outer loop
    vertex -51.664608001708984 3.280376434326172 0.0
    vertex -52.09046936035156 18.33088493347168 0.036538124084472656
    vertex -51.664608001708984 33.38139343261719 -9.5367431640625e-07
  endloop
endfacet
facet normal 0.0 0.0 0.0
  outer loop
    vertex -51.664608001708984 33.38139343261719 -9.5367431640625e-07
    vertex -52.09046936035156 18.33088493347168 0.036538124084472656
    vertex -52.09046936035156 27.080883026123047 0.03653764724731445
  endloop
endfacet
facet normal 0.0 0.0 0.0
  outer loop
    vertex -51.664608001708984 33.38139343261719 -9.5367431640625e-07
    vertex -52.09046936035156 27.080883026123047 0.03653764724731445
    vertex -52.09046936035156 33.80725860595703 0.03653764724731445
  endloop
endfacet
facet normal 0.0 0.0 0.0
  outer loop
    vertex -52.09046936035156 33.80725860595703 0.03653764724731445
    vertex -52.09046936035156 27.080883026123047 0.03653764724731445
    vertex -52.503883361816406 27.080883026123047 0.14508628845214844
  endloop
endfacet
facet normal 0.0 0.0 0.0
  outer loop
    vertex -52.09046936035156 33.80725860595703 0.03653764724731445
    vertex -52.503883361816406 27.080883026123047 0.14508628845214844
    vertex -52.503883361816406 34.220672607421875 0.14508628845214844
  endloop
endfacet
facet normal 0.0 0.0 0.0
  outer loop
    vertex -52.503883361816406 34.220672607421875 0.14508628845214844
    vertex -52.503883361816406 27.080883026123047 0.14508628845214844
    vertex -52.702125549316406 34.418907165527344 0.22545242309570312
  endloop
endfacet
facet normal 0.0 0.0 0.0
  outer loop
    vertex -52.702125549316406 34.418907165527344 0.22545242309570312
    vertex -52.503883361816406 27.080883026123047 0.14508628845214844
    vertex -52.892765045166016 27.080883026123047 0.32247138023376465
  endloop
endfacet
facet normal 0.0 0.0 0.0
  outer loop
    vertex -52.702125549316406 34.418907165527344 0.22545242309570312
    vertex -52.892765045166016 27.080883026123047 0.32247138023376465
    vertex -52.892765045166016 34.60955047607422 0.32247090339660645
  endloop
endfacet
facet normal 0.0 0.0 0.0
  outer loop
    vertex -52.892765045166016 34.60955047607422 0.32247090339660645
    vertex -52.892765045166016 27.080883026123047 0.32247138023376465
    vertex -53.07441711425781 34.791202545166016 0.43543124198913574
  endloop
endfacet
facet normal 0.0 0.0 0.0
  outer loop
    vertex -53.07441711425781 34.791202545166016 0.43543124198913574
    vertex -52.892765045166016 27.080883026123047 0.32247138023376465
    vertex -53.24574661254883 27.080883026123047 0.5635075569152832
  endloop
endfacet
facet normal 0.0 0.0 0.0
  outer loop
    vertex -53.07441711425781 34.791202545166016 0.43543124198913574
    vertex -53.24574661254883 27.080883026123047 0.5635075569152832
    vertex -53.24574661254883 34.96253204345703 0.563507080078125
  endloop
endfacet
facet normal 0.0 0.0 0.0
  outer loop
    vertex -53.24574661254883 34.96253204345703 0.563507080078125
    vertex -53.24574661254883 27.080883026123047 0.5635075569152832
    vertex -53.40550231933594 35.12228775024414 0.7057602405548096
  endloop
endfacet
facet normal 0.0 0.0 0.0
  outer loop
    vertex -53.40550231933594 35.12228775024414 0.7057602405548096
    vertex -53.24574661254883 27.080883026123047 0.5635075569152832
    vertex -53.55250930786133 27.080883026123047 0.8611495494842529
  endloop
endfacet
facet normal 0.0 0.0 0.0
  outer loop
    vertex -53.40550231933594 35.12228775024414 0.7057602405548096
    vertex -53.55250930786133 27.080883026123047 0.8611495494842529
    vertex -53.55250930786133 35.26929473876953 0.8611490726470947
  endloop
endfacet
facet normal 0.0 0.0 0.0
  outer loop
    vertex -53.55250930786133 35.26929473876953 0.8611490726470947
    vertex -53.55250930786133 27.080883026123047 0.8611495494842529
    vertex -53.68569564819336 35.40248107910156 1.028536319732666
  endloop
endfacet
facet normal 0.0 0.0 0.0
  outer loop
    vertex -53.68569564819336 35.40248107910156 1.028536319732666
    vertex -53.55250930786133 27.080883026123047 0.8611495494842529
    vertex -53.80408477783203 27.080883026123047 1.2066967487335205
  endloop
endfacet
facet normal 0.0 0.0 0.0
  outer loop
    vertex -53.68569564819336 35.40248107910156 1.028536319732666
    vertex -53.80408477783203 27.080883026123047 1.2066967487335205
    vertex -53.80408477783203 35.520870208740234 1.2066962718963623
  endloop
endfacet
facet normal 0.0 0.0 0.0
  outer loop
    vertex -53.80408477783203 35.520870208740234 1.2066962718963623
    vertex -53.80408477783203 27.080883026123047 1.2066967487335205
    vertex -53.90681457519531 35.623600006103516 1.394324541091919
  endloop
endfacet
facet normal 0.0 0.0 0.0
  outer loop
    vertex -53.90681457519531 35.623600006103516 1.394324541091919
    vertex -53.80408477783203 27.080883026123047 1.2066967487335205
    vertex -53.993125915527344 27.080883026123047 1.5900483131408691
  endloop
endfacet
facet normal 0.0 0.0 0.0
  outer loop
    vertex -53.90681457519531 35.623600006103516 1.394324541091919
    vertex -53.993125915527344 27.080883026123047 1.5900483131408691
    vertex -53.993125915527344 35.70991134643555 1.590047836303711
  endloop
endfacet
facet normal 0.0 0.0 0.0
  outer loop
    vertex -53.993125915527344 35.70991134643555 1.590047836303711
    vertex -53.993125915527344 27.080883026123047 1.5900483131408691
    vertex -54.0623893737793 35.7791748046875 1.792433261871338
  endloop
endfacet
facet normal 0.0 0.0 0.0
  outer loop
    vertex -54.0623893737793 35.7791748046875 1.792433261871338
    vertex -53.993125915527344 27.080883026123047 1.5900483131408691
    vertex -54.114097595214844 35.83088302612305 1.9999985694885254
  endloop
endfacet
facet normal 0.0 0.0 0.0
  outer loop
    vertex -54.114097595214844 35.83088302612305 1.9999985694885254
    vertex -53.993125915527344 27.080883026123047 1.5900483131408691
    vertex -53.993125915527344 18.33088493347168 1.5900485515594482
  endloop
endfacet
facet normal 0.0 0.0 0.0
  outer loop
    vertex -54.114097595214844 35.83088302612305 1.9999985694885254
    vertex -53.993125915527344 18.33088493347168 1.5900485515594482
    vertex -54.0623893737793 0.8825969696044922 1.7924346923828125
  endloop
endfacet
facet normal 0.0 0.0 0.0
  outer loop
    vertex -54.0623893737793 0.8825969696044922 1.7924346923828125
    vertex -53.993125915527344 18.33088493347168 1.5900485515594482
    vertex -53.993125915527344 9.580885887145996 1.5900487899780273
  endloop
endfacet
facet normal 0.0 0.0 0.0
  outer loop
    vertex -54.0623893737793 0.8825969696044922 1.7924346923828125
    vertex -53.993125915527344 9.580885887145996 1.5900487899780273
    vertex -53.993125915527344 0.9518604278564453 1.5900492668151855
  endloop
endfacet
facet normal 0.0 0.0 0.0
  outer loop
    vertex -53.993125915527344 0.9518604278564453 1.5900492668151855
    vertex -53.993125915527344 9.580885887145996 1.5900487899780273
    vertex -53.90681457519531 1.0381717681884766 1.3943259716033936
  endloop
endfacet
facet normal 0.0 0.0 0.0
  outer loop
    vertex -53.90681457519531 1.0381717681884766 1.3943259716033936
    vertex -53.993125915527344 9.580885887145996 1.5900487899780273
    vertex -53.80408477783203 9.580885887145996 1.2066972255706787
  endloop
endfacet
facet normal 0.0 0.0 0.0
  outer loop
    vertex -53.90681457519531 1.0381717681884766 1.3943259716033936
    vertex -53.80408477783203 9.580885887145996 1.2066972255706787
    vertex -53.80408477783203 1.1408977508544922 1.206697702407837
  endloop
endfacet
facet normal 0.0 0.0 0.0
  outer loop
    vertex -53.80408477783203 1.1408977508544922 1.206697702407837
    vertex -53.80408477783203 9.580885887145996 1.2066972255706787
    vertex -53.68569564819336 1.2592887878417969 1.0285377502441406
  endloop
endfacet
facet normal 0.0 0.0 0.0
  outer loop
    vertex -53.68569564819336 1.2592887878417969 1.0285377502441406
    vertex -53.80408477783203 9.580885887145996 1.2066972255706787
    vertex -53.55250930786133 9.580885887145996 0.8611500263214111
  endloop
endfacet
facet normal 0.0 0.0 0.0
  outer loop
    vertex -53.68569564819336 1.2592887878417969 1.0285377502441406
    vertex -53.55250930786133 9.580885887145996 0.8611500263214111
    vertex -53.55250930786133 1.3924751281738281 0.8611505031585693
  endloop
endfacet
facet normal 0.0 0.0 0.0
  outer loop
    vertex -53.55250930786133 1.3924751281738281 0.8611505031585693
    vertex -53.55250930786133 9.580885887145996 0.8611500263214111
    vertex -53.40550231933594 1.5394840240478516 0.7057616710662842
  endloop
endfacet
facet normal 0.0 0.0 0.0
  outer loop
    vertex -53.40550231933594 1.5394840240478516 0.7057616710662842
    vertex -53.55250930786133 9.580885887145996 0.8611500263214111
    vertex -53.24574661254883 9.580885887145996 0.5635080337524414
  endloop
endfacet
facet normal 0.0 0.0 0.0
  outer loop
    vertex -53.40550231933594 1.5394840240478516 0.7057616710662842
    vertex -53.24574661254883 9.580885887145996 0.5635080337524414
    vertex -53.24574661254883 1.6992378234863281 0.5635085105895996
  endloop
endfacet
facet normal 0.0 0.0 0.0
  outer loop
    vertex -53.24574661254883 1.6992378234863281 0.5635085105895996
    vertex -53.24574661254883 9.580885887145996 0.5635080337524414
    vertex -53.07441711425781 1.8705673217773438 0.43543267250061035
  endloop
endfacet
facet normal 0.0 0.0 0.0
  outer loop
    vertex -53.07441711425781 1.8705673217773438 0.43543267250061035
    vertex -53.24574661254883 9.580885887145996 0.5635080337524414
    vertex -52.892765045166016 9.580885887145996 0.32247185707092285
  endloop
endfacet
facet normal 0.0 0.0 0.0
  outer loop
    vertex -53.07441711425781 1.8705673217773438 0.43543267250061035
    vertex -52.892765045166016 9.580885887145996 0.32247185707092285
    vertex -52.892765045166016 2.0522193908691406 0.32247233390808105
  endloop
endfacet
facet normal 0.0 0.0 0.0
  outer loop
    vertex -52.892765045166016 2.0522193908691406 0.32247233390808105
    vertex -52.892765045166016 9.580885887145996 0.32247185707092285
    vertex -52.702125549316406 2.242860794067383 0.22545337677001953
  endloop
endfacet
facet normal 0.0 0.0 0.0
  outer loop
    vertex -52.702125549316406 2.242860794067383 0.22545337677001953
    vertex -52.892765045166016 9.580885887145996 0.32247185707092285
    vertex -52.503883361816406 9.580885887145996 0.14508724212646484
  endloop
endfacet
facet normal 0.0 0.0 0.0
  outer loop
    vertex -52.702125549316406 2.242860794067383 0.22545337677001953
    vertex -52.503883361816406 9.580885887145996 0.14508724212646484
    vertex -52.503883361816406 2.4411001205444336 0.14508724212646484
  endloop
endfacet
facet normal 0.0 0.0 0.0
  outer loop
    vertex -52.503883361816406 2.4411001205444336 0.14508724212646484
    vertex -52.503883361816406 9.580885887145996 0.14508724212646484
    vertex -52.09046936035156 2.8545141220092773 0.03653860092163086
  endloop
endfacet
facet normal 0.0 0.0 0.0
  outer loop
    vertex -52.09046936035156 2.8545141220092773 0.03653860092163086
    vertex -52.503883361816406 9.580885887145996 0.14508724212646484
    vertex -52.09046936035156 9.580885887145996 0.03653860092163086
  endloop
endfacet
facet normal 0.0 0.0 0.0
  outer loop
    vertex -52.09046936035156 2.8545141220092773 0.03653860092163086
    vertex -52.09046936035156 9.580885887145996 0.03653860092163086
    vertex -51.664608001708984 3.280376434326172 0.0
  endloop
endfacet
facet normal 0.0 0.0 0.0
  outer loop
    vertex -51.664608001708984 3.280376434326172 0.0
    vertex -52.09046936035156 9.580885887145996 0.03653860092163086
    vertex -52.09046936035156 18.33088493347168 0.036538124084472656
  endloop
endfacet
facet normal 0.0 0.0 0.0
  outer loop
    vertex -54.0623893737793 0.8825969696044922 1.7924346923828125
    vertex -54.114097595214844 0.8308868408203125 2.0
    vertex -54.114097595214844 35.83088302612305 1.9999985694885254
  endloop
endfacet
facet normal 0.0 0.0 0.0
  outer loop
    vertex -52.503883361816406 27.080883026123047 0.14508628845214844
    vertex -52.09046936035156 27.080883026123047 0.03653764724731445
    vertex -52.09046936035156 18.33088493347168 0.036538124084472656
  endloop
endfacet
facet normal 0.0 0.0 0.0
  outer loop
    vertex -52.09046936035156 18.33088493347168 0.036538124084472656
    vertex -52.09046936035156 9.580885887145996 0.03653860092163086
    vertex -52.503883361816406 18.33088493347168 0.14508676528930664
  endloop
endfacet
facet normal 0.0 0.0 0.0
  outer loop
    vertex -52.503883361816406 18.33088493347168 0.14508676528930664
    vertex -52.09046936035156 9.580885887145996 0.03653860092163086
    vertex -52.503883361816406 9.580885887145996 0.14508724212646484
  endloop
endfacet
facet normal 0.0 0.0 0.0
  outer loop
    vertex -52.503883361816406 18.33088493347168 0.14508676528930664
    vertex -52.503883361816406 9.580885887145996 0.14508724212646484
    vertex -52.892765045166016 18.33088493347168 0.32247161865234375
  endloop
endfacet
facet normal 0.0 0.0 0.0
  outer loop
    vertex -52.892765045166016 18.33088493347168 0.32247161865234375
    vertex -52.503883361816406 9.580885887145996 0.14508724212646484
    vertex -52.892765045166016 9.580885887145996 0.32247185707092285
  endloop
endfacet
facet normal 0.0 0.0 0.0
  outer loop
    vertex -52.892765045166016 18.33088493347168 0.32247161865234375
    vertex -52.892765045166016 9.580885887145996 0.32247185707092285
    vertex -53.24574661254883 18.33088493347168 0.5635077953338623
  endloop
endfacet
facet normal 0.0 0.0 0.0
  outer loop
    vertex -53.24574661254883 18.33088493347168 0.5635077953338623
    vertex -52.892765045166016 9.580885887145996 0.32247185707092285
    vertex -53.24574661254883 9.580885887145996 0.5635080337524414
  endloop
endfacet
facet normal 0.0 0.0 0.0
  outer loop
    vertex -53.24574661254883 18.33088493347168 0.5635077953338623
    vertex -53.24574661254883 9.580885887145996 0.5635080337524414
    vertex -53.55250930786133 18.33088493347168 0.861149787902832
  endloop
endfacet
facet normal 0.0 0.0 0.0
  outer loop
    vertex -53.55250930786133 18.33088493347168 0.861149787902832
    vertex -53.24574661254883 9.580885887145996 0.5635080337524414
    vertex -53.55250930786133 9.580885887145996 0.8611500263214111
  endloop
endfacet
facet normal 0.0 0.0 0.0
  outer loop
    vertex -53.55250930786133 18.33088493347168 0.861149787902832
    vertex -53.55250930786133 9.580885887145996 0.8611500263214111
    vertex -53.80408477783203 18.33088493347168 1.2066969871520996
  endloop
endfacet
facet normal 0.0 0.0 0.0
  outer loop
    vertex -53.80408477783203 18.33088493347168 1.2066969871520996
    vertex -53.55250930786133 9.580885887145996 0.8611500263214111
    vertex -53.80408477783203 9.580885887145996 1.2066972255706787
  endloop
endfacet
facet normal 0.0 0.0 0.0
  outer loop
    vertex -53.80408477783203 18.33088493347168 1.2066969871520996
    vertex -53.80408477783203 9.580885887145996 1.2066972255706787
    vertex -53.993125915527344 18.33088493347168 1.5900485515594482
  endloop
endfacet
facet normal 0.0 0.0 0.0
  outer loop
    vertex -53.993125915527344 18.33088493347168 1.5900485515594482
    vertex -53.80408477783203 9.580885887145996 1.2066972255706787
    vertex -53.993125915527344 9.580885887145996 1.5900487899780273
  endloop
endfacet
facet normal 0.0 0.0 0.0
  outer loop
    vertex -52.892765045166016 27.080883026123047 0.32247138023376465
    vertex -52.503883361816406 27.080883026123047 0.14508628845214844
    vertex -52.503883361816406 18.33088493347168 0.14508676528930664
  endloop
endfacet
facet normal 0.0 0.0 0.0
  outer loop
    vertex -52.503883361816406 18.33088493347168 0.14508676528930664
    vertex -52.503883361816406 27.080883026123047 0.14508628845214844
    vertex -52.09046936035156 18.33088493347168 0.036538124084472656
  endloop
endfacet
facet normal 0.0 0.0 0.0
  outer loop
    vertex -52.892765045166016 27.080883026123047 0.32247138023376465
    vertex -52.503883361816406 18.33088493347168 0.14508676528930664
    vertex -52.892765045166016 18.33088493347168 0.32247161865234375
  endloop
endfacet
facet normal 0.0 0.0 0.0
  outer loop
    vertex -53.24574661254883 27.080883026123047 0.5635075569152832
    vertex -52.892765045166016 27.080883026123047 0.32247138023376465
    vertex -52.892765045166016 18.33088493347168 0.32247161865234375
  endloop
endfacet
facet normal 0.0 0.0 0.0
  outer loop
    vertex -53.24574661254883 27.080883026123047 0.5635075569152832
    vertex -52.892765045166016 18.33088493347168 0.32247161865234375
    vertex -53.24574661254883 18.33088493347168 0.5635077953338623
  endloop
endfacet
facet normal 0.0 0.0 0.0
  outer loop
    vertex -53.55250930786133 27.080883026123047 0.8611495494842529
    vertex -53.24574661254883 27.080883026123047 0.5635075569152832
    vertex -53.24574661254883 18.33088493347168 0.5635077953338623
  endloop
endfacet
facet normal 0.0 0.0 0.0
  outer loop
    vertex -53.55250930786133 27.080883026123047 0.8611495494842529
    vertex -53.24574661254883 18.33088493347168 0.5635077953338623
    vertex -53.55250930786133 18.33088493347168 0.861149787902832
  endloop
endfacet
facet normal 0.0 0.0 0.0
  outer loop
    vertex -53.80408477783203 27.080883026123047 1.2066967487335205
    vertex -53.55250930786133 27.080883026123047 0.8611495494842529
    vertex -53.55250930786133 18.33088493347168 0.861149787902832
  endloop
endfacet
facet normal 0.0 0.0 0.0
  outer loop
    vertex -53.80408477783203 27.080883026123047 1.2066967487335205
    vertex -53.55250930786133 18.33088493347168 0.861149787902832
    vertex -53.80408477783203 18.33088493347168 1.2066969871520996
  endloop
endfacet
facet normal 0.0 0.0 0.0
  outer loop
    vertex -53.993125915527344 27.080883026123047 1.5900483131408691
    vertex -53.80408477783203 27.080883026123047 1.2066967487335205
    vertex -53.80408477783203 18.33088493347168 1.2066969871520996
  endloop
endfacet
facet normal 0.0 0.0 0.0
  outer loop
    vertex -53.993125915527344 27.080883026123047 1.5900483131408691
    vertex -53.80408477783203 18.33088493347168 1.2066969871520996
    vertex -53.993125915527344 18.33088493347168 1.5900485515594482
  endloop
endfacet
facet normal 0.0 0.0 0.0
  outer loop
    vertex 7.936412811279297 3.280376434326172 0.0
    vertex -26.471240997314453 2.8545141220092773 0.03653860092163086
    vertex -51.664608001708984 3.280376434326172 0.0
  endloop
endfacet
facet normal 0.0 0.0 0.0
  outer loop
    vertex -51.664608001708984 3.280376434326172 0.0
    vertex -26.471240997314453 2.8545141220092773 0.03653860092163086
    vertex -35.685523986816406 2.8545141220092773 0.03653860092163086
  endloop
endfacet
facet normal 0.0 0.0 0.0
  outer loop
    vertex -51.664608001708984 3.280376434326172 0.0
    vertex -35.685523986816406 2.8545141220092773 0.03653860092163086
    vertex -44.899810791015625 2.8545141220092773 0.03653860092163086
  endloop
endfacet
facet normal 0.0 0.0 0.0
  outer loop
    vertex -44.899810791015625 2.8545141220092773 0.03653860092163086
    vertex -35.685523986816406 2.8545141220092773 0.03653860092163086
    vertex -44.899810791015625 2.4411001205444336 0.14508724212646484
  endloop
endfacet
facet normal 0.0 0.0 0.0
  outer loop
    vertex -44.899810791015625 2.8545141220092773 0.03653860092163086
    vertex -44.899810791015625 2.4411001205444336 0.14508724212646484
    vertex -52.09046936035156 2.8545141220092773 0.03653860092163086
  endloop
endfacet
facet normal 0.0 0.0 0.0
  outer loop
    vertex -52.09046936035156 2.8545141220092773 0.03653860092163086
    vertex -44.899810791015625 2.4411001205444336 0.14508724212646484
    vertex -52.503883361816406 2.4411001205444336 0.14508724212646484
  endloop
endfacet
facet normal 0.0 0.0 0.0
  outer loop
    vertex -52.503883361816406 2.4411001205444336 0.14508724212646484
    vertex -44.899810791015625 2.4411001205444336 0.14508724212646484
    vertex -52.702125549316406 2.242860794067383 0.22545337677001953
  endloop
endfacet
facet normal 0.0 0.0 0.0
  outer loop
    vertex -52.702125549316406 2.242860794067383 0.22545337677001953
    vertex -44.899810791015625 2.4411001205444336 0.14508724212646484
    vertex -44.899810791015625 2.0522193908691406 0.32247233390808105
  endloop
endfacet
facet normal 0.0 0.0 0.0
  outer loop
    vertex -52.702125549316406 2.242860794067383 0.22545337677001953
    vertex -44.899810791015625 2.0522193908691406 0.32247233390808105
    vertex -52.892765045166016 2.0522193908691406 0.32247233390808105
  endloop
endfacet
facet normal 0.0 0.0 0.0
  outer loop
    vertex -52.892765045166016 2.0522193908691406 0.32247233390808105
    vertex -44.899810791015625 2.0522193908691406 0.32247233390808105
    vertex -53.07441711425781 1.8705673217773438 0.43543267250061035
  endloop
endfacet
facet normal 0.0 0.0 0.0
  outer loop
    vertex -53.07441711425781 1.8705673217773438 0.43543267250061035
    vertex -44.899810791015625 2.0522193908691406 0.32247233390808105
    vertex -44.899810791015625 1.6992378234863281 0.5635085105895996
  endloop
endfacet
facet normal 0.0 0.0 0.0
  outer loop
    vertex -53.07441711425781 1.8705673217773438 0.43543267250061035
    vertex -44.899810791015625 1.6992378234863281 0.5635085105895996
    vertex -53.24574661254883 1.6992378234863281 0.5635085105895996
  endloop
endfacet
facet normal 0.0 0.0 0.0
  outer loop
    vertex -53.24574661254883 1.6992378234863281 0.5635085105895996
    vertex -44.899810791015625 1.6992378234863281 0.5635085105895996
    vertex -53.40550231933594 1.5394840240478516 0.7057616710662842
  endloop
endfacet
facet normal 0.0 0.0 0.0
  outer loop
    vertex -53.40550231933594 1.5394840240478516 0.7057616710662842
    vertex -44.899810791015625 1.6992378234863281 0.5635085105895996
    vertex -44.899810791015625 1.3924751281738281 0.8611505031585693
  endloop
endfacet
facet normal 0.0 0.0 0.0
  outer loop
    vertex -53.40550231933594 1.5394840240478516 0.7057616710662842
    vertex -44.899810791015625 1.3924751281738281 0.8611505031585693
    vertex -53.55250930786133 1.3924751281738281 0.8611505031585693
  endloop
endfacet
facet normal 0.0 0.0 0.0
  outer loop
    vertex -53.55250930786133 1.3924751281738281 0.8611505031585693
    vertex -44.899810791015625 1.3924751281738281 0.8611505031585693
    vertex -53.68569564819336 1.2592887878417969 1.0285377502441406
  endloop
endfacet
facet normal 0.0 0.0 0.0
  outer loop
    vertex -53.68569564819336 1.2592887878417969 1.0285377502441406
    vertex -44.899810791015625 1.3924751281738281 0.8611505031585693
    vertex -44.899810791015625 1.1408977508544922 1.206697702407837
  endloop
endfacet
facet normal 0.0 0.0 0.0
  outer loop
    vertex -53.68569564819336 1.2592887878417969 1.0285377502441406
    vertex -44.899810791015625 1.1408977508544922 1.206697702407837
    vertex -53.80408477783203 1.1408977508544922 1.206697702407837
  endloop
endfacet
facet normal 0.0 0.0 0.0
  outer loop
    vertex -53.80408477783203 1.1408977508544922 1.206697702407837
    vertex -44.899810791015625 1.1408977508544922 1.206697702407837
    vertex -53.90681457519531 1.0381717681884766 1.3943259716033936
  endloop
endfacet
facet normal 0.0 0.0 0.0
  outer loop
    vertex -53.90681457519531 1.0381717681884766 1.3943259716033936
    vertex -44.899810791015625 1.1408977508544922 1.206697702407837
    vertex -44.899810791015625 0.9518604278564453 1.5900492668151855
  endloop
endfacet
facet normal 0.0 0.0 0.0
  outer loop
    vertex -53.90681457519531 1.0381717681884766 1.3943259716033936
    vertex -44.899810791015625 0.9518604278564453 1.5900492668151855
    vertex -53.993125915527344 0.9518604278564453 1.5900492668151855
  endloop
endfacet
facet normal 0.0 0.0 0.0
  outer loop
    vertex -53.993125915527344 0.9518604278564453 1.5900492668151855
    vertex -44.899810791015625 0.9518604278564453 1.5900492668151855
    vertex -54.0623893737793 0.8825969696044922 1.7924346923828125
  endloop
endfacet
facet normal 0.0 0.0 0.0
  outer loop
    vertex -54.0623893737793 0.8825969696044922 1.7924346923828125
    vertex -44.899810791015625 0.9518604278564453 1.5900492668151855
    vertex -54.114097595214844 0.8308868408203125 2.0
  endloop
endfacet
facet normal 0.0 0.0 0.0
  outer loop
    vertex -54.114097595214844 0.8308868408203125 2.0
    vertex -44.899810791015625 0.9518604278564453 1.5900492668151855
    vertex -35.685523986816406 0.9518604278564453 1.5900492668151855
  endloop
endfacet
facet normal 0.0 0.0 0.0
  outer loop
    vertex -54.114097595214844 0.8308868408203125 2.0
    vertex -35.685523986816406 0.9518604278564453 1.5900492668151855
    vertex -26.471240997314453 0.9518604278564453 1.5900492668151855
  endloop
endfacet
facet normal 0.0 0.0 0.0
  outer loop
    vertex -26.471240997314453 0.9518604278564453 1.5900492668151855
    vertex -35.685523986816406 0.9518604278564453 1.5900492668151855
    vertex -26.471240997314453 1.1408977508544922 1.206697702407837
  endloop
endfacet
facet normal 0.0 0.0 0.0
  outer loop
    vertex -26.471240997314453 0.9518604278564453 1.5900492668151855
    vertex -26.471240997314453 1.1408977508544922 1.206697702407837
    vertex -17.256954193115234 1.1408977508544922 1.206697702407837
  endloop
endfacet
facet normal 0.0 0.0 0.0
  outer loop
    vertex -17.256954193115234 1.1408977508544922 1.206697702407837
    vertex -26.471240997314453 1.1408977508544922 1.206697702407837
    vertex -17.256954193115234 1.3924751281738281 0.8611505031585693
  endloop
endfacet
facet normal 0.0 0.0 0.0
  outer loop
    vertex -17.256954193115234 1.1408977508544922 1.206697702407837
    vertex -17.256954193115234 1.3924751281738281 0.8611505031585693
    vertex -8.042667388916016 1.3924751281738281 0.8611505031585693
  endloop
endfacet
facet normal 0.0 0.0 0.0
  outer loop
    vertex -8.042667388916016 1.3924751281738281 0.8611505031585693
    vertex -17.256954193115234 1.3924751281738281 0.8611505031585693
    vertex -8.042667388916016 1.6992378234863281 0.5635085105895996
  endloop
endfacet
facet normal 0.0 0.0 0.0
  outer loop
    vertex -8.042667388916016 1.3924751281738281 0.8611505031585693
    vertex -8.042667388916016 1.6992378234863281 0.5635085105895996
    vertex 1.1716156005859375 1.6992378234863281 0.5635085105895996
  endloop
endfacet
facet normal 0.0 0.0 0.0
  outer loop
    vertex 1.1716156005859375 1.6992378234863281 0.5635085105895996
    vertex -8.042667388916016 1.6992378234863281 0.5635085105895996
    vertex 1.1716156005859375 2.0522193908691406 0.32247233390808105
  endloop
endfacet
facet normal 0.0 0.0 0.0
  outer loop
    vertex 1.1716156005859375 1.6992378234863281 0.5635085105895996
    vertex 1.1716156005859375 2.0522193908691406 0.32247233390808105
    vertex 9.346221923828125 1.8705673217773438 0.43543267250061035
  endloop
endfacet
facet normal 0.0 0.0 0.0
  outer loop
    vertex 9.346221923828125 1.8705673217773438 0.43543267250061035
    vertex 1.1716156005859375 2.0522193908691406 0.32247233390808105
    vertex 9.164569854736328 2.0522193908691406 0.32247233390808105
  endloop
endfacet
facet normal 0.0 0.0 0.0
  outer loop
    vertex 9.164569854736328 2.0522193908691406 0.32247233390808105
    vertex 1.1716156005859375 2.0522193908691406 0.32247233390808105
    vertex 8.973926544189453 2.242860794067383 0.22545337677001953
  endloop
endfacet
facet normal 0.0 0.0 0.0
  outer loop
    vertex 8.973926544189453 2.242860794067383 0.22545337677001953
    vertex 1.1716156005859375 2.0522193908691406 0.32247233390808105
    vertex 1.1716156005859375 2.4411001205444336 0.14508724212646484
  endloop
endfacet
facet normal 0.0 0.0 0.0
  outer loop
    vertex 8.973926544189453 2.242860794067383 0.22545337677001953
    vertex 1.1716156005859375 2.4411001205444336 0.14508724212646484
    vertex 8.775688171386719 2.4411001205444336 0.14508724212646484
  endloop
endfacet
facet normal 0.0 0.0 0.0
  outer loop
    vertex 8.775688171386719 2.4411001205444336 0.14508724212646484
    vertex 1.1716156005859375 2.4411001205444336 0.14508724212646484
    vertex 8.362274169921875 2.8545141220092773 0.03653860092163086
  endloop
endfacet
facet normal 0.0 0.0 0.0
  outer loop
    vertex 8.362274169921875 2.8545141220092773 0.03653860092163086
    vertex 1.1716156005859375 2.4411001205444336 0.14508724212646484
    vertex 1.1716156005859375 2.8545141220092773 0.03653860092163086
  endloop
endfacet
facet normal 0.0 0.0 0.0
  outer loop
    vertex 8.362274169921875 2.8545141220092773 0.03653860092163086
    vertex 1.1716156005859375 2.8545141220092773 0.03653860092163086
    vertex 7.936412811279297 3.280376434326172 0.0
  endloop
endfacet
facet normal 0.0 0.0 0.0
  outer loop
    vertex 7.936412811279297 3.280376434326172 0.0
    vertex 1.1716156005859375 2.8545141220092773 0.03653860092163086
    vertex -8.042667388916016 2.8545141220092773 0.03653860092163086
  endloop
endfacet
facet normal 0.0 0.0 0.0
  outer loop
    vertex 7.936412811279297 3.280376434326172 0.0
    vertex -8.042667388916016 2.8545141220092773 0.03653860092163086
    vertex -17.256954193115234 2.8545141220092773 0.03653860092163086
  endloop
endfacet
facet normal 0.0 0.0 0.0
  outer loop
    vertex -17.256954193115234 2.8545141220092773 0.03653860092163086
    vertex -8.042667388916016 2.8545141220092773 0.03653860092163086
    vertex -17.256954193115234 2.4411001205444336 0.14508724212646484
  endloop
endfacet
facet normal 0.0 0.0 0.0
  outer loop
    vertex -17.256954193115234 2.8545141220092773 0.03653860092163086
    vertex -17.256954193115234 2.4411001205444336 0.14508724212646484
    vertex -26.471240997314453 2.4411001205444336 0.14508724212646484
  endloop
endfacet
facet normal 0.0 0.0 0.0
  outer loop
    vertex -26.471240997314453 2.4411001205444336 0.14508724212646484
    vertex -17.256954193115234 2.4411001205444336 0.14508724212646484
    vertex -26.471240997314453 2.0522193908691406 0.32247233390808105
  endloop
endfacet
facet normal 0.0 0.0 0.0
  outer loop
    vertex -26.471240997314453 2.4411001205444336 0.14508724212646484
    vertex -26.471240997314453 2.0522193908691406 0.32247233390808105
    vertex -35.685523986816406 2.0522193908691406 0.32247233390808105
  endloop
endfacet
facet normal 0.0 0.0 0.0
  outer loop
    vertex -35.685523986816406 2.0522193908691406 0.32247233390808105
    vertex -26.471240997314453 2.0522193908691406 0.32247233390808105
    vertex -35.685523986816406 1.6992378234863281 0.5635085105895996
  endloop
endfacet
facet normal 0.0 0.0 0.0
  outer loop
    vertex -35.685523986816406 2.0522193908691406 0.32247233390808105
    vertex -35.685523986816406 1.6992378234863281 0.5635085105895996
    vertex -44.899810791015625 1.6992378234863281 0.5635085105895996
  endloop
endfacet
facet normal 0.0 0.0 0.0
  outer loop
    vertex -44.899810791015625 1.6992378234863281 0.5635085105895996
    vertex -35.685523986816406 1.6992378234863281 0.5635085105895996
    vertex -44.899810791015625 1.3924751281738281 0.8611505031585693
  endloop
endfacet
facet normal 0.0 0.0 0.0
  outer loop
    vertex 9.346221923828125 1.8705673217773438 0.43543267250061035
    vertex 9.51755142211914 1.6992378234863281 0.5635085105895996
    vertex 1.1716156005859375 1.6992378234863281 0.5635085105895996
  endloop
endfacet
facet normal 0.0 0.0 0.0
  outer loop
    vertex 1.1716156005859375 1.6992378234863281 0.5635085105895996
    vertex 9.51755142211914 1.6992378234863281 0.5635085105895996
    vertex 9.67730712890625 1.5394840240478516 0.7057616710662842
  endloop
endfacet
facet normal 0.0 0.0 0.0
  outer loop
    vertex 1.1716156005859375 1.6992378234863281 0.5635085105895996
    vertex 9.67730712890625 1.5394840240478516 0.7057616710662842
    vertex 1.1716156005859375 1.3924751281738281 0.8611505031585693
  endloop
endfacet
facet normal 0.0 0.0 0.0
  outer loop
    vertex 1.1716156005859375 1.3924751281738281 0.8611505031585693
    vertex 9.67730712890625 1.5394840240478516 0.7057616710662842
    vertex 9.82431411743164 1.3924751281738281 0.8611505031585693
  endloop
endfacet
facet normal 0.0 0.0 0.0
  outer loop
    vertex 1.1716156005859375 1.3924751281738281 0.8611505031585693
    vertex 9.82431411743164 1.3924751281738281 0.8611505031585693
    vertex 9.957500457763672 1.2592887878417969 1.0285377502441406
  endloop
endfacet
facet normal 0.0 0.0 0.0
  outer loop
    vertex 1.1716156005859375 1.3924751281738281 0.8611505031585693
    vertex 9.957500457763672 1.2592887878417969 1.0285377502441406
    vertex 1.1716156005859375 1.1408977508544922 1.206697702407837
  endloop
endfacet
facet normal 0.0 0.0 0.0
  outer loop
    vertex 1.1716156005859375 1.1408977508544922 1.206697702407837
    vertex 9.957500457763672 1.2592887878417969 1.0285377502441406
    vertex 10.075889587402344 1.1408977508544922 1.206697702407837
  endloop
endfacet
facet normal 0.0 0.0 0.0
  outer loop
    vertex 1.1716156005859375 1.1408977508544922 1.206697702407837
    vertex 10.075889587402344 1.1408977508544922 1.206697702407837
    vertex 10.178619384765625 1.0381717681884766 1.3943259716033936
  endloop
endfacet
facet normal 0.0 0.0 0.0
  outer loop
    vertex 1.1716156005859375 1.1408977508544922 1.206697702407837
    vertex 10.178619384765625 1.0381717681884766 1.3943259716033936
    vertex 1.1716156005859375 0.9518604278564453 1.5900492668151855
  endloop
endfacet
facet normal 0.0 0.0 0.0
  outer loop
    vertex 1.1716156005859375 0.9518604278564453 1.5900492668151855
    vertex 10.178619384765625 1.0381717681884766 1.3943259716033936
    vertex 10.264930725097656 0.9518604278564453 1.5900492668151855
  endloop
endfacet
facet normal 0.0 0.0 0.0
  outer loop
    vertex 1.1716156005859375 0.9518604278564453 1.5900492668151855
    vertex 10.264930725097656 0.9518604278564453 1.5900492668151855
    vertex 10.33419418334961 0.8825969696044922 1.7924346923828125
  endloop
endfacet
facet normal 0.0 0.0 0.0
  outer loop
    vertex 10.385902404785156 0.8308868408203125 2.0
    vertex -54.114097595214844 0.8308868408203125 2.0
    vertex 10.33419418334961 0.8825969696044922 1.7924346923828125
  endloop
endfacet
facet normal 0.0 0.0 0.0
  outer loop
    vertex 10.33419418334961 0.8825969696044922 1.7924346923828125
    vertex -54.114097595214844 0.8308868408203125 2.0
    vertex -17.256954193115234 0.9518604278564453 1.5900492668151855
  endloop
endfacet
facet normal 0.0 0.0 0.0
  outer loop
    vertex 10.33419418334961 0.8825969696044922 1.7924346923828125
    vertex -17.256954193115234 0.9518604278564453 1.5900492668151855
    vertex -8.042667388916016 0.9518604278564453 1.5900492668151855
  endloop
endfacet
facet normal 0.0 0.0 0.0
  outer loop
    vertex -8.042667388916016 0.9518604278564453 1.5900492668151855
    vertex -17.256954193115234 0.9518604278564453 1.5900492668151855
    vertex -8.042667388916016 1.1408977508544922 1.206697702407837
  endloop
endfacet
facet normal 0.0 0.0 0.0
  outer loop
    vertex -8.042667388916016 0.9518604278564453 1.5900492668151855
    vertex -8.042667388916016 1.1408977508544922 1.206697702407837
    vertex 1.1716156005859375 1.1408977508544922 1.206697702407837
  endloop
endfacet
facet normal 0.0 0.0 0.0
  outer loop
    vertex 1.1716156005859375 1.1408977508544922 1.206697702407837
    vertex -8.042667388916016 1.1408977508544922 1.206697702407837
    vertex 1.1716156005859375 1.3924751281738281 0.8611505031585693
  endloop
endfacet
facet normal 0.0 0.0 0.0
  outer loop
    vertex -52.09046936035156 2.8545141220092773 0.03653860092163086
    vertex -51.664608001708984 3.280376434326172 0.0
    vertex -44.899810791015625 2.8545141220092773 0.03653860092163086
  endloop
endfacet
facet normal 0.0 0.0 0.0
  outer loop
    vertex -26.471240997314453 2.8545141220092773 0.03653860092163086
    vertex 7.936412811279297 3.280376434326172 0.0
    vertex -17.256954193115234 2.8545141220092773 0.03653860092163086
  endloop
endfacet
facet normal 0.0 0.0 0.0
  outer loop
    vertex -8.042667388916016 2.8545141220092773 0.03653860092163086
    vertex 1.1716156005859375 2.8545141220092773 0.03653860092163086
    vertex -8.042667388916016 2.4411001205444336 0.14508724212646484
  endloop
endfacet
facet normal 0.0 0.0 0.0
  outer loop
    vertex -8.042667388916016 2.4411001205444336 0.14508724212646484
    vertex 1.1716156005859375 2.8545141220092773 0.03653860092163086
    vertex 1.1716156005859375 2.4411001205444336 0.14508724212646484
  endloop
endfacet
facet normal 0.0 0.0 0.0
  outer loop
    vertex -8.042667388916016 2.4411001205444336 0.14508724212646484
    vertex 1.1716156005859375 2.4411001205444336 0.14508724212646484
    vertex -8.042667388916016 2.0522193908691406 0.32247233390808105
  endloop
endfacet
facet normal 0.0 0.0 0.0
  outer loop
    vertex -8.042667388916016 2.0522193908691406 0.32247233390808105
    vertex 1.1716156005859375 2.4411001205444336 0.14508724212646484
    vertex 1.1716156005859375 2.0522193908691406 0.32247233390808105
  endloop
endfacet
facet normal 0.0 0.0 0.0
  outer loop
    vertex -8.042667388916016 2.0522193908691406 0.32247233390808105
    vertex 1.1716156005859375 2.0522193908691406 0.32247233390808105
    vertex -8.042667388916016 1.6992378234863281 0.5635085105895996
  endloop
endfacet
facet normal 0.0 0.0 0.0
  outer loop
    vertex -17.256954193115234 2.8545141220092773 0.03653860092163086
    vertex -26.471240997314453 2.4411001205444336 0.14508724212646484
    vertex -26.471240997314453 2.8545141220092773 0.03653860092163086
  endloop
endfacet
facet normal 0.0 0.0 0.0
  outer loop
    vertex -26.471240997314453 2.8545141220092773 0.03653860092163086
    vertex -26.471240997314453 2.4411001205444336 0.14508724212646484
    vertex -35.685523986816406 2.4411001205444336 0.14508724212646484
  endloop
endfacet
facet normal 0.0 0.0 0.0
  outer loop
    vertex -26.471240997314453 2.8545141220092773 0.03653860092163086
    vertex -35.685523986816406 2.4411001205444336 0.14508724212646484
    vertex -35.685523986816406 2.8545141220092773 0.03653860092163086
  endloop
endfacet
facet normal 0.0 0.0 0.0
  outer loop
    vertex -35.685523986816406 2.8545141220092773 0.03653860092163086
    vertex -35.685523986816406 2.4411001205444336 0.14508724212646484
    vertex -44.899810791015625 2.4411001205444336 0.14508724212646484
  endloop
endfacet
facet normal 0.0 0.0 0.0
  outer loop
    vertex -8.042667388916016 2.8545141220092773 0.03653860092163086
    vertex -8.042667388916016 2.4411001205444336 0.14508724212646484
    vertex -17.256954193115234 2.4411001205444336 0.14508724212646484
  endloop
endfacet
facet normal 0.0 0.0 0.0
  outer loop
    vertex -17.256954193115234 2.4411001205444336 0.14508724212646484
    vertex -8.042667388916016 2.4411001205444336 0.14508724212646484
    vertex -17.256954193115234 2.0522193908691406 0.32247233390808105
  endloop
endfacet
facet normal 0.0 0.0 0.0
  outer loop
    vertex -17.256954193115234 2.4411001205444336 0.14508724212646484
    vertex -17.256954193115234 2.0522193908691406 0.32247233390808105
    vertex -26.471240997314453 2.0522193908691406 0.32247233390808105
  endloop
endfacet
facet normal 0.0 0.0 0.0
  outer loop
    vertex -26.471240997314453 2.0522193908691406 0.32247233390808105
    vertex -17.256954193115234 2.0522193908691406 0.32247233390808105
    vertex -26.471240997314453 1.6992378234863281 0.5635085105895996
  endloop
endfacet
facet normal 0.0 0.0 0.0
  outer loop
    vertex -26.471240997314453 2.0522193908691406 0.32247233390808105
    vertex -26.471240997314453 1.6992378234863281 0.5635085105895996
    vertex -35.685523986816406 1.6992378234863281 0.5635085105895996
  endloop
endfacet
facet normal 0.0 0.0 0.0
  outer loop
    vertex -35.685523986816406 1.6992378234863281 0.5635085105895996
    vertex -26.471240997314453 1.6992378234863281 0.5635085105895996
    vertex -35.685523986816406 1.3924751281738281 0.8611505031585693
  endloop
endfacet
facet normal 0.0 0.0 0.0
  outer loop
    vertex -35.685523986816406 1.6992378234863281 0.5635085105895996
    vertex -35.685523986816406 1.3924751281738281 0.8611505031585693
    vertex -44.899810791015625 1.3924751281738281 0.8611505031585693
  endloop
endfacet
facet normal 0.0 0.0 0.0
  outer loop
    vertex -44.899810791015625 1.3924751281738281 0.8611505031585693
    vertex -35.685523986816406 1.3924751281738281 0.8611505031585693
    vertex -44.899810791015625 1.1408977508544922 1.206697702407837
  endloop
endfacet
facet normal 0.0 0.0 0.0
  outer loop
    vertex -17.256954193115234 2.0522193908691406 0.32247233390808105
    vertex -8.042667388916016 2.4411001205444336 0.14508724212646484
    vertex -8.042667388916016 2.0522193908691406 0.32247233390808105
  endloop
endfacet
facet normal 0.0 0.0 0.0
  outer loop
    vertex -44.899810791015625 2.0522193908691406 0.32247233390808105
    vertex -44.899810791015625 2.4411001205444336 0.14508724212646484
    vertex -35.685523986816406 2.4411001205444336 0.14508724212646484
  endloop
endfacet
facet normal 0.0 0.0 0.0
  outer loop
    vertex -44.899810791015625 2.0522193908691406 0.32247233390808105
    vertex -35.685523986816406 2.4411001205444336 0.14508724212646484
    vertex -35.685523986816406 2.0522193908691406 0.32247233390808105
  endloop
endfacet
facet normal 0.0 0.0 0.0
  outer loop
    vertex -35.685523986816406 2.0522193908691406 0.32247233390808105
    vertex -35.685523986816406 2.4411001205444336 0.14508724212646484
    vertex -26.471240997314453 2.4411001205444336 0.14508724212646484
  endloop
endfacet
facet normal 0.0 0.0 0.0
  outer loop
    vertex -17.256954193115234 2.0522193908691406 0.32247233390808105
    vertex -8.042667388916016 2.0522193908691406 0.32247233390808105
    vertex -17.256954193115234 1.6992378234863281 0.5635085105895996
  endloop
endfacet
facet normal 0.0 0.0 0.0
  outer loop
    vertex -17.256954193115234 1.6992378234863281 0.5635085105895996
    vertex -8.042667388916016 2.0522193908691406 0.32247233390808105
    vertex -8.042667388916016 1.6992378234863281 0.5635085105895996
  endloop
endfacet
facet normal 0.0 0.0 0.0
  outer loop
    vertex -17.256954193115234 1.6992378234863281 0.5635085105895996
    vertex -8.042667388916016 1.6992378234863281 0.5635085105895996
    vertex -17.256954193115234 1.3924751281738281 0.8611505031585693
  endloop
endfacet
facet normal 0.0 0.0 0.0
  outer loop
    vertex -44.899810791015625 1.6992378234863281 0.5635085105895996
    vertex -44.899810791015625 2.0522193908691406 0.32247233390808105
    vertex -35.685523986816406 2.0522193908691406 0.32247233390808105
  endloop
endfacet
facet normal 0.0 0.0 0.0
  outer loop
    vertex -17.256954193115234 2.0522193908691406 0.32247233390808105
    vertex -17.256954193115234 1.6992378234863281 0.5635085105895996
    vertex -26.471240997314453 1.6992378234863281 0.5635085105895996
  endloop
endfacet
facet normal 0.0 0.0 0.0
  outer loop
    vertex -26.471240997314453 1.6992378234863281 0.5635085105895996
    vertex -17.256954193115234 1.6992378234863281 0.5635085105895996
    vertex -26.471240997314453 1.3924751281738281 0.8611505031585693
  endloop
endfacet
facet normal 0.0 0.0 0.0
  outer loop
    vertex -26.471240997314453 1.6992378234863281 0.5635085105895996
    vertex -26.471240997314453 1.3924751281738281 0.8611505031585693
    vertex -35.685523986816406 1.3924751281738281 0.8611505031585693
  endloop
endfacet
facet normal 0.0 0.0 0.0
  outer loop
    vertex -35.685523986816406 1.3924751281738281 0.8611505031585693
    vertex -26.471240997314453 1.3924751281738281 0.8611505031585693
    vertex -35.685523986816406 1.1408977508544922 1.206697702407837
  endloop
endfacet
facet normal 0.0 0.0 0.0
  outer loop
    vertex -35.685523986816406 1.3924751281738281 0.8611505031585693
    vertex -35.685523986816406 1.1408977508544922 1.206697702407837
    vertex -44.899810791015625 1.1408977508544922 1.206697702407837
  endloop
endfacet
facet normal 0.0 0.0 0.0
  outer loop
    vertex -44.899810791015625 1.1408977508544922 1.206697702407837
    vertex -35.685523986816406 1.1408977508544922 1.206697702407837
    vertex -44.899810791015625 0.9518604278564453 1.5900492668151855
  endloop
endfacet
facet normal 0.0 0.0 0.0
  outer loop
    vertex -26.471240997314453 1.3924751281738281 0.8611505031585693
    vertex -17.256954193115234 1.6992378234863281 0.5635085105895996
    vertex -17.256954193115234 1.3924751281738281 0.8611505031585693
  endloop
endfacet
facet normal 0.0 0.0 0.0
  outer loop
    vertex 1.1716156005859375 1.6992378234863281 0.5635085105895996
    vertex 1.1716156005859375 1.3924751281738281 0.8611505031585693
    vertex -8.042667388916016 1.3924751281738281 0.8611505031585693
  endloop
endfacet
facet normal 0.0 0.0 0.0
  outer loop
    vertex -8.042667388916016 1.3924751281738281 0.8611505031585693
    vertex 1.1716156005859375 1.3924751281738281 0.8611505031585693
    vertex -8.042667388916016 1.1408977508544922 1.206697702407837
  endloop
endfacet
facet normal 0.0 0.0 0.0
  outer loop
    vertex -8.042667388916016 1.3924751281738281 0.8611505031585693
    vertex -8.042667388916016 1.1408977508544922 1.206697702407837
    vertex -17.256954193115234 1.1408977508544922 1.206697702407837
  endloop
endfacet
facet normal 0.0 0.0 0.0
  outer loop
    vertex -17.256954193115234 1.1408977508544922 1.206697702407837
    vertex -8.042667388916016 1.1408977508544922 1.206697702407837
    vertex -17.256954193115234 0.9518604278564453 1.5900492668151855
  endloop
endfacet
facet normal 0.0 0.0 0.0
  outer loop
    vertex -17.256954193115234 1.1408977508544922 1.206697702407837
    vertex -17.256954193115234 0.9518604278564453 1.5900492668151855
    vertex -26.471240997314453 0.9518604278564453 1.5900492668151855
  endloop
endfacet
facet normal 0.0 0.0 0.0
  outer loop
    vertex -26.471240997314453 0.9518604278564453 1.5900492668151855
    vertex -17.256954193115234 0.9518604278564453 1.5900492668151855
    vertex -54.114097595214844 0.8308868408203125 2.0
  endloop
endfacet
facet normal 0.0 0.0 0.0
  outer loop
    vertex -35.685523986816406 1.1408977508544922 1.206697702407837
    vertex -26.471240997314453 1.3924751281738281 0.8611505031585693
    vertex -26.471240997314453 1.1408977508544922 1.206697702407837
  endloop
endfacet
facet normal 0.0 0.0 0.0
  outer loop
    vertex -26.471240997314453 1.1408977508544922 1.206697702407837
    vertex -26.471240997314453 1.3924751281738281 0.8611505031585693
    vertex -17.256954193115234 1.3924751281738281 0.8611505031585693
  endloop
endfacet
facet normal 0.0 0.0 0.0
  outer loop
    vertex -44.899810791015625 0.9518604278564453 1.5900492668151855
    vertex -35.685523986816406 1.1408977508544922 1.206697702407837
    vertex -35.685523986816406 0.9518604278564453 1.5900492668151855
  endloop
endfacet
facet normal 0.0 0.0 0.0
  outer loop
    vertex -35.685523986816406 0.9518604278564453 1.5900492668151855
    vertex -35.685523986816406 1.1408977508544922 1.206697702407837
    vertex -26.471240997314453 1.1408977508544922 1.206697702407837
  endloop
endfacet
facet normal 0.0 0.0 0.0
  outer loop
    vertex 10.33419418334961 0.8825969696044922 1.7924346923828125
    vertex -8.042667388916016 0.9518604278564453 1.5900492668151855
    vertex 1.1716156005859375 0.9518604278564453 1.5900492668151855
  endloop
endfacet
facet normal 0.0 0.0 0.0
  outer loop
    vertex 1.1716156005859375 0.9518604278564453 1.5900492668151855
    vertex -8.042667388916016 0.9518604278564453 1.5900492668151855
    vertex 1.1716156005859375 1.1408977508544922 1.206697702407837
  endloop
endfacet
facet normal 0.0 0.0 0.0
  outer loop
    vertex 10.385902404785156 35.83088302612305 1.9999985694885254
    vertex 10.385902404785156 0.8308868408203125 2.0
    vertex 10.33419418334961 35.7791748046875 1.792433261871338
  endloop
endfacet
facet normal 0.0 0.0 0.0
  outer loop
    vertex 10.33419418334961 35.7791748046875 1.792433261871338
    vertex 10.385902404785156 0.8308868408203125 2.0
    vertex 10.264930725097656 18.33088493347168 1.5900485515594482
  endloop
endfacet
facet normal 0.0 0.0 0.0
  outer loop
    vertex 10.33419418334961 35.7791748046875 1.792433261871338
    vertex 10.264930725097656 18.33088493347168 1.5900485515594482
    vertex 10.264930725097656 27.080883026123047 1.5900483131408691
  endloop
endfacet
facet normal 0.0 0.0 0.0
  outer loop
    vertex 10.264930725097656 27.080883026123047 1.5900483131408691
    vertex 10.264930725097656 18.33088493347168 1.5900485515594482
    vertex 10.075889587402344 27.080883026123047 1.2066967487335205
  endloop
endfacet
facet normal 0.0 0.0 0.0
  outer loop
    vertex 10.264930725097656 27.080883026123047 1.5900483131408691
    vertex 10.075889587402344 27.080883026123047 1.2066967487335205
    vertex 10.178619384765625 35.623600006103516 1.394324541091919
  endloop
endfacet
facet normal 0.0 0.0 0.0
  outer loop
    vertex 10.178619384765625 35.623600006103516 1.394324541091919
    vertex 10.075889587402344 27.080883026123047 1.2066967487335205
    vertex 10.075889587402344 35.520870208740234 1.2066962718963623
  endloop
endfacet
facet normal 0.0 0.0 0.0
  outer loop
    vertex 10.075889587402344 35.520870208740234 1.2066962718963623
    vertex 10.075889587402344 27.080883026123047 1.2066967487335205
    vertex 9.957500457763672 35.40248107910156 1.028536319732666
  endloop
endfacet
facet normal 0.0 0.0 0.0
  outer loop
    vertex 9.957500457763672 35.40248107910156 1.028536319732666
    vertex 10.075889587402344 27.080883026123047 1.2066967487335205
    vertex 9.82431411743164 27.080883026123047 0.8611495494842529
  endloop
endfacet
facet normal 0.0 0.0 0.0
  outer loop
    vertex 9.957500457763672 35.40248107910156 1.028536319732666
    vertex 9.82431411743164 27.080883026123047 0.8611495494842529
    vertex 9.82431411743164 35.26929473876953 0.8611490726470947
  endloop
endfacet
facet normal 0.0 0.0 0.0
  outer loop
    vertex 9.82431411743164 35.26929473876953 0.8611490726470947
    vertex 9.82431411743164 27.080883026123047 0.8611495494842529
    vertex 9.67730712890625 35.12228775024414 0.7057602405548096
  endloop
endfacet
facet normal 0.0 0.0 0.0
  outer loop
    vertex 9.67730712890625 35.12228775024414 0.7057602405548096
    vertex 9.82431411743164 27.080883026123047 0.8611495494842529
    vertex 9.51755142211914 27.080883026123047 0.5635075569152832
  endloop
endfacet
facet normal 0.0 0.0 0.0
  outer loop
    vertex 9.67730712890625 35.12228775024414 0.7057602405548096
    vertex 9.51755142211914 27.080883026123047 0.5635075569152832
    vertex 9.51755142211914 34.96253204345703 0.563507080078125
  endloop
endfacet
facet normal 0.0 0.0 0.0
  outer loop
    vertex 9.51755142211914 34.96253204345703 0.563507080078125
    vertex 9.51755142211914 27.080883026123047 0.5635075569152832
    vertex 9.346221923828125 34.791202545166016 0.43543124198913574
  endloop
endfacet
facet normal 0.0 0.0 0.0
  outer loop
    vertex 9.346221923828125 34.791202545166016 0.43543124198913574
    vertex 9.51755142211914 27.080883026123047 0.5635075569152832
    vertex 9.164569854736328 27.080883026123047 0.32247138023376465
  endloop
endfacet
facet normal 0.0 0.0 0.0
  outer loop
    vertex 9.346221923828125 34.791202545166016 0.43543124198913574
    vertex 9.164569854736328 27.080883026123047 0.32247138023376465
    vertex 9.164569854736328 34.60955047607422 0.32247090339660645
  endloop
endfacet
facet normal 0.0 0.0 0.0
  outer loop
    vertex 9.164569854736328 34.60955047607422 0.32247090339660645
    vertex 9.164569854736328 27.080883026123047 0.32247138023376465
    vertex 8.973926544189453 34.418907165527344 0.22545242309570312
  endloop
endfacet
facet normal 0.0 0.0 0.0
  outer loop
    vertex 8.973926544189453 34.418907165527344 0.22545242309570312
    vertex 9.164569854736328 27.080883026123047 0.32247138023376465
    vertex 8.775688171386719 27.080883026123047 0.14508628845214844
  endloop
endfacet
facet normal 0.0 0.0 0.0
  outer loop
    vertex 8.973926544189453 34.418907165527344 0.22545242309570312
    vertex 8.775688171386719 27.080883026123047 0.14508628845214844
    vertex 8.775688171386719 34.220672607421875 0.14508628845214844
  endloop
endfacet
facet normal 0.0 0.0 0.0
  outer loop
    vertex 8.775688171386719 34.220672607421875 0.14508628845214844
    vertex 8.775688171386719 27.080883026123047 0.14508628845214844
    vertex 8.362274169921875 33.80725860595703 0.03653764724731445
  endloop
endfacet
facet normal 0.0 0.0 0.0
  outer loop
    vertex 8.362274169921875 33.80725860595703 0.03653764724731445
    vertex 8.775688171386719 27.080883026123047 0.14508628845214844
    vertex 8.362274169921875 27.080883026123047 0.03653764724731445
  endloop
endfacet
facet normal 0.0 0.0 0.0
  outer loop
    vertex 8.362274169921875 33.80725860595703 0.03653764724731445
    vertex 8.362274169921875 27.080883026123047 0.03653764724731445
    vertex 7.936412811279297 33.38139343261719 -9.5367431640625e-07
  endloop
endfacet
facet normal 0.0 0.0 0.0
  outer loop
    vertex 7.936412811279297 33.38139343261719 -9.5367431640625e-07
    vertex 8.362274169921875 27.080883026123047 0.03653764724731445
    vertex 8.362274169921875 18.33088493347168 0.036538124084472656
  endloop
endfacet
facet normal 0.0 0.0 0.0
  outer loop
    vertex 7.936412811279297 33.38139343261719 -9.5367431640625e-07
    vertex 8.362274169921875 18.33088493347168 0.036538124084472656
    vertex 7.936412811279297 3.280376434326172 0.0
  endloop
endfacet
facet normal 0.0 0.0 0.0
  outer loop
    vertex 7.936412811279297 3.280376434326172 0.0
    vertex 8.362274169921875 18.33088493347168 0.036538124084472656
    vertex 8.362274169921875 9.580885887145996 0.03653860092163086
  endloop
endfacet
facet normal 0.0 0.0 0.0
  outer loop
    vertex 7.936412811279297 3.280376434326172 0.0
    vertex 8.362274169921875 9.580885887145996 0.03653860092163086
    vertex 8.362274169921875 2.8545141220092773 0.03653860092163086
  endloop
endfacet
facet normal 0.0 0.0 0.0
  outer loop
    vertex 8.362274169921875 2.8545141220092773 0.03653860092163086
    vertex 8.362274169921875 9.580885887145996 0.03653860092163086
    vertex 8.775688171386719 9.580885887145996 0.14508724212646484
  endloop
endfacet
facet normal 0.0 0.0 0.0
  outer loop
    vertex 8.362274169921875 2.8545141220092773 0.03653860092163086
    vertex 8.775688171386719 9.580885887145996 0.14508724212646484
    vertex 8.775688171386719 2.4411001205444336 0.14508724212646484
  endloop
endfacet
facet normal 0.0 0.0 0.0
  outer loop
    vertex 8.775688171386719 2.4411001205444336 0.14508724212646484
    vertex 8.775688171386719 9.580885887145996 0.14508724212646484
    vertex 8.973926544189453 2.242860794067383 0.22545337677001953
  endloop
endfacet
facet normal 0.0 0.0 0.0
  outer loop
    vertex 8.973926544189453 2.242860794067383 0.22545337677001953
    vertex 8.775688171386719 9.580885887145996 0.14508724212646484
    vertex 9.164569854736328 9.580885887145996 0.32247185707092285
  endloop
endfacet
facet normal 0.0 0.0 0.0
  outer loop
    vertex 8.973926544189453 2.242860794067383 0.22545337677001953
    vertex 9.164569854736328 9.580885887145996 0.32247185707092285
    vertex 9.164569854736328 2.0522193908691406 0.32247233390808105
  endloop
endfacet
facet normal 0.0 0.0 0.0
  outer loop
    vertex 9.164569854736328 2.0522193908691406 0.32247233390808105
    vertex 9.164569854736328 9.580885887145996 0.32247185707092285
    vertex 9.346221923828125 1.8705673217773438 0.43543267250061035
  endloop
endfacet
facet normal 0.0 0.0 0.0
  outer loop
    vertex 9.346221923828125 1.8705673217773438 0.43543267250061035
    vertex 9.164569854736328 9.580885887145996 0.32247185707092285
    vertex 9.51755142211914 9.580885887145996 0.5635080337524414
  endloop
endfacet
facet normal 0.0 0.0 0.0
  outer loop
    vertex 9.346221923828125 1.8705673217773438 0.43543267250061035
    vertex 9.51755142211914 9.580885887145996 0.5635080337524414
    vertex 9.51755142211914 1.6992378234863281 0.5635085105895996
  endloop
endfacet
facet normal 0.0 0.0 0.0
  outer loop
    vertex 9.51755142211914 1.6992378234863281 0.5635085105895996
    vertex 9.51755142211914 9.580885887145996 0.5635080337524414
    vertex 9.67730712890625 1.5394840240478516 0.7057616710662842
  endloop
endfacet
facet normal 0.0 0.0 0.0
  outer loop
    vertex 9.67730712890625 1.5394840240478516 0.7057616710662842
    vertex 9.51755142211914 9.580885887145996 0.5635080337524414
    vertex 9.82431411743164 9.580885887145996 0.8611500263214111
  endloop
endfacet
facet normal 0.0 0.0 0.0
  outer loop
    vertex 9.67730712890625 1.5394840240478516 0.7057616710662842
    vertex 9.82431411743164 9.580885887145996 0.8611500263214111
    vertex 9.82431411743164 1.3924751281738281 0.8611505031585693
  endloop
endfacet
facet normal 0.0 0.0 0.0
  outer loop
    vertex 9.82431411743164 1.3924751281738281 0.8611505031585693
    vertex 9.82431411743164 9.580885887145996 0.8611500263214111
    vertex 9.957500457763672 1.2592887878417969 1.0285377502441406
  endloop
endfacet
facet normal 0.0 0.0 0.0
  outer loop
    vertex 9.957500457763672 1.2592887878417969 1.0285377502441406
    vertex 9.82431411743164 9.580885887145996 0.8611500263214111
    vertex 10.075889587402344 9.580885887145996 1.2066972255706787
  endloop
endfacet
facet normal 0.0 0.0 0.0
  outer loop
    vertex 9.957500457763672 1.2592887878417969 1.0285377502441406
    vertex 10.075889587402344 9.580885887145996 1.2066972255706787
    vertex 10.075889587402344 1.1408977508544922 1.206697702407837
  endloop
endfacet
facet normal 0.0 0.0 0.0
  outer loop
    vertex 10.075889587402344 1.1408977508544922 1.206697702407837
    vertex 10.075889587402344 9.580885887145996 1.2066972255706787
    vertex 10.178619384765625 1.0381717681884766 1.3943259716033936
  endloop
endfacet
facet normal 0.0 0.0 0.0
  outer loop
    vertex 10.178619384765625 1.0381717681884766 1.3943259716033936
    vertex 10.075889587402344 9.580885887145996 1.2066972255706787
    vertex 10.264930725097656 9.580885887145996 1.5900487899780273
  endloop
endfacet
facet normal 0.0 0.0 0.0
  outer loop
    vertex 10.178619384765625 1.0381717681884766 1.3943259716033936
    vertex 10.264930725097656 9.580885887145996 1.5900487899780273
    vertex 10.264930725097656 0.9518604278564453 1.5900492668151855
  endloop
endfacet
facet normal 0.0 0.0 0.0
  outer loop
    vertex 10.264930725097656 0.9518604278564453 1.5900492668151855
    vertex 10.264930725097656 9.580885887145996 1.5900487899780273
    vertex 10.33419418334961 0.8825969696044922 1.7924346923828125
  endloop
endfacet
facet normal 0.0 0.0 0.0
  outer loop
    vertex 10.33419418334961 0.8825969696044922 1.7924346923828125
    vertex 10.264930725097656 9.580885887145996 1.5900487899780273
    vertex 10.385902404785156 0.8308868408203125 2.0
  endloop
endfacet
facet normal 0.0 0.0 0.0
  outer loop
    vertex 10.385902404785156 0.8308868408203125 2.0
    vertex 10.264930725097656 9.580885887145996 1.5900487899780273
    vertex 10.264930725097656 18.33088493347168 1.5900485515594482
  endloop
endfacet
facet normal 0.0 0.0 0.0
  outer loop
    vertex 10.178619384765625 35.623600006103516 1.394324541091919
    vertex 10.264930725097656 35.70991134643555 1.590047836303711
    vertex 10.264930725097656 27.080883026123047 1.5900483131408691
  endloop
endfacet
facet normal 0.0 0.0 0.0
  outer loop
    vertex 10.264930725097656 27.080883026123047 1.5900483131408691
    vertex 10.264930725097656 35.70991134643555 1.590047836303711
    vertex 10.33419418334961 35.7791748046875 1.792433261871338
  endloop
endfacet
facet normal 0.0 0.0 0.0
  outer loop
    vertex 10.264930725097656 18.33088493347168 1.5900485515594482
    vertex 10.264930725097656 9.580885887145996 1.5900487899780273
    vertex 10.075889587402344 18.33088493347168 1.2066969871520996
  endloop
endfacet
facet normal 0.0 0.0 0.0
  outer loop
    vertex 10.075889587402344 18.33088493347168 1.2066969871520996
    vertex 10.264930725097656 9.580885887145996 1.5900487899780273
    vertex 10.075889587402344 9.580885887145996 1.2066972255706787
  endloop
endfacet
facet normal 0.0 0.0 0.0
  outer loop
    vertex 10.075889587402344 18.33088493347168 1.2066969871520996
    vertex 10.075889587402344 9.580885887145996 1.2066972255706787
    vertex 9.82431411743164 18.33088493347168 0.861149787902832
  endloop
endfacet
facet normal 0.0 0.0 0.0
  outer loop
    vertex 9.82431411743164 18.33088493347168 0.861149787902832
    vertex 10.075889587402344 9.580885887145996 1.2066972255706787
    vertex 9.82431411743164 9.580885887145996 0.8611500263214111
  endloop
endfacet
facet normal 0.0 0.0 0.0
  outer loop
    vertex 9.82431411743164 18.33088493347168 0.861149787902832
    vertex 9.82431411743164 9.580885887145996 0.8611500263214111
    vertex 9.51755142211914 18.33088493347168 0.5635077953338623
  endloop
endfacet
facet normal 0.0 0.0 0.0
  outer loop
    vertex 9.51755142211914 18.33088493347168 0.5635077953338623
    vertex 9.82431411743164 9.580885887145996 0.8611500263214111
    vertex 9.51755142211914 9.580885887145996 0.5635080337524414
  endloop
endfacet
facet normal 0.0 0.0 0.0
  outer loop
    vertex 9.51755142211914 18.33088493347168 0.5635077953338623
    vertex 9.51755142211914 9.580885887145996 0.5635080337524414
    vertex 9.164569854736328 18.33088493347168 0.32247161865234375
  endloop
endfacet
facet normal 0.0 0.0 0.0
  outer loop
    vertex 9.164569854736328 18.33088493347168 0.32247161865234375
    vertex 9.51755142211914 9.580885887145996 0.5635080337524414
    vertex 9.164569854736328 9.580885887145996 0.32247185707092285
  endloop
endfacet
facet normal 0.0 0.0 0.0
  outer loop
    vertex 9.164569854736328 18.33088493347168 0.32247161865234375
    vertex 9.164569854736328 9.580885887145996 0.32247185707092285
    vertex 8.775688171386719 18.33088493347168 0.14508676528930664
  endloop
endfacet
facet normal 0.0 0.0 0.0
  outer loop
    vertex 8.775688171386719 18.33088493347168 0.14508676528930664
    vertex 9.164569854736328 9.580885887145996 0.32247185707092285
    vertex 8.775688171386719 9.580885887145996 0.14508724212646484
  endloop
endfacet
facet normal 0.0 0.0 0.0
  outer loop
    vertex 8.775688171386719 18.33088493347168 0.14508676528930664
    vertex 8.775688171386719 9.580885887145996 0.14508724212646484
    vertex 8.362274169921875 18.33088493347168 0.036538124084472656
  endloop
endfacet
facet normal 0.0 0.0 0.0
  outer loop
    vertex 8.362274169921875 18.33088493347168 0.036538124084472656
    vertex 8.775688171386719 9.580885887145996 0.14508724212646484
    vertex 8.362274169921875 9.580885887145996 0.03653860092163086
  endloop
endfacet
facet normal 0.0 0.0 0.0
  outer loop
    vertex 9.82431411743164 27.080883026123047 0.8611495494842529
    vertex 10.075889587402344 27.080883026123047 1.2066967487335205
    vertex 10.075889587402344 18.33088493347168 1.2066969871520996
  endloop
endfacet
facet normal 0.0 0.0 0.0
  outer loop
    vertex 10.075889587402344 18.33088493347168 1.2066969871520996
    vertex 10.075889587402344 27.080883026123047 1.2066967487335205
    vertex 10.264930725097656 18.33088493347168 1.5900485515594482
  endloop
endfacet
facet normal 0.0 0.0 0.0
  outer loop
    vertex 9.82431411743164 27.080883026123047 0.8611495494842529
    vertex 10.075889587402344 18.33088493347168 1.2066969871520996
    vertex 9.82431411743164 18.33088493347168 0.861149787902832
  endloop
endfacet
facet normal 0.0 0.0 0.0
  outer loop
    vertex 9.51755142211914 27.080883026123047 0.5635075569152832
    vertex 9.82431411743164 27.080883026123047 0.8611495494842529
    vertex 9.82431411743164 18.33088493347168 0.861149787902832
  endloop
endfacet
facet normal 0.0 0.0 0.0
  outer loop
    vertex 9.51755142211914 27.080883026123047 0.5635075569152832
    vertex 9.82431411743164 18.33088493347168 0.861149787902832
    vertex 9.51755142211914 18.33088493347168 0.5635077953338623
  endloop
endfacet
facet normal 0.0 0.0 0.0
  outer loop
    vertex 9.164569854736328 27.080883026123047 0.32247138023376465
    vertex 9.51755142211914 27.080883026123047 0.5635075569152832
    vertex 9.51755142211914 18.33088493347168 0.5635077953338623
  endloop
endfacet
facet normal 0.0 0.0 0.0
  outer loop
    vertex 9.164569854736328 27.080883026123047 0.32247138023376465
    vertex 9.51755142211914 18.33088493347168 0.5635077953338623
    vertex 9.164569854736328 18.33088493347168 0.32247161865234375
  endloop
endfacet
facet normal 0.0 0.0 0.0
  outer loop
    vertex 8.775688171386719 27.080883026123047 0.14508628845214844
    vertex 9.164569854736328 27.080883026123047 0.32247138023376465
    vertex 9.164569854736328 18.33088493347168 0.32247161865234375
  endloop
endfacet
facet normal 0.0 0.0 0.0
  outer loop
    vertex 8.775688171386719 27.080883026123047 0.14508628845214844
    vertex 9.164569854736328 18.33088493347168 0.32247161865234375
    vertex 8.775688171386719 18.33088493347168 0.14508676528930664
  endloop
endfacet
facet normal 0.0 0.0 0.0
  outer loop
    vertex 8.362274169921875 27.080883026123047 0.03653764724731445
    vertex 8.775688171386719 27.080883026123047 0.14508628845214844
    vertex 8.775688171386719 18.33088493347168 0.14508676528930664
  endloop
endfacet
facet normal 0.0 0.0 0.0
  outer loop
    vertex 8.362274169921875 27.080883026123047 0.03653764724731445
    vertex 8.775688171386719 18.33088493347168 0.14508676528930664
    vertex 8.362274169921875 18.33088493347168 0.036538124084472656
  endloop
endfacet
facet normal 0.0 0.0 0.0
  outer loop
    vertex -51.664608001708984 33.38139343261719 -9.5367431640625e-07
    vertex 7.936412811279297 33.38139343261719 -9.5367431640625e-07
    vertex -51.664608001708984 3.280376434326172 0.0
  endloop
endfacet
facet normal 0.0 0.0 0.0
  outer loop
    vertex -51.664608001708984 3.280376434326172 0.0
    vertex 7.936412811279297 33.38139343261719 -9.5367431640625e-07
    vertex 7.936412811279297 3.280376434326172 0.0
  endloop
endfacet
facet normal 0.0 0.0 0.0
  outer loop
    vertex 10.385902404785156 35.83088302612305 1.9999985694885254
    vertex -54.114097595214844 35.83088302612305 1.9999985694885254
    vertex 10.385902404785156 0.8308868408203125 2.0
  endloop
endfacet
facet normal 0.0 0.0 0.0
  outer loop
    vertex 10.385902404785156 0.8308868408203125 2.0
    vertex -54.114097595214844 35.83088302612305 1.9999985694885254
    vertex -54.114097595214844 0.8308868408203125 2.0
  endloop
endfacet
endsolid Uranium STLWriter Thu 23 Oct 2025 09:24:57
