  0
SECTION
  2
HEADER
  9
$ACADVER
  1
AC1027
  9
$ACADMAINTVER
 70
   125
  9
$DWGCODEPAGE
  3
ANSI_1252
  9
$LASTSAVEDBY
  1
jaswalh
  9
$REQUIREDVERSIONS
160
                 0
  9
$INSBASE
 10
0.0
 20
0.0
 30
0.0
  9
$EXTMIN
 10
14.303186
 20
52.225051
 30
0.0
  9
$EXTMAX
 10
912.5414
 20
565.40858
 30
0.0
  9
$LIMMIN
 10
0.0
 20
0.0
  9
$LIMMAX
 10
1189.0
 20
841.0
  9
$ORTHOMODE
 70
     0
  9
$REGENMODE
 70
     1
  9
$FILLMODE
 70
     1
  9
$QTEXTMODE
 70
     0
  9
$MIRRTEXT
 70
     0
  9
$LTSCALE
 40
0.75
  9
$ATTMODE
 70
     1
  9
$TEXTSIZE
 40
3.5
  9
$TRACEWID
 40
1.0
  9
$TEXTSTYLE
  7
Standard
  9
$CLAYER
  8
0
  9
$CELTYPE
  6
ByLayer
  9
$CECOLOR
 62
   256
  9
$CELTSCALE
 40
1.0
  9
$DISPSILH
 70
     0
  9
$DIMSCALE
 40
1.0
  9
$DIMASZ
 40
3.5
  9
$DIMEXO
 40
2.1
  9
$DIMDLI
 40
10.5
  9
$DIMRND
 40
0.0
  9
$DIMDLE
 40
0.0
  9
$DIMEXE
 40
2.1
  9
$DIMTP
 40
0.1
  9
$DIMTM
 40
0.1
  9
$DIMTXT
 40
3.5
  9
$DIMCEN
 40
0.0
  9
$DIMTSZ
 40
0.0
  9
$DIMTOL
 70
     0
  9
$DIMLIM
 70
     0
  9
$DIMTIH
 70
     0
  9
$DIMTOH
 70
     0
  9
$DIMSE1
 70
     0
  9
$DIMSE2
 70
     0
  9
$DIMTAD
 70
     1
  9
$DIMZIN
 70
    12
  9
$DIMBLK
  1

  9
$DIMASO
 70
     1
  9
$DIMSHO
 70
     1
  9
$DIMPOST
  1

  9
$DIMAPOST
  1

  9
$DIMALT
 70
     0
  9
$DIMALTD
 70
     2
  9
$DIMALTF
 40
0.03937
  9
$DIMLFAC
 40
1.0
  9
$DIMTOFL
 70
     1
  9
$DIMTVP
 40
0.0
  9
$DIMTIX
 70
     0
  9
$DIMSOXD
 70
     0
  9
$DIMSAH
 70
     0
  9
$DIMBLK1
  1

  9
$DIMBLK2
  1

  9
$DIMSTYLE
  2
Dim-ISO-25
  9
$DIMCLRD
 70
     0
  9
$DIMCLRE
 70
     0
  9
$DIMCLRT
 70
     0
  9
$DIMTFAC
 40
0.714286
  9
$DIMGAP
 40
1.4
  9
$DIMJUST
 70
     0
  9
$DIMSD1
 70
     0
  9
$DIMSD2
 70
     0
  9
$DIMTOLJ
 70
     0
  9
$DIMTZIN
 70
    12
  9
$DIMALTZ
 70
    12
  9
$DIMALTTZ
 70
    12
  9
$DIMUPT
 70
     0
  9
$DIMDEC
 70
     2
  9
$DIMTDEC
 70
     2
  9
$DIMALTU
 70
     2
  9
$DIMALTTD
 70
     4
  9
$DIMTXSTY
  7
Standard
  9
$DIMAUNIT
 70
     0
  9
$DIMADEC
 70
     2
  9
$DIMALTRND
 40
0.0
  9
$DIMAZIN
 70
     3
  9
$DIMDSEP
 70
    46
  9
$DIMATFIT
 70
     3
  9
$DIMFRAC
 70
     0
  9
$DIMLDRBLK
  1

  9
$DIMLUNIT
 70
     2
  9
$DIMLWD
 70
    -2
  9
$DIMLWE
 70
    -2
  9
$DIMTMOVE
 70
     0
  9
$DIMFXL
 40
1.0
  9
$DIMFXLON
 70
     0
  9
$DIMJOGANG
 40
0.785398
  9
$DIMTFILL
 70
     0
  9
$DIMTFILLCLR
 70
     0
  9
$DIMARCSYM
 70
     0
  9
$DIMLTYPE
  6

  9
$DIMLTEX1
  6

  9
$DIMLTEX2
  6

  9
$DIMTXTDIRECTION
 70
     0
  9
$LUNITS
 70
     2
  9
$LUPREC
 70
     4
  9
$SKETCHINC
 40
1.0
  9
$FILLETRAD
 40
0.0
  9
$AUNITS
 70
     0
  9
$AUPREC
 70
     0
  9
$MENU
  1
.
  9
$ELEVATION
 40
0.0
  9
$PELEVATION
 40
0.0
  9
$THICKNESS
 40
0.0
  9
$LIMCHECK
 70
     0
  9
$CHAMFERA
 40
0.0
  9
$CHAMFERB
 40
0.0
  9
$CHAMFERC
 40
0.0
  9
$CHAMFERD
 40
0.0
  9
$SKPOLY
 70
     0
  9
$TDCREATE
 40
2461000.420601852
  9
$TDUCREATE
 40
2461000.378935185
  9
$TDUPDATE
 40
2461000.420601852
  9
$TDUUPDATE
 40
2461000.378935185
  9
$TDINDWG
 40
0.0000000000
  9
$TDUSRTIMER
 40
0.0000000000
  9
$USRTIMER
 70
     1
  9
$ANGBASE
 50
0.0
  9
$ANGDIR
 70
     0
  9
$PDMODE
 70
     0
  9
$PDSIZE
 40
0.0
  9
$PLINEWID
 40
0.0
  9
$SPLFRAME
 70
     0
  9
$SPLINETYPE
 70
     6
  9
$SPLINESEGS
 70
     8
  9
$HANDSEED
  5
713
  9
$SURFTAB1
 70
     6
  9
$SURFTAB2
 70
     6
  9
$SURFTYPE
 70
     6
  9
$SURFU
 70
     6
  9
$SURFV
 70
     6
  9
$UCSBASE
  2

  9
$UCSNAME
  2

  9
$UCSORG
 10
0.0
 20
0.0
 30
0.0
  9
$UCSXDIR
 10
1.0
 20
0.0
 30
0.0
  9
$UCSYDIR
 10
0.0
 20
1.0
 30
0.0
  9
$UCSORTHOREF
  2

  9
$UCSORTHOVIEW
 70
     0
  9
$UCSORGTOP
 10
0.0
 20
0.0
 30
0.0
  9
$UCSORGBOTTOM
 10
0.0
 20
0.0
 30
0.0
  9
$UCSORGLEFT
 10
0.0
 20
0.0
 30
0.0
  9
$UCSORGRIGHT
 10
0.0
 20
0.0
 30
0.0
  9
$UCSORGFRONT
 10
0.0
 20
0.0
 30
0.0
  9
$UCSORGBACK
 10
0.0
 20
0.0
 30
0.0
  9
$PUCSBASE
  2

  9
$PUCSNAME
  2

  9
$PUCSORG
 10
0.0
 20
0.0
 30
0.0
  9
$PUCSXDIR
 10
1.0
 20
0.0
 30
0.0
  9
$PUCSYDIR
 10
0.0
 20
1.0
 30
0.0
  9
$PUCSORTHOREF
  2

  9
$PUCSORTHOVIEW
 70
     0
  9
$PUCSORGTOP
 10
0.0
 20
0.0
 30
0.0
  9
$PUCSORGBOTTOM
 10
0.0
 20
0.0
 30
0.0
  9
$PUCSORGLEFT
 10
0.0
 20
0.0
 30
0.0
  9
$PUCSORGRIGHT
 10
0.0
 20
0.0
 30
0.0
  9
$PUCSORGFRONT
 10
0.0
 20
0.0
 30
0.0
  9
$PUCSORGBACK
 10
0.0
 20
0.0
 30
0.0
  9
$USERI1
 70
     0
  9
$USERI2
 70
     0
  9
$USERI3
 70
     0
  9
$USERI4
 70
     0
  9
$USERI5
 70
     0
  9
$USERR1
 40
0.0
  9
$USERR2
 40
0.0
  9
$USERR3
 40
0.0
  9
$USERR4
 40
0.0
  9
$USERR5
 40
0.0
  9
$WORLDVIEW
 70
     1
  9
$SHADEDGE
 70
     3
  9
$SHADEDIF
 70
    70
  9
$TILEMODE
 70
     1
  9
$MAXACTVP
 70
    64
  9
$PINSBASE
 10
0.0
 20
0.0
 30
0.0
  9
$PLIMCHECK
 70
     0
  9
$PEXTMIN
 10
1.000000E+20
 20
1.000000E+20
 30
1.000000E+20
  9
$PEXTMAX
 10
-1.000000E+20
 20
-1.000000E+20
 30
-1.000000E+20
  9
$PLIMMIN
 10
0.0
 20
0.0
  9
$PLIMMAX
 10
12.0
 20
9.0
  9
$UNITMODE
 70
     0
  9
$VISRETAIN
 70
     1
  9
$PLINEGEN
 70
     0
  9
$PSLTSCALE
 70
     1
  9
$TREEDEPTH
 70
  3020
  9
$CMLSTYLE
  2
Standard
  9
$CMLJUST
 70
     0
  9
$CMLSCALE
 40
20.0
  9
$PROXYGRAPHICS
 70
     1
  9
$MEASUREMENT
 70
     1
  9
$CELWEIGHT
370
    -1
  9
$ENDCAPS
280
     0
  9
$JOINSTYLE
280
     0
  9
$LWDISPLAY
290
     0
  9
$INSUNITS
 70
     4
  9
$HYPERLINKBASE
  1

  9
$STYLESHEET
  1

  9
$XEDIT
290
     1
  9
$CEPSNTYPE
380
     0
  9
$PSTYLEMODE
290
     1
  9
$FINGERPRINTGUID
  2
{A260BEEB-520E-184D-9492-95C8815E5C04}
  9
$VERSIONGUID
  2
{873B236A-FA6B-F74E-B9E6-9881325BEE11}
  9
$EXTNAMES
290
     1
  9
$PSVPSCALE
 40
0.0
  9
$OLESTARTUP
290
     0
  9
$SORTENTS
280
   127
  9
$INDEXCTL
280
     0
  9
$HIDETEXT
280
     1
  9
$XCLIPFRAME
280
     0
  9
$HALOGAP
280
     0
  9
$OBSCOLOR
 70
   257
  9
$OBSLTYPE
280
     0
  9
$INTERSECTIONDISPLAY
280
     0
  9
$INTERSECTIONCOLOR
 70
   257
  9
$DIMASSOC
280
     2
  9
$PROJECTNAME
  1

  9
$CAMERADISPLAY
290
     0
  9
$LENSLENGTH
 40
50.0
  9
$CAMERAHEIGHT
 40
0.0
  9
$STEPSPERSEC
 40
2.0
  9
$STEPSIZE
 40
6.0
  9
$3DDWFPREC
 40
2.0
  9
$PSOLWIDTH
 40
5.0
  9
$PSOLHEIGHT
 40
80.0
  9
$LOFTANG1
 40
1.570796
  9
$LOFTANG2
 40
1.570796
  9
$LOFTMAG1
 40
0.0
  9
$LOFTMAG2
 40
0.0
  9
$LOFTPARAM
 70
     7
  9
$LOFTNORMALS
280
     1
  9
$LATITUDE
 40
37.795
  9
$LONGITUDE
 40
-122.394
  9
$NORTHDIRECTION
 40
0.0
  9
$TIMEZONE
 70
 -8000
  9
$LIGHTGLYPHDISPLAY
280
     1
  9
$TILEMODELIGHTSYNCH
280
     1
  9
$CMATERIAL
347
11
  9
$SOLIDHIST
280
     0
  9
$SHOWHIST
280
     1
  9
$DWFFRAME
280
     2
  9
$DGNFRAME
280
     0
  9
$REALWORLDSCALE
290
     1
  9
$INTERFERECOLOR
 62
     1
  9
$INTERFEREOBJVS
345
33
  9
$INTERFEREVPVS
346
30
  9
$CSHADOW
280
     0
  9
$SHADOWPLANELOCATION
 40
0.0
  0
ENDSEC
  0
SECTION
  2
CLASSES
  0
CLASS
  1
ACDBDICTIONARYWDFLT
  2
AcDbDictionaryWithDefault
  3
ObjectDBX Classes
 90
        0
 91
        1
280
     0
281
     0
  0
CLASS
  1
MATERIAL
  2
AcDbMaterial
  3
ObjectDBX Classes
 90
     1153
 91
        3
280
     0
281
     0
  0
CLASS
  1
VISUALSTYLE
  2
AcDbVisualStyle
  3
ObjectDBX Classes
 90
     4095
 91
       24
280
     0
281
     0
  0
CLASS
  1
SCALE
  2
AcDbScale
  3
ObjectDBX Classes
 90
     1153
 91
       17
280
     0
281
     0
  0
CLASS
  1
TABLESTYLE
  2
AcDbTableStyle
  3
ObjectDBX Classes
 90
     4095
 91
        1
280
     0
281
     0
  0
CLASS
  1
MLEADERSTYLE
  2
AcDbMLeaderStyle
  3
ACDB_MLEADERSTYLE_CLASS
 90
     4095
 91
        1
280
     0
281
     0
  0
CLASS
  1
ACDBSECTIONVIEWSTYLE
  2
AcDbSectionViewStyle
  3
ObjectDBX Classes
 90
     1025
 91
        1
280
     0
281
     0
  0
CLASS
  1
ACDBDETAILVIEWSTYLE
  2
AcDbDetailViewStyle
  3
ObjectDBX Classes
 90
     1025
 91
        1
280
     0
281
     0
  0
CLASS
  1
ACMESCOPE
  2
AcMeScope
  3
AcMeServices
 90
     1024
 91
        1
280
     0
281
     0
  0
CLASS
  1
ACMECOMMANDHISTORY
  2
AcMeCommandHistory
  3
AcMeServices
 90
     1024
 91
        1
280
     0
281
     0
  0
CLASS
  1
ACIMSYSVARMAN
  2
AcImSysVarManager
  3
AcMeServices
 90
     1024
 91
        1
280
     0
281
     0
  0
CLASS
  1
ACIMINTSYSVAR
  2
AcImIntSysVar
  3
AcMeServices
 90
     1024
 91
        1
280
     0
281
     0
  0
CLASS
  1
ACMESTATEMGR
  2
AcMeStateMgr
  3
AcMeServices
 90
     1024
 91
        1
280
     0
281
     0
  0
CLASS
  1
ACGREFMASTER
  2
AcGrefMaster
  3
AcAttribServices
 90
     1024
 91
        1
280
     0
281
     0
  0
CLASS
  1
SORTENTSTABLE
  2
AcDbSortentsTable
  3
ObjectDBX Classes
 90
        0
 91
        1
280
     0
281
     0
  0
CLASS
  1
DICTIONARYVAR
  2
AcDbDictionaryVar
  3
ObjectDBX Classes
 90
        0
 91
        6
280
     0
281
     0
  0
CLASS
  1
CELLSTYLEMAP
  2
AcDbCellStyleMap
  3
ObjectDBX Classes
 90
     1152
 91
        1
280
     0
281
     0
  0
ENDSEC
  0
SECTION
  2
TABLES
  0
TABLE
  2
VPORT
  5
8
330
0
100
AcDbSymbolTable
 70
     1
1001
ACAD
1000
DbSaveVer
1071
      428
  0
VPORT
  5
57
330
8
100
AcDbSymbolTableRecord
100
AcDbViewportTableRecord
  2
*Active
 70
     0
 10
0.0
 20
0.0
 11
1.0
 21
1.0
 12
463.422293
 22
308.816816
 13
0.0
 23
0.0
 14
0.5
 24
0.5
 15
0.0
 25
0.0
 16
0.0
 26
0.0
 36
1.0
 17
0.0
 27
0.0
 37
0.0
 40
525.942113
 41
1.707865
 42
50.0
 43
0.0
 44
0.0
 50
0.0
 51
0.0
 71
     0
 72
 20000
 73
     1
 74
     0
 75
     0
 76
     0
 77
     0
 78
     0
281
     0
 65
     1
110
0.0
120
0.0
130
0.0
111
1.0
121
0.0
131
0.0
112
0.0
122
1.0
132
0.0
 79
     0
146
0.0
348
2F
 60
     3
 61
     5
292
     1
282
     1
141
0.0
142
0.0
 63
   250
421
  3355443
  0
ENDTAB
  0
TABLE
  2
LTYPE
  5
5
330
0
100
AcDbSymbolTable
 70
    14
  0
LTYPE
  5
5B
330
5
100
AcDbSymbolTableRecord
100
AcDbLinetypeTableRecord
  2
ByBlock
 70
     0
  3

 72
    65
 73
     0
 40
0.0
  0
LTYPE
  5
5C
330
5
100
AcDbSymbolTableRecord
100
AcDbLinetypeTableRecord
  2
ByLayer
 70
     0
  3

 72
    65
 73
     0
 40
0.0
  0
LTYPE
  5
5D
330
5
100
AcDbSymbolTableRecord
100
AcDbLinetypeTableRecord
  2
Continuous
 70
     0
  3
Solid line
 72
    65
 73
     0
 40
0.0
  0
LTYPE
  5
81
330
5
100
AcDbSymbolTableRecord
100
AcDbLinetypeTableRecord
  2
HIDDEN
 70
     0
  3
Hidden __ __ __ __ __ __ __ __ __ __ __ __ __ _
 72
    65
 73
     2
 40
9.525
 49
6.35
 74
     0
 49
-3.175
 74
     0
  0
LTYPE
  5
82
330
5
100
AcDbSymbolTableRecord
100
AcDbLinetypeTableRecord
  2
PHANTOM2
 70
     0
  3
Phantom (.5x) ___ _ _ ___ _ _ ___ _ _ ___ _ _
 72
    65
 73
     6
 40
31.75
 49
15.875
 74
     0
 49
-3.175
 74
     0
 49
3.175
 74
     0
 49
-3.175
 74
     0
 49
3.175
 74
     0
 49
-3.175
 74
     0
  0
LTYPE
  5
83
330
5
100
AcDbSymbolTableRecord
100
AcDbLinetypeTableRecord
  2
CENTER
 70
     0
  3
Center ____ _ ____ _ ____ _ ____ _ ____ _ ____
 72
    65
 73
     4
 40
50.8
 49
31.75
 74
     0
 49
-6.35
 74
     0
 49
6.35
 74
     0
 49
-6.35
 74
     0
  0
LTYPE
  5
96
330
5
100
AcDbSymbolTableRecord
100
AcDbLinetypeTableRecord
  2
AM_ISO02W050
 70
     0
  3
__ __ __ __ __ __ __ __ __ __ __ __ __ __ __
 72
    65
 73
     2
 40
7.5
 49
6.0
 74
     0
 49
-1.5
 74
     0
  0
LTYPE
  5
97
330
5
100
AcDbSymbolTableRecord
100
AcDbLinetypeTableRecord
  2
AM_ISO08W050
 70
     0
  3
____ . ____ . ____ . ____ . ____ . ____ . ____
 72
    65
 73
     4
 40
18.0
 49
12.0
 74
     0
 49
-1.5
 74
     0
 49
3.0
 74
     0
 49
-1.5
 74
     0
  0
LTYPE
  5
98
330
5
100
AcDbSymbolTableRecord
100
AcDbLinetypeTableRecord
  2
AM_ISO09W050
 70
     0
  3
_____ . . _____ . . _____ . . ____ .. ____
 72
    65
 73
     6
 40
22.5
 49
12.0
 74
     0
 49
-1.5
 74
     0
 49
3.0
 74
     0
 49
-1.5
 74
     0
 49
3.0
 74
     0
 49
-1.5
 74
     0
  0
LTYPE
  5
99
330
5
100
AcDbSymbolTableRecord
100
AcDbLinetypeTableRecord
  2
Amconstr
 70
     0
  3
_______________________
 72
    65
 73
     2
 40
9999.0
 49
9999.0
 74
     0
 49
0.0
 74
     0
  0
LTYPE
  5
9A
330
5
100
AcDbSymbolTableRecord
100
AcDbLinetypeTableRecord
  2
AM_ISO08W050x2
 70
     0
  3
__ . __ . __ . __ . __ . __
 72
    65
 73
     4
 40
9.0
 49
6.0
 74
     0
 49
-0.75
 74
     0
 49
1.5
 74
     0
 49
-0.75
 74
     0
  0
LTYPE
  5
9B
330
5
100
AcDbSymbolTableRecord
100
AcDbLinetypeTableRecord
  2
AM_ISO02W050x2
 70
     0
  3
 _ _ _ _ _ _ _ _ _ _ _ _
 72
    65
 73
     2
 40
3.75
 49
3.0
 74
     0
 49
-0.75
 74
     0
  0
LTYPE
  5
9C
330
5
100
AcDbSymbolTableRecord
100
AcDbLinetypeTableRecord
  2
Amzigzag
 70
     0
  3
/\/-/\/-/\/-/\/-/\/-/\/
 72
    65
 73
     2
 40
11.0001
 49
0.0001
 74
     4
 75
   136
340
93
 46
0.04
 50
0.0
 44
0.0
 45
0.0
 49
-11.0
 74
     0
  0
LTYPE
  5
9D
330
5
100
AcDbSymbolTableRecord
100
AcDbLinetypeTableRecord
  2
ACISOWELD
 70
     0
  3
_ _ _ _ _
 72
    65
 73
     2
 40
2.0
 49
2.0
 74
     0
 49
-1.0
 74
     0
  0
LTYPE
  5
9E
330
5
100
AcDbSymbolTableRecord
100
AcDbLinetypeTableRecord
  2
ACISOTGL
 70
     0
  3
_ _ _ _ _
 72
    65
 73
     2
 40
3.0
 49
2.0
 74
     0
 49
-1.0
 74
     0
  0
LTYPE
  5
9F
330
5
100
AcDbSymbolTableRecord
100
AcDbLinetypeTableRecord
  2
ACISOTGB
 70
     0
  3
__ . . __ . .
 72
    65
 73
     6
 40
9.0
 49
4.0
 74
     0
 49
-1.0
 74
     0
 49
1.0
 74
     0
 49
-1.0
 74
     0
 49
1.0
 74
     0
 49
-1.0
 74
     0
  0
ENDTAB
  0
TABLE
  2
LAYER
  5
2
330
0
100
AcDbSymbolTable
 70
     5
  0
LAYER
  5
54
330
2
100
AcDbSymbolTableRecord
100
AcDbLayerTableRecord
  2
0
 70
     0
 62
     7
  6
Continuous
370
    -3
390
F
347
21
348
0
1001
AcAecLayerStandard
1000

1000

  0
LAYER
  5
79
330
2
100
AcDbSymbolTableRecord
100
AcDbLayerTableRecord
  2
Defpoints
 70
     0
 62
     7
  6
Continuous
290
     0
370
    -3
390
F
347
21
348
0
1001
AcAecLayerStandard
1000

1000

  0
LAYER
  5
AB
330
2
100
AcDbSymbolTableRecord
100
AcDbLayerTableRecord
  2
Visible
 70
     0
 62
     7
  6
Continuous
370
    70
390
F
347
21
348
0
  0
ENDTAB
  0
TABLE
  2
STYLE
  5
3
330
0
100
AcDbSymbolTable
 70
     5
  0
STYLE
  5
55
330
3
100
AcDbSymbolTableRecord
100
AcDbTextStyleTableRecord
  2
Standard
 70
     0
 40
0.0
 41
1.0
 50
0.0
 71
     0
 42
3.5
  3
arial.ttf
  4

1001
ACAD
1000
Arial
1071
       34
  0
STYLE
  5
5A
330
3
100
AcDbSymbolTableRecord
100
AcDbTextStyleTableRecord
  2
Annotative
 70
     0
 40
0.0
 41
1.0
 50
0.0
 71
     0
 42
0.2
  3
txt
  4

1001
AcadAnnotative
1000
AnnotativeData
1002
{
1070
     1
1070
     1
1002
}
  0
STYLE
  5
92
330
3
100
AcDbSymbolTableRecord
100
AcDbTextStyleTableRecord
  2
FusionTitle
 70
     0
 40
0.0
 41
1.0
 50
0.0
 71
     0
 42
2.5
  3
arial.ttf
  4

1001
ACAD
1000
Arial
1071
       34
  0
STYLE
  5
93
330
3
100
AcDbSymbolTableRecord
100
AcDbTextStyleTableRecord
  2

 70
     1
 40
0.0
 41
1.0
 50
0.0
 71
     0
 42
10.0
  3
genltshp.shx
  4

  0
STYLE
  5
94
330
3
100
AcDbSymbolTableRecord
100
AcDbTextStyleTableRecord
  2
ACISOGDT
 70
     0
 40
0.0
 41
1.0
 50
0.0
 71
     0
 42
10.0
  3
amgdt.shx
  4

  0
ENDTAB
  0
TABLE
  2
VIEW
  5
6
330
0
100
AcDbSymbolTable
 70
     0
  0
ENDTAB
  0
TABLE
  2
UCS
  5
7
330
0
100
AcDbSymbolTable
 70
     0
  0
ENDTAB
  0
TABLE
  2
APPID
  5
9
330
0
100
AcDbSymbolTable
 70
    19
  0
APPID
  5
56
330
9
100
AcDbSymbolTableRecord
100
AcDbRegAppTableRecord
  2
ACAD
 70
     0
  0
APPID
  5
5E
330
9
100
AcDbSymbolTableRecord
100
AcDbRegAppTableRecord
  2
AcadAnnotative
 70
     0
  0
APPID
  5
78
330
9
100
AcDbSymbolTableRecord
100
AcDbRegAppTableRecord
  2
ACAD_PSEXT
 70
     0
  0
APPID
  5
7A
330
9
100
AcDbSymbolTableRecord
100
AcDbRegAppTableRecord
  2
MCAD_NO_VIS
 70
     0
  0
APPID
  5
7B
330
9
100
AcDbSymbolTableRecord
100
AcDbRegAppTableRecord
  2
ACAD_TEMP_GRAPHIC
 70
     0
  0
APPID
  5
84
330
9
100
AcDbSymbolTableRecord
100
AcDbRegAppTableRecord
  2
ACAD_DSTYLE_DIMJAG
 70
     0
  0
APPID
  5
85
330
9
100
AcDbSymbolTableRecord
100
AcDbRegAppTableRecord
  2
ACAD_DSTYLE_DIMTALN
 70
     0
  0
APPID
  5
86
330
9
100
AcDbSymbolTableRecord
100
AcDbRegAppTableRecord
  2
ACAD_NAV_VCDISPLAY
 70
     0
  0
APPID
  5
87
330
9
100
AcDbSymbolTableRecord
100
AcDbRegAppTableRecord
  2
AcAecLayerStandard
 70
     0
  0
APPID
  5
88
330
9
100
AcDbSymbolTableRecord
100
AcDbRegAppTableRecord
  2
AcCmTransparency
 70
     0
  0
APPID
  5
89
330
9
100
AcDbSymbolTableRecord
100
AcDbRegAppTableRecord
  2
AcDbDynamicBlockGUID
 70
     0
  0
APPID
  5
8A
330
9
100
AcDbSymbolTableRecord
100
AcDbRegAppTableRecord
  2
ACAD_DSTYLE_DIMBREAK
 70
     0
  0
APPID
  5
8B
330
9
100
AcDbSymbolTableRecord
100
AcDbRegAppTableRecord
  2
FUSIONTITLEBLOCK
 70
     0
  0
APPID
  5
8C
330
9
100
AcDbSymbolTableRecord
100
AcDbRegAppTableRecord
  2
FUSIONCURRENTTITLEBLOCK
 70
     0
  0
APPID
  5
8D
330
9
100
AcDbSymbolTableRecord
100
AcDbRegAppTableRecord
  2
AcSynergy
 70
     0
  0
APPID
  5
8E
330
9
100
AcDbSymbolTableRecord
100
AcDbRegAppTableRecord
  2
GENIUS_GENSCREG_15
 70
     0
  0
APPID
  5
8F
330
9
100
AcDbSymbolTableRecord
100
AcDbRegAppTableRecord
  2
GENIUS_GENOBJ-N-SDF_13
 70
     0
  0
APPID
  5
90
330
9
100
AcDbSymbolTableRecord
100
AcDbRegAppTableRecord
  2
GENIUS_GENODEF_13
 70
     0
  0
APPID
  5
91
330
9
100
AcDbSymbolTableRecord
100
AcDbRegAppTableRecord
  2
ACATTRIBSERVICES
 70
     0
  0
ENDTAB
  0
TABLE
  2
DIMSTYLE
  5
A
330
0
100
AcDbSymbolTable
 70
     4
100
AcDbDimStyleTable
 71
     1
340
A3
  0
DIMSTYLE
105
58
330
A
100
AcDbSymbolTableRecord
100
AcDbDimStyleTableRecord
  2
Standard
 70
     0
 41
3.5
 42
2.1
 43
10.5
 44
2.1
 78
    12
 79
     3
140
3.5
143
0.03937
146
0.714286
147
1.4
179
     2
271
     2
272
     2
284
    12
340
55
  0
DIMSTYLE
105
59
330
A
100
AcDbSymbolTableRecord
100
AcDbDimStyleTableRecord
  2
Annotative
 70
     0
 40
0.0
 41
3.5
 42
2.1
 43
10.5
 44
2.1
 73
     0
 74
     0
 77
     1
 78
    12
 79
     3
140
3.5
141
2.5
143
0.03937
146
0.714286
147
1.4
171
     3
172
     1
179
     2
271
     2
272
     2
274
     3
278
    44
283
     0
284
    12
340
55
1001
AcadAnnotative
1000
AnnotativeData
1002
{
1070
     1
1070
     1
1002
}
  0
DIMSTYLE
105
A2
330
A
100
AcDbSymbolTableRecord
100
AcDbDimStyleTableRecord
  2
ISO-25
 70
     0
  4
in
 41
3.5
 42
2.1
 43
10.5
 44
2.1
 47
0.1
 48
0.1
 73
     0
 74
     0
 77
     1
 78
    12
 79
     3
140
3.5
141
0.0
143
0.03937
146
0.714286
147
1.4
171
     4
172
     1
176
   256
177
   256
178
   256
179
     2
271
     2
272
     2
274
     4
283
     0
284
    12
285
     8
340
55
1001
ACAD_DSTYLE_DIMJAG
1070
   388
1040
1.5
1001
ACAD_DSTYLE_DIMTALN
1070
   392
1070
     1
1001
ACAD_DSTYLE_DIMBREAK
1070
   391
1040
3.5
  0
DIMSTYLE
105
A3
330
A
100
AcDbSymbolTableRecord
100
AcDbDimStyleTableRecord
  2
Dim-ISO-25
 70
     0
 41
3.5
 42
2.1
 43
10.5
 44
2.1
 47
0.1
 48
0.1
 73
     0
 74
     0
 77
     1
 78
    12
 79
     3
140
3.5
141
0.0
143
0.03937
146
0.714286
147
1.4
172
     1
179
     2
271
     2
272
     2
274
     4
283
     0
284
    12
285
    12
286
    12
340
55
1001
ACAD_DSTYLE_DIMJAG
1070
   388
1040
1.5
1001
ACAD_DSTYLE_DIMTALN
1070
   392
1070
     1
1001
ACAD_DSTYLE_DIMBREAK
1070
   391
1040
3.5
  0
ENDTAB
  0
TABLE
  2
BLOCK_RECORD
  5
1
330
0
100
AcDbSymbolTable
 70
     3
  0
BLOCK_RECORD
  5
70
102
{ACAD_XDICTIONARY
360
A4
102
}
330
1
100
AcDbSymbolTableRecord
100
AcDbBlockTableRecord
  2
*Model_Space
340
73
 70
     0
280
     1
281
     0
  0
BLOCK_RECORD
  5
6C
330
1
100
AcDbSymbolTableRecord
100
AcDbBlockTableRecord
  2
*Paper_Space
340
6F
 70
     0
280
     1
281
     0
  0
BLOCK_RECORD
  5
74
330
1
100
AcDbSymbolTableRecord
100
AcDbBlockTableRecord
  2
*Paper_Space0
340
77
 70
     0
280
     1
281
     0
  0
ENDTAB
  0
ENDSEC
  0
SECTION
  2
BLOCKS
  0
BLOCK
  5
71
330
70
100
AcDbEntity
  8
0
100
AcDbBlockBegin
  2
*Model_Space
 70
     0
 10
0.0
 20
0.0
 30
0.0
  3
*Model_Space
  1

  0
ENDBLK
  5
72
330
70
100
AcDbEntity
  8
0
100
AcDbBlockEnd
  0
BLOCK
  5
6D
330
6C
100
AcDbEntity
 67
     1
  8
0
100
AcDbBlockBegin
  2
*Paper_Space
 70
     0
 10
0.0
 20
0.0
 30
0.0
  3
*Paper_Space
  1

  0
ENDBLK
  5
6E
330
6C
100
AcDbEntity
 67
     1
  8
0
100
AcDbBlockEnd
  0
BLOCK
  5
75
330
74
100
AcDbEntity
 67
     1
  8
0
100
AcDbBlockBegin
  2
*Paper_Space0
 70
     0
 10
0.0
 20
0.0
 30
0.0
  3
*Paper_Space0
  1

  0
ENDBLK
  5
76
330
74
100
AcDbEntity
 67
     1
  8
0
100
AcDbBlockEnd
  0
ENDSEC
  0
SECTION
  2
ENTITIES
  0
LINE
  5
3DB
330
70
100
AcDbEntity
  8
Visible
100
AcDbLine
 10
228.247331
 20
52.225051
 30
0.0
 11
228.247331
 21
67.225051
 31
0.0
210
0.0
220
1.0
230
0.0
  0
LINE
  5
3DC
330
70
100
AcDbEntity
  8
Visible
100
AcDbLine
 10
258.247331
 20
67.225051
 30
0.0
 11
258.247331
 21
52.225051
 31
0.0
210
0.0
220
1.0
230
0.0
  0
LINE
  5
3DD
330
70
100
AcDbEntity
  8
Visible
100
AcDbLine
 10
228.247331
 20
67.225051
 30
0.0
 11
258.247331
 21
67.225051
 31
0.0
210
0.0
220
1.0
230
0.0
  0
LINE
  5
3DE
330
70
100
AcDbEntity
  8
Visible
100
AcDbLine
 10
258.247331
 20
52.225051
 30
0.0
 11
298.247331
 21
52.225051
 31
0.0
210
0.0
220
1.0
230
0.0
  0
LINE
  5
3DF
330
70
100
AcDbEntity
  8
Visible
100
AcDbLine
 10
68.247331
 20
52.225051
 30
0.0
 11
228.247331
 21
52.225051
 31
0.0
210
0.0
220
1.0
230
0.0
  0
CIRCLE
  5
3E0
330
70
100
AcDbEntity
  8
Visible
100
AcDbCircle
 10
-648.247331
 20
72.225051
 30
0.0
 40
2.5
210
0.0000000000000001
220
0.0
230
-1.0
  0
CIRCLE
  5
3E1
330
70
100
AcDbEntity
  8
Visible
100
AcDbCircle
 10
-548.247331
 20
212.225051
 30
0.0
 40
2.5
210
0.0000000000000001
220
0.0
230
-1.0
  0
CIRCLE
  5
3E2
330
70
100
AcDbEntity
  8
Visible
100
AcDbCircle
 10
-848.247331
 20
192.225051
 30
0.0
 40
2.5
210
0.0000000000000001
220
0.0
230
-1.0
  0
CIRCLE
  5
3E3
330
70
100
AcDbEntity
  8
Visible
100
AcDbCircle
 10
-128.247331
 20
72.225051
 30
0.0
 40
2.5
210
0.0000000000000001
220
0.0
230
-1.0
  0
CIRCLE
  5
3E4
330
70
100
AcDbEntity
  8
Visible
100
AcDbCircle
 10
-358.247331
 20
157.225051
 30
0.0
 40
2.5
210
0.0000000000000001
220
0.0
230
-1.0
  0
CIRCLE
  5
3E5
330
70
100
AcDbEntity
  8
Visible
100
AcDbCircle
 10
-878.247331
 20
307.225051
 30
0.0
 40
2.5
210
0.0000000000000001
220
0.0
230
-1.0
  0
LINE
  5
3E6
330
70
100
AcDbEntity
  8
Visible
100
AcDbLine
 10
298.247331
 20
52.225051
 30
0.0
 11
298.247331
 21
137.225051
 31
0.0
210
0.0
220
1.0
230
0.0
  0
ARC
  5
3E7
330
70
100
AcDbEntity
  8
Visible
100
AcDbCircle
 10
303.247331
 20
137.225051
 30
0.0
 40
4.999999999999999
100
AcDbArc
 50
90.0
 51
180.0
  0
LINE
  5
3E8
330
70
100
AcDbEntity
  8
Visible
100
AcDbLine
 10
303.247331
 20
142.225051
 30
0.0
 11
393.247331
 21
142.225051
 31
0.0
210
0.0
220
1.0
230
0.0
  0
ARC
  5
3E9
330
70
100
AcDbEntity
  8
Visible
100
AcDbCircle
 10
393.247331
 20
137.225051
 30
0.0
 40
4.999999999999999
100
AcDbArc
 50
0.0
 51
90.0
  0
LINE
  5
3EA
330
70
100
AcDbEntity
  8
Visible
100
AcDbLine
 10
398.247331
 20
137.225051
 30
0.0
 11
398.247331
 21
52.225051
 31
0.0
210
0.0
220
1.0
230
0.0
  0
LINE
  5
3EB
330
70
100
AcDbEntity
  8
Visible
100
AcDbLine
 10
398.247331
 20
52.225051
 30
0.0
 11
804.395961
 21
52.225051
 31
0.0
210
0.0
220
1.0
230
0.0
  0
ARC
  5
3EC
330
70
100
AcDbEntity
  8
Visible
100
AcDbCircle
 10
-804.395961
 20
72.225051
 30
0.0
 40
20.0
210
0.0000000000000001
220
0.0
230
-1.0
100
AcDbArc
 50
200.589493
 51
270.0
  0
LINE
  5
3ED
330
70
100
AcDbEntity
  8
Visible
100
AcDbLine
 10
823.118442
 20
65.191652
 30
0.0
 11
911.263881
 21
299.829436
 31
0.0
210
0.0
220
1.0
230
0.0
  0
ARC
  5
3EE
330
70
100
AcDbEntity
  8
Visible
100
AcDbCircle
 10
-892.5414
 20
306.862836
 30
0.0
 40
20.0
210
0.0000000000000001
220
0.0
230
-1.0
100
AcDbArc
 50
79.380973
 51
200.589493
  0
LINE
  5
3EF
330
70
100
AcDbEntity
  8
Visible
100
AcDbLine
 10
888.855845
 20
326.52032
 30
0.0
 11
225.907638
 21
202.225051
 31
0.0
210
0.0
220
1.0
230
0.0
  0
ARC
  5
3F0
330
70
100
AcDbEntity
  8
Visible
100
AcDbCircle
 10
-254.440038
 20
14.37963
 30
0.0
 40
190.0
210
0.0000000000000001
220
0.0
230
-1.0
100
AcDbArc
 50
11.489388
 51
81.363191
  0
LINE
  5
3F1
330
70
100
AcDbEntity
  8
Visible
100
AcDbLine
 10
599.416503
 20
179.351822
 30
0.0
 11
595.670664
 21
179.351822
 31
0.0
210
0.0
220
1.0
230
0.0
  0
LINE
  5
3F2
330
70
100
AcDbEntity
  8
Visible
100
AcDbLine
 10
595.670664
 20
179.351822
 30
0.0
 11
595.670664
 21
199.215416
 31
0.0
210
0.0
220
1.0
230
0.0
  0
LINE
  5
3F3
330
70
100
AcDbEntity
  8
Visible
100
AcDbLine
 10
595.670664
 20
199.215416
 30
0.0
 11
599.421133
 21
199.215416
 31
0.0
210
0.0
220
1.0
230
0.0
  0
LINE
  5
3F4
330
70
100
AcDbEntity
  8
Visible
100
AcDbLine
 10
599.421133
 20
199.215416
 30
0.0
 11
599.421133
 21
192.385858
 31
0.0
210
0.0
220
1.0
230
0.0
  0
LINE
  5
3F5
330
70
100
AcDbEntity
  8
Visible
100
AcDbLine
 10
599.421133
 20
192.385858
 30
0.0
 11
599.698945
 21
192.696082
 31
0.0
210
0.0
220
1.0
230
0.0
  0
SPLINE
  5
3F6
330
70
100
AcDbEntity
  8
Visible
100
AcDbSpline
210
0.0
220
0.0
230
1.0
 70
    12
 71
     3
 72
     8
 73
     4
 74
     0
 42
0.000000001
 43
0.0000000001
 40
-1.0
 40
-1.0
 40
-1.0
 40
-1.0
 40
0.0
 40
0.0
 40
0.0
 40
0.0
 10
599.6989452738707
 20
192.6960823872164
 30
-0.000000000001819
 41
1.0
 10
600.4490390238715
 20
193.5248896788831
 30
-0.000000000001819
 41
1.0
 10
601.6019608988718
 20
194.1175563455498
 30
-0.000000000001819
 41
1.0
 10
602.8845286072046
 20
194.3305459288831
 30
-0.000000000001819
 41
1.0
  0
SPLINE
  5
3F7
330
70
100
AcDbEntity
  8
Visible
100
AcDbSpline
210
0.0
220
0.0
230
1.0
 70
    12
 71
     3
 72
     8
 73
     4
 74
     0
 42
0.000000001
 43
0.0000000001
 40
-1.0
 40
-1.0
 40
-1.0
 40
-1.0
 40
0.0
 40
0.0
 40
0.0
 40
0.0
 10
602.8845286072046
 20
194.3305459288831
 30
-0.000000000001819
 41
1.0
 10
603.6022108988709
 20
194.4509313455498
 30
-0.000000000001819
 41
1.0
 10
604.972752565538
 20
194.4092594705498
 30
-0.000000000001819
 41
1.0
 10
605.5793098572048
 20
194.2472021788831
 30
-0.000000000001819
 41
1.0
  0
SPLINE
  5
3F8
330
70
100
AcDbEntity
  8
Visible
100
AcDbSpline
210
0.0
220
0.0
230
1.0
 70
    12
 71
     3
 72
     8
 73
     4
 74
     0
 42
0.000000001
 43
0.0000000001
 40
-1.0
 40
-1.0
 40
-1.0
 40
-1.0
 40
0.0
 40
0.0
 40
0.0
 40
0.0
 10
605.5793098572048
 20
194.2472021788831
 30
-0.000000000001819
 41
1.0
 10
606.6211067322037
 20
193.9740198872165
 30
-0.000000000001819
 41
1.0
 10
607.3387890238718
 20
193.5897125955498
 30
-0.000000000001819
 41
1.0
 10
608.0147994405379
 20
192.9461136372165
 30
-0.000000000001819
 41
1.0
  0
SPLINE
  5
3F9
330
70
100
AcDbEntity
  8
Visible
100
AcDbSpline
210
0.0
220
0.0
230
1.0
 70
    12
 71
     3
 72
     8
 73
     4
 74
     0
 42
0.000000001
 43
0.0000000001
 40
-1.0
 40
-1.0
 40
-1.0
 40
-1.0
 40
0.0
 40
0.0
 40
0.0
 40
0.0
 10
608.0147994405379
 20
192.9461136372165
 30
-0.000000000001819
 41
1.0
 10
609.0565963155368
 20
191.9691396788831
 30
-0.000000000001819
 41
1.0
 10
609.6261119405371
 20
190.6726813455498
 30
-0.000000000001819
 41
1.0
 10
609.7881692322044
 20
188.9363532205498
 30
-0.000000000001819
 41
1.0
  0
SPLINE
  5
3FA
330
70
100
AcDbEntity
  8
Visible
100
AcDbSpline
210
0.0
220
0.0
230
1.0
 70
    12
 71
     3
 72
     8
 73
     4
 74
     0
 42
0.000000001
 43
0.0000000001
 40
-1.0
 40
-1.0
 40
-1.0
 40
-1.0
 40
0.0
 40
0.0
 40
0.0
 40
0.0
 10
609.7881692322044
 20
188.9363532205498
 30
-0.000000000001819
 41
1.0
 10
609.8205806905371
 20
188.5983480122164
 30
-0.000000000001819
 41
1.0
 10
609.8391015238703
 20
186.7416344705498
 30
-0.000000000001819
 41
1.0
 10
609.8391015238703
 20
183.8801657205498
 30
-0.000000000001819
 41
1.0
  0
LINE
  5
3FB
330
70
100
AcDbEntity
  8
Visible
100
AcDbLine
 10
609.839102
 20
183.880166
 30
0.0
 11
609.839102
 21
179.351822
 31
0.0
210
0.0
220
1.0
230
0.0
  0
LINE
  5
3FC
330
70
100
AcDbEntity
  8
Visible
100
AcDbLine
 10
609.839102
 20
179.351822
 30
0.0
 11
606.088633
 21
179.351822
 31
0.0
210
0.0
220
1.0
230
0.0
  0
LINE
  5
3FD
330
70
100
AcDbEntity
  8
Visible
100
AcDbLine
 10
606.088633
 20
179.351822
 30
0.0
 11
606.088633
 21
183.5329
 31
0.0
210
0.0
220
1.0
230
0.0
  0
SPLINE
  5
3FE
330
70
100
AcDbEntity
  8
Visible
100
AcDbSpline
210
0.0
220
0.0
230
1.0
 70
    12
 71
     3
 72
     8
 73
     4
 74
     0
 42
0.000000001
 43
0.0000000001
 40
-1.0
 40
-1.0
 40
-1.0
 40
-1.0
 40
0.0
 40
0.0
 40
0.0
 40
0.0
 10
606.0886327738717
 20
183.5329000955498
 30
-0.000000000001819
 41
1.0
 10
606.0886327738717
 20
188.4733323872164
 30
-0.000000000001819
 41
1.0
 10
606.0747421488704
 20
188.6539105122164
 30
-0.000000000001819
 41
1.0
 10
605.6765442322048
 20
189.5151292622164
 30
-0.000000000001819
 41
1.0
  0
SPLINE
  5
3FF
330
70
100
AcDbEntity
  8
Visible
100
AcDbSpline
210
0.0
220
0.0
230
1.0
 70
    12
 71
     3
 72
     8
 73
     4
 74
     0
 42
0.000000001
 43
0.0000000001
 40
-1.0
 40
-1.0
 40
-1.0
 40
-1.0
 40
0.0
 40
0.0
 40
0.0
 40
0.0
 10
605.6765442322048
 20
189.5151292622164
 30
-0.000000000001819
 41
1.0
 10
605.3339088155371
 20
190.2467021788831
 30
-0.000000000001819
 41
1.0
 10
604.708830690537
 20
190.7976969705498
 30
-0.000000000001819
 41
1.0
 10
603.9448463155367
 20
191.0477282205498
 30
-0.000000000001819
 41
1.0
  0
SPLINE
  5
400
330
70
100
AcDbEntity
  8
Visible
100
AcDbSpline
210
0.0
220
0.0
230
1.0
 70
    12
 71
     3
 72
     8
 73
     4
 74
     0
 42
0.000000001
 43
0.0000000001
 40
-1.0
 40
-1.0
 40
-1.0
 40
-1.0
 40
0.0
 40
0.0
 40
0.0
 40
0.0
 10
603.9448463155367
 20
191.0477282205498
 30
-0.000000000001819
 41
1.0
 10
603.4864556905376
 20
191.1958948872164
 30
-0.000000000001819
 41
1.0
 10
602.5511536072045
 20
191.2514573872164
 30
-0.000000000001819
 41
1.0
 10
602.0325702738719
 20
191.1634834288831
 30
-0.000000000001819
 41
1.0
  0
SPLINE
  5
401
330
70
100
AcDbEntity
  8
Visible
100
AcDbSpline
210
0.0
220
0.0
230
1.0
 70
    12
 71
     3
 72
     8
 73
     4
 74
     0
 42
0.000000001
 43
0.0000000001
 40
-1.0
 40
-1.0
 40
-1.0
 40
-1.0
 40
0.0
 40
0.0
 40
0.0
 40
0.0
 10
602.0325702738719
 20
191.1634834288831
 30
-0.000000000001819
 41
1.0
 10
600.7824140238717
 20
190.9412334288831
 30
-0.000000000001819
 41
1.0
 10
599.8980442322045
 20
190.1031657205498
 30
-0.000000000001819
 41
1.0
 10
599.5507786072048
 20
188.7974469705498
 30
-0.000000000001819
 41
1.0
  0
SPLINE
  5
402
330
70
100
AcDbEntity
  8
Visible
100
AcDbSpline
210
0.0
220
0.0
230
1.0
 70
    12
 71
     3
 72
     8
 73
     4
 74
     0
 42
0.000000001
 43
0.0000000001
 40
-1.0
 40
-1.0
 40
-1.0
 40
-1.0
 40
0.0
 40
0.0
 40
0.0
 40
0.0
 10
599.5507786072048
 20
188.7974469705498
 30
-0.000000000001819
 41
1.0
 10
599.4489140238711
 20
188.4038792622164
 30
-0.000000000001819
 41
1.0
 10
599.4489140238711
 20
188.3992490538831
 30
-0.000000000001819
 41
1.0
 10
599.4350233988716
 20
183.8801657205498
 30
-0.000000000001819
 41
1.0
  0
LINE
  5
403
330
70
100
AcDbEntity
  8
Visible
100
AcDbLine
 10
599.435023
 20
183.880166
 30
0.0
 11
599.416503
 21
179.351822
 31
0.0
210
0.0
220
1.0
230
0.0
  0
SPLINE
  5
404
330
70
100
AcDbEntity
  8
Visible
100
AcDbSpline
210
0.0
220
0.0
230
1.0
 70
    12
 71
     3
 72
     8
 73
     4
 74
     0
 42
0.000000001
 43
0.0000000001
 40
-1.0
 40
-1.0
 40
-1.0
 40
-1.0
 40
0.0
 40
0.0
 40
0.0
 40
0.0
 10
666.0035286072034
 20
194.0758844705498
 30
-0.000000000001819
 41
1.0
 10
666.3739452738719
 20
194.1962698872164
 30
-0.000000000001819
 41
1.0
 10
667.1379296488703
 20
194.3629573872164
 30
-0.000000000001819
 41
1.0
 10
667.577799440538
 20
194.4185198872165
 30
-0.000000000001819
 41
1.0
  0
SPLINE
  5
405
330
70
100
AcDbEntity
  8
Visible
100
AcDbSpline
210
0.0
220
0.0
230
1.0
 70
    12
 71
     3
 72
     8
 73
     4
 74
     0
 42
0.000000001
 43
0.0000000001
 40
-1.0
 40
-1.0
 40
-1.0
 40
-1.0
 40
0.0
 40
0.0
 40
0.0
 40
0.0
 10
667.577799440538
 20
194.4185198872165
 30
-0.000000000001819
 41
1.0
 10
667.9296952738714
 20
194.4601917622165
 30
-0.000000000001819
 41
1.0
 10
669.6058306905379
 20
194.4046292622165
 30
-0.000000000001819
 41
1.0
 10
670.0086588155373
 20
194.3351761372165
 30
-0.000000000001819
 41
1.0
  0
SPLINE
  5
406
330
70
100
AcDbEntity
  8
Visible
100
AcDbSpline
210
0.0
220
0.0
230
1.0
 70
    12
 71
     3
 72
     8
 73
     4
 74
     0
 42
0.000000001
 43
0.0000000001
 40
-1.0
 40
-1.0
 40
-1.0
 40
-1.0
 40
0.0
 40
0.0
 40
0.0
 40
0.0
 10
670.0086588155373
 20
194.3351761372165
 30
-0.000000000001819
 41
1.0
 10
672.4534088155378
 20
193.9184573872165
 30
-0.000000000001819
 41
1.0
 10
674.0971327738716
 20
192.3765980122164
 30
-0.000000000001819
 41
1.0
 10
674.4536588155369
 20
190.1633584288831
 30
-0.000000000001819
 41
1.0
  0
SPLINE
  5
407
330
70
100
AcDbEntity
  8
Visible
100
AcDbSpline
210
0.0
220
0.0
230
1.0
 70
    12
 71
     3
 72
     8
 73
     4
 74
     0
 42
0.000000001
 43
0.0000000001
 40
-1.0
 40
-1.0
 40
-1.0
 40
-1.0
 40
0.0
 40
0.0
 40
0.0
 40
0.0
 10
674.4536588155369
 20
190.1633584288831
 30
-0.000000000001819
 41
1.0
 10
674.4907004822034
 20
189.9364782205498
 30
-0.000000000001819
 41
1.0
 10
674.523111940538
 20
189.7003375955498
 30
-0.000000000001819
 41
1.0
 10
674.523111940538
 20
189.6447750955498
 30
-0.000000000001819
 41
1.0
  0
LINE
  5
408
330
70
100
AcDbEntity
  8
Visible
100
AcDbLine
 10
674.523112
 20
189.644775
 30
0.0
 11
674.523112
 21
189.53828
 31
0.0
210
0.0
220
1.0
230
0.0
  0
LINE
  5
409
330
70
100
AcDbEntity
  8
Visible
100
AcDbLine
 10
674.523112
 20
189.53828
 30
0.0
 11
670.971742
 21
189.53828
 31
0.0
210
0.0
220
1.0
230
0.0
  0
LINE
  5
40A
330
70
100
AcDbEntity
  8
Visible
100
AcDbLine
 10
670.971742
 20
189.53828
 30
0.0
 11
670.893029
 21
189.848504
 31
0.0
210
0.0
220
1.0
230
0.0
  0
SPLINE
  5
40B
330
70
100
AcDbEntity
  8
Visible
100
AcDbSpline
210
0.0
220
0.0
230
1.0
 70
    12
 71
     3
 72
     8
 73
     4
 74
     0
 42
0.000000001
 43
0.0000000001
 40
-1.0
 40
-1.0
 40
-1.0
 40
-1.0
 40
0.0
 40
0.0
 40
0.0
 40
0.0
 10
670.8930286072045
 20
189.8485042622164
 30
-0.000000000001819
 41
1.0
 10
670.6707786072038
 20
190.7560250955498
 30
-0.000000000001819
 41
1.0
 10
669.966986940537
 20
191.3070198872164
 30
-0.000000000001819
 41
1.0
 10
668.8372161072038
 20
191.4412959288831
 30
-0.000000000001819
 41
1.0
  0
SPLINE
  5
40C
330
70
100
AcDbEntity
  8
Visible
100
AcDbSpline
210
0.0
220
0.0
230
1.0
 70
    12
 71
     3
 72
     8
 73
     4
 74
     0
 42
0.000000001
 43
0.0000000001
 40
-1.0
 40
-1.0
 40
-1.0
 40
-1.0
 40
0.0
 40
0.0
 40
0.0
 40
0.0
 10
668.8372161072038
 20
191.4412959288831
 30
-0.000000000001819
 41
1.0
 10
668.3649348572035
 20
191.5014886372164
 30
-0.000000000001819
 41
1.0
 10
667.7074452738707
 20
191.4366657205498
 30
-0.000000000001819
 41
1.0
 10
667.3231379822046
 20
191.2931292622164
 30
-0.000000000001819
 41
1.0
  0
SPLINE
  5
40D
330
70
100
AcDbEntity
  8
Visible
100
AcDbSpline
210
0.0
220
0.0
230
1.0
 70
    12
 71
     3
 72
     8
 73
     4
 74
     0
 42
0.000000001
 43
0.0000000001
 40
-1.0
 40
-1.0
 40
-1.0
 40
-1.0
 40
0.0
 40
0.0
 40
0.0
 40
0.0
 10
667.3231379822046
 20
191.2931292622164
 30
-0.000000000001819
 41
1.0
 10
666.5452629822048
 20
191.0014261372164
 30
-0.000000000001819
 41
1.0
 10
666.1933671488713
 20
190.3948688455498
 30
-0.000000000001819
 41
1.0
 10
666.397096315537
 20
189.6957073872165
 30
-0.000000000001819
 41
1.0
  0
SPLINE
  5
40E
330
70
100
AcDbEntity
  8
Visible
100
AcDbSpline
210
0.0
220
0.0
230
1.0
 70
    12
 71
     3
 72
     8
 73
     4
 74
     0
 42
0.000000001
 43
0.0000000001
 40
-1.0
 40
-1.0
 40
-1.0
 40
-1.0
 40
0.0
 40
0.0
 40
0.0
 40
0.0
 10
666.397096315537
 20
189.6957073872165
 30
-0.000000000001819
 41
1.0
 10
666.5128515238702
 20
189.2836188455498
 30
-0.000000000001819
 41
1.0
 10
666.8138150655376
 20
189.0150667622164
 30
-0.000000000001819
 41
1.0
 10
667.4296327738702
 20
188.7604053038831
 30
-0.000000000001819
 41
1.0
  0
SPLINE
  5
40F
330
70
100
AcDbEntity
  8
Visible
100
AcDbSpline
210
0.0
220
0.0
230
1.0
 70
    12
 71
     3
 72
     8
 73
     4
 74
     0
 42
0.000000001
 43
0.0000000001
 40
-1.0
 40
-1.0
 40
-1.0
 40
-1.0
 40
0.0
 40
0.0
 40
0.0
 40
0.0
 10
667.4296327738702
 20
188.7604053038831
 30
-0.000000000001819
 41
1.0
 10
668.0547108988703
 20
188.5011136372165
 30
-0.000000000001819
 41
1.0
 10
668.6149661072049
 20
188.3205355122164
 30
-0.000000000001819
 41
1.0
 10
669.4067317322041
 20
188.1214365538831
 30
-0.000000000001819
 41
1.0
  0
SPLINE
  5
410
330
70
100
AcDbEntity
  8
Visible
100
AcDbSpline
210
0.0
220
0.0
230
1.0
 70
    12
 71
     3
 72
     8
 73
     4
 74
     0
 42
0.000000001
 43
0.0000000001
 40
-1.0
 40
-1.0
 40
-1.0
 40
-1.0
 40
0.0
 40
0.0
 40
0.0
 40
0.0
 10
669.4067317322041
 20
188.1214365538831
 30
-0.000000000001819
 41
1.0
 10
670.8374661072048
 20
187.7649105122164
 30
-0.000000000001819
 41
1.0
 10
672.0552108988704
 20
187.3435615538831
 30
-0.000000000001819
 41
1.0
 10
672.6386171488702
 20
187.0055563455498
 30
-0.000000000001819
 41
1.0
  0
SPLINE
  5
411
330
70
100
AcDbEntity
  8
Visible
100
AcDbSpline
210
0.0
220
0.0
230
1.0
 70
    12
 71
     3
 72
     8
 73
     4
 74
     0
 42
0.000000001
 43
0.0000000001
 40
-1.0
 40
-1.0
 40
-1.0
 40
-1.0
 40
0.0
 40
0.0
 40
0.0
 40
0.0
 10
672.6386171488702
 20
187.0055563455498
 30
-0.000000000001819
 41
1.0
 10
673.5183567322037
 20
186.4962334288831
 30
-0.000000000001819
 41
1.0
 10
674.1434348572038
 20
185.7924417622164
 30
-0.000000000001819
 41
1.0
 10
674.4305077738718
 20
185.0053063455498
 30
-0.000000000001819
 41
1.0
  0
SPLINE
  5
412
330
70
100
AcDbEntity
  8
Visible
100
AcDbSpline
210
0.0
220
0.0
230
1.0
 70
    12
 71
     3
 72
     8
 73
     4
 74
     0
 42
0.000000001
 43
0.0000000001
 40
-1.0
 40
-1.0
 40
-1.0
 40
-1.0
 40
0.0
 40
0.0
 40
0.0
 40
0.0
 10
674.4305077738718
 20
185.0053063455498
 30
-0.000000000001819
 41
1.0
 10
674.6157161072042
 20
184.4959834288831
 30
-0.000000000001819
 41
1.0
 10
674.6759088155377
 20
184.0422230122165
 30
-0.000000000001819
 41
1.0
 10
674.6481275655369
 20
183.3476917622165
 30
-0.000000000001819
 41
1.0
  0
SPLINE
  5
413
330
70
100
AcDbEntity
  8
Visible
100
AcDbSpline
210
0.0
220
0.0
230
1.0
 70
    12
 71
     3
 72
     8
 73
     4
 74
     0
 42
0.000000001
 43
0.0000000001
 40
-1.0
 40
-1.0
 40
-1.0
 40
-1.0
 40
0.0
 40
0.0
 40
0.0
 40
0.0
 10
674.6481275655369
 20
183.3476917622165
 30
-0.000000000001819
 41
1.0
 10
674.6249765238717
 20
182.6855719705498
 30
-0.000000000001819
 41
1.0
 10
674.5508931905369
 20
182.3614573872164
 30
-0.000000000001819
 41
1.0
 10
674.3101223572048
 20
181.8567646788831
 30
-0.000000000001819
 41
1.0
  0
SPLINE
  5
414
330
70
100
AcDbEntity
  8
Visible
100
AcDbSpline
210
0.0
220
0.0
230
1.0
 70
    12
 71
     3
 72
     8
 73
     4
 74
     0
 42
0.000000001
 43
0.0000000001
 40
-1.0
 40
-1.0
 40
-1.0
 40
-1.0
 40
0.0
 40
0.0
 40
0.0
 40
0.0
 10
674.3101223572048
 20
181.8567646788831
 30
-0.000000000001819
 41
1.0
 10
673.5415077738707
 20
180.2269313455498
 30
-0.000000000001819
 41
1.0
 10
671.726466107204
 20
179.2314365538831
 30
-0.000000000001819
 41
1.0
 10
669.2678254822039
 20
179.0971605122164
 30
-0.000000000001819
 41
1.0
  0
SPLINE
  5
415
330
70
100
AcDbEntity
  8
Visible
100
AcDbSpline
210
0.0
220
0.0
230
1.0
 70
    12
 71
     3
 72
     8
 73
     4
 74
     0
 42
0.000000001
 43
0.0000000001
 40
-1.0
 40
-1.0
 40
-1.0
 40
-1.0
 40
0.0
 40
0.0
 40
0.0
 40
0.0
 10
669.2678254822039
 20
179.0971605122164
 30
-0.000000000001819
 41
1.0
 10
667.4851952738718
 20
178.9999261372164
 30
-0.000000000001819
 41
1.0
 10
665.6145911072035
 20
179.5046188455498
 30
-0.000000000001819
 41
1.0
 10
664.3875858988703
 20
180.4167698872165
 30
-0.000000000001819
 41
1.0
  0
SPLINE
  5
416
330
70
100
AcDbEntity
  8
Visible
100
AcDbSpline
210
0.0
220
0.0
230
1.0
 70
    12
 71
     3
 72
     8
 73
     4
 74
     0
 42
0.000000001
 43
0.0000000001
 40
-1.0
 40
-1.0
 40
-1.0
 40
-1.0
 40
0.0
 40
0.0
 40
0.0
 40
0.0
 10
664.3875858988703
 20
180.4167698872165
 30
-0.000000000001819
 41
1.0
 10
663.6236015238701
 20
180.9862855122165
 30
-0.000000000001819
 41
1.0
 10
662.9244400655371
 20
181.8706553038831
 30
-0.000000000001819
 41
1.0
 10
662.6281067322033
 20
182.6392698872164
 30
-0.000000000001819
 41
1.0
  0
SPLINE
  5
417
330
70
100
AcDbEntity
  8
Visible
100
AcDbSpline
210
0.0
220
0.0
230
1.0
 70
    12
 71
     3
 72
     8
 73
     4
 74
     0
 42
0.000000001
 43
0.0000000001
 40
-1.0
 40
-1.0
 40
-1.0
 40
-1.0
 40
0.0
 40
0.0
 40
0.0
 40
0.0
 10
662.6281067322033
 20
182.6392698872164
 30
-0.000000000001819
 41
1.0
 10
662.4799400655374
 20
183.0189469705498
 30
-0.000000000001819
 41
1.0
 10
662.345664023871
 20
183.6069834288831
 30
-0.000000000001819
 41
1.0
 10
662.345664023871
 20
183.8662750955498
 30
-0.000000000001819
 41
1.0
  0
LINE
  5
418
330
70
100
AcDbEntity
  8
Visible
100
AcDbLine
 10
662.345664
 20
183.866275
 30
0.0
 11
662.345664
 21
184.028332
 31
0.0
210
0.0
220
1.0
230
0.0
  0
LINE
  5
419
330
70
100
AcDbEntity
  8
Visible
100
AcDbLine
 10
662.345664
 20
184.028332
 30
0.0
 11
664.230159
 21
184.019072
 31
0.0
210
0.0
220
1.0
230
0.0
  0
LINE
  5
41A
330
70
100
AcDbEntity
  8
Visible
100
AcDbLine
 10
664.230159
 20
184.019072
 30
0.0
 11
666.114654
 21
184.005181
 31
0.0
210
0.0
220
1.0
230
0.0
  0
LINE
  5
41B
330
70
100
AcDbEntity
  8
Visible
100
AcDbLine
 10
666.114654
 20
184.005181
 30
0.0
 11
666.170216
 21
183.787562
 31
0.0
210
0.0
220
1.0
230
0.0
  0
SPLINE
  5
41C
330
70
100
AcDbEntity
  8
Visible
100
AcDbSpline
210
0.0
220
0.0
230
1.0
 70
    12
 71
     3
 72
     8
 73
     4
 74
     0
 42
0.000000001
 43
0.0000000001
 40
-1.0
 40
-1.0
 40
-1.0
 40
-1.0
 40
0.0
 40
0.0
 40
0.0
 40
0.0
 10
666.1702161072043
 20
183.7875615538831
 30
-0.000000000001819
 41
1.0
 10
666.4989608988707
 20
182.4911032205498
 30
-0.000000000001819
 41
1.0
 10
668.1241640238713
 20
181.7410094705498
 30
-0.000000000001819
 41
1.0
 10
669.7169556905373
 20
182.1530980122165
 30
-0.000000000001819
 41
1.0
  0
SPLINE
  5
41D
330
70
100
AcDbEntity
  8
Visible
100
AcDbSpline
210
0.0
220
0.0
230
1.0
 70
    12
 71
     3
 72
     8
 73
     4
 74
     0
 42
0.000000001
 43
0.0000000001
 40
-1.0
 40
-1.0
 40
-1.0
 40
-1.0
 40
0.0
 40
0.0
 40
0.0
 40
0.0
 10
669.7169556905373
 20
182.1530980122165
 30
-0.000000000001819
 41
1.0
 10
670.5550233988706
 20
182.3707178038831
 30
-0.000000000001819
 41
1.0
 10
671.0597161072037
 20
182.9031917622165
 30
-0.000000000001819
 41
1.0
 10
671.0597161072037
 20
183.5606813455498
 30
-0.000000000001819
 41
1.0
  0
SPLINE
  5
41E
330
70
100
AcDbEntity
  8
Visible
100
AcDbSpline
210
0.0
220
0.0
230
1.0
 70
    12
 71
     3
 72
     8
 73
     4
 74
     0
 42
0.000000001
 43
0.0000000001
 40
-1.0
 40
-1.0
 40
-1.0
 40
-1.0
 40
0.0
 40
0.0
 40
0.0
 40
0.0
 10
671.0597161072037
 20
183.5606813455498
 30
-0.000000000001819
 41
1.0
 10
671.0643463155374
 20
184.1672386372164
 30
-0.000000000001819
 41
1.0
 10
670.758752565538
 20
184.4959834288831
 30
-0.000000000001819
 41
1.0
 10
669.8558619405376
 20
184.8525094705498
 30
-0.000000000001819
 41
1.0
  0
SPLINE
  5
41F
330
70
100
AcDbEntity
  8
Visible
100
AcDbSpline
210
0.0
220
0.0
230
1.0
 70
    12
 71
     3
 72
     8
 73
     4
 74
     0
 42
0.000000001
 43
0.0000000001
 40
-1.0
 40
-1.0
 40
-1.0
 40
-1.0
 40
0.0
 40
0.0
 40
0.0
 40
0.0
 10
669.8558619405376
 20
184.8525094705498
 30
-0.000000000001819
 41
1.0
 10
669.2030025655385
 20
185.1118011372165
 30
-0.000000000001819
 41
1.0
 10
668.5131015238712
 20
185.3201605122164
 30
-0.000000000001819
 41
1.0
 10
667.4851952738718
 20
185.5794521788831
 30
-0.000000000001819
 41
1.0
  0
SPLINE
  5
420
330
70
100
AcDbEntity
  8
Visible
100
AcDbSpline
210
0.0
220
0.0
230
1.0
 70
    12
 71
     3
 72
     8
 73
     4
 74
     0
 42
0.000000001
 43
0.0000000001
 40
-1.0
 40
-1.0
 40
-1.0
 40
-1.0
 40
0.0
 40
0.0
 40
0.0
 40
0.0
 10
667.4851952738718
 20
185.5794521788831
 30
-0.000000000001819
 41
1.0
 10
666.5684140238718
 20
185.8063323872165
 30
-0.000000000001819
 41
1.0
 10
665.3691900655376
 20
186.2137907205497
 30
-0.000000000001819
 41
1.0
 10
664.8830181905378
 20
186.4684521788831
 30
-0.000000000001819
 41
1.0
  0
SPLINE
  5
421
330
70
100
AcDbEntity
  8
Visible
100
AcDbSpline
210
0.0
220
0.0
230
1.0
 70
    12
 71
     3
 72
     8
 73
     4
 74
     0
 42
0.000000001
 43
0.0000000001
 40
-1.0
 40
-1.0
 40
-1.0
 40
-1.0
 40
0.0
 40
0.0
 40
0.0
 40
0.0
 10
664.8830181905378
 20
186.4684521788831
 30
-0.000000000001819
 41
1.0
 10
663.790289023871
 20
187.0287073872164
 30
-0.000000000001819
 41
1.0
 10
663.021674440537
 20
187.9177073872164
 30
-0.000000000001819
 41
1.0
 10
662.7855338155368
 20
188.8900511372164
 30
-0.000000000001819
 41
1.0
  0
SPLINE
  5
422
330
70
100
AcDbEntity
  8
Visible
100
AcDbSpline
210
0.0
220
0.0
230
1.0
 70
    12
 71
     3
 72
     8
 73
     4
 74
     0
 42
0.000000001
 43
0.0000000001
 40
-1.0
 40
-1.0
 40
-1.0
 40
-1.0
 40
0.0
 40
0.0
 40
0.0
 40
0.0
 10
662.7855338155368
 20
188.8900511372164
 30
-0.000000000001819
 41
1.0
 10
662.6651483988716
 20
189.3762230122165
 30
-0.000000000001819
 41
1.0
 10
662.6466275655384
 20
190.2281813455498
 30
-0.000000000001819
 41
1.0
 10
662.7392317322046
 20
190.7189834288831
 30
-0.000000000001819
 41
1.0
  0
SPLINE
  5
423
330
70
100
AcDbEntity
  8
Visible
100
AcDbSpline
210
0.0
220
0.0
230
1.0
 70
    12
 71
     3
 72
     8
 73
     4
 74
     0
 42
0.000000001
 43
0.0000000001
 40
-1.0
 40
-1.0
 40
-1.0
 40
-1.0
 40
0.0
 40
0.0
 40
0.0
 40
0.0
 10
662.7392317322046
 20
190.7189834288831
 30
-0.000000000001819
 41
1.0
 10
663.0309348572045
 20
192.2747334288831
 30
-0.000000000001819
 41
1.0
 10
664.2116379822036
 20
193.4924782205498
 30
-0.000000000001819
 41
1.0
 10
666.0035286072034
 20
194.0758844705498
 30
-0.000000000001819
 41
1.0
  0
SPLINE
  5
424
330
70
100
AcDbEntity
  8
Visible
100
AcDbSpline
210
0.0
220
0.0
230
1.0
 70
    12
 71
     3
 72
     8
 73
     4
 74
     0
 42
0.000000001
 43
0.0000000001
 40
-1.0
 40
-1.0
 40
-1.0
 40
-1.0
 40
0.0
 40
0.0
 40
0.0
 40
0.0
 10
732.0302994405373
 20
194.3490667622164
 30
-0.000000000001819
 41
1.0
 10
732.2201379822035
 20
194.3768480122164
 30
-0.000000000001819
 41
1.0
 10
732.4284973572048
 20
194.4092594705498
 30
-0.000000000001819
 41
1.0
 10
732.4933202738702
 20
194.4185198872165
 30
-0.000000000001819
 41
1.0
  0
SPLINE
  5
425
330
70
100
AcDbEntity
  8
Visible
100
AcDbSpline
210
0.0
220
0.0
230
1.0
 70
    12
 71
     3
 72
     8
 73
     4
 74
     0
 42
0.000000001
 43
0.0000000001
 40
-1.0
 40
-1.0
 40
-1.0
 40
-1.0
 40
0.0
 40
0.0
 40
0.0
 40
0.0
 10
732.4933202738702
 20
194.4185198872165
 30
-0.000000000001819
 41
1.0
 10
732.5581431905375
 20
194.4277803038831
 30
-0.000000000001819
 41
1.0
 10
732.9054088155372
 20
194.4370407205498
 30
-0.000000000001819
 41
1.0
 10
733.266565065538
 20
194.4416709288831
 30
-0.000000000001819
 41
1.0
  0
SPLINE
  5
426
330
70
100
AcDbEntity
  8
Visible
100
AcDbSpline
210
0.0
220
0.0
230
1.0
 70
    12
 71
     3
 72
     8
 73
     4
 74
     0
 42
0.000000001
 43
0.0000000001
 40
-1.0
 40
-1.0
 40
-1.0
 40
-1.0
 40
0.0
 40
0.0
 40
0.0
 40
0.0
 10
733.266565065538
 20
194.4416709288831
 30
-0.000000000001819
 41
1.0
 10
734.9473306905383
 20
194.4555615538831
 30
-0.000000000001819
 41
1.0
 10
736.5216015238711
 20
194.0064313455498
 30
-0.000000000001819
 41
1.0
 10
737.8226900655372
 20
193.1452125955498
 30
-0.000000000001819
 41
1.0
  0
SPLINE
  5
427
330
70
100
AcDbEntity
  8
Visible
100
AcDbSpline
210
0.0
220
0.0
230
1.0
 70
    12
 71
     3
 72
     8
 73
     4
 74
     0
 42
0.000000001
 43
0.0000000001
 40
-1.0
 40
-1.0
 40
-1.0
 40
-1.0
 40
0.0
 40
0.0
 40
0.0
 40
0.0
 10
737.8226900655372
 20
193.1452125955498
 30
-0.000000000001819
 41
1.0
 10
738.4199869405383
 20
192.7470146788831
 30
-0.000000000001819
 41
1.0
 10
739.2812056905368
 20
191.8811657205498
 30
-0.000000000001819
 41
1.0
 10
739.684033815538
 20
191.2746084288831
 30
-0.000000000001819
 41
1.0
  0
SPLINE
  5
428
330
70
100
AcDbEntity
  8
Visible
100
AcDbSpline
210
0.0
220
0.0
230
1.0
 70
    12
 71
     3
 72
     8
 73
     4
 74
     0
 42
0.000000001
 43
0.0000000001
 40
-1.0
 40
-1.0
 40
-1.0
 40
-1.0
 40
0.0
 40
0.0
 40
0.0
 40
0.0
 10
739.684033815538
 20
191.2746084288831
 30
-0.000000000001819
 41
1.0
 10
740.2442890238708
 20
190.4272803038831
 30
-0.000000000001819
 41
1.0
 10
740.6332265238707
 20
189.4827178038831
 30
-0.000000000001819
 41
1.0
 10
740.8369556905381
 20
188.4640719705498
 30
-0.000000000001819
 41
1.0
  0
SPLINE
  5
429
330
70
100
AcDbEntity
  8
Visible
100
AcDbSpline
210
0.0
220
0.0
230
1.0
 70
    12
 71
     3
 72
     8
 73
     4
 74
     0
 42
0.000000001
 43
0.0000000001
 40
-1.0
 40
-1.0
 40
-1.0
 40
-1.0
 40
0.0
 40
0.0
 40
0.0
 40
0.0
 10
740.8369556905381
 20
188.4640719705498
 30
-0.000000000001819
 41
1.0
 10
740.9295598572043
 20
188.0010511372164
 30
-0.000000000001819
 41
1.0
 10
740.9434504822038
 20
187.8065823872164
 30
-0.000000000001819
 41
1.0
 10
740.9434504822038
 20
186.7601553038831
 30
-0.000000000001819
 41
1.0
  0
SPLINE
  5
42A
330
70
100
AcDbEntity
  8
Visible
100
AcDbSpline
210
0.0
220
0.0
230
1.0
 70
    12
 71
     3
 72
     8
 73
     4
 74
     0
 42
0.000000001
 43
0.0000000001
 40
-1.0
 40
-1.0
 40
-1.0
 40
-1.0
 40
0.0
 40
0.0
 40
0.0
 40
0.0
 10
740.9434504822038
 20
186.7601553038831
 30
-0.000000000001819
 41
1.0
 10
740.9434504822038
 20
185.6952073872164
 30
-0.000000000001819
 41
1.0
 10
740.9341900655381
 20
185.5285198872165
 30
-0.000000000001819
 41
1.0
 10
740.8323254822043
 20
185.0747594705498
 30
-0.000000000001819
 41
1.0
  0
SPLINE
  5
42B
330
70
100
AcDbEntity
  8
Visible
100
AcDbSpline
210
0.0
220
0.0
230
1.0
 70
    12
 71
     3
 72
     8
 73
     4
 74
     0
 42
0.000000001
 43
0.0000000001
 40
-1.0
 40
-1.0
 40
-1.0
 40
-1.0
 40
0.0
 40
0.0
 40
0.0
 40
0.0
 10
740.8323254822043
 20
185.0747594705498
 30
-0.000000000001819
 41
1.0
 10
740.2489192322045
 20
182.3568271788831
 30
-0.000000000001819
 41
1.0
 10
738.4616588155368
 20
180.3473167622164
 30
-0.000000000001819
 41
1.0
 10
735.873372357204
 20
179.4953584288831
 30
-0.000000000001819
 41
1.0
  0
SPLINE
  5
42C
330
70
100
AcDbEntity
  8
Visible
100
AcDbSpline
210
0.0
220
0.0
230
1.0
 70
    12
 71
     3
 72
     8
 73
     4
 74
     0
 42
0.000000001
 43
0.0000000001
 40
-1.0
 40
-1.0
 40
-1.0
 40
-1.0
 40
0.0
 40
0.0
 40
0.0
 40
0.0
 10
735.873372357204
 20
179.4953584288831
 30
-0.000000000001819
 41
1.0
 10
734.2389088155377
 20
178.9628844705498
 30
-0.000000000001819
 41
1.0
 10
732.2247681905373
 20
178.9628844705498
 30
-0.000000000001819
 41
1.0
 10
730.6180858988718
 20
179.4953584288831
 30
-0.000000000001819
 41
1.0
  0
SPLINE
  5
42D
330
70
100
AcDbEntity
  8
Visible
100
AcDbSpline
210
0.0
220
0.0
230
1.0
 70
    12
 71
     3
 72
     8
 73
     4
 74
     0
 42
0.000000001
 43
0.0000000001
 40
-1.0
 40
-1.0
 40
-1.0
 40
-1.0
 40
0.0
 40
0.0
 40
0.0
 40
0.0
 10
730.6180858988718
 20
179.4953584288831
 30
-0.000000000001819
 41
1.0
 10
729.7429765238703
 20
179.7870615538831
 30
-0.000000000001819
 41
1.0
 10
728.7984140238713
 20
180.3241657205498
 30
-0.000000000001819
 41
1.0
 10
728.1224036072035
 20
180.9122021788831
 30
-0.000000000001819
 41
1.0
  0
SPLINE
  5
42E
330
70
100
AcDbEntity
  8
Visible
100
AcDbSpline
210
0.0
220
0.0
230
1.0
 70
    12
 71
     3
 72
     8
 73
     4
 74
     0
 42
0.000000001
 43
0.0000000001
 40
-1.0
 40
-1.0
 40
-1.0
 40
-1.0
 40
0.0
 40
0.0
 40
0.0
 40
0.0
 10
728.1224036072035
 20
180.9122021788831
 30
-0.000000000001819
 41
1.0
 10
727.1037577738716
 20
181.8058323872165
 30
-0.000000000001819
 41
1.0
 10
726.3166223572043
 20
183.1254417622164
 30
-0.000000000001819
 41
1.0
 10
725.9462056905377
 20
184.5561761372165
 30
-0.000000000001819
 41
1.0
  0
SPLINE
  5
42F
330
70
100
AcDbEntity
  8
Visible
100
AcDbSpline
210
0.0
220
0.0
230
1.0
 70
    12
 71
     3
 72
     8
 73
     4
 74
     0
 42
0.000000001
 43
0.0000000001
 40
-1.0
 40
-1.0
 40
-1.0
 40
-1.0
 40
0.0
 40
0.0
 40
0.0
 40
0.0
 10
725.9462056905377
 20
184.5561761372165
 30
-0.000000000001819
 41
1.0
 10
725.524856732205
 20
186.1628584288831
 30
-0.000000000001819
 41
1.0
 10
725.6174608988713
 20
188.2279313455498
 30
-0.000000000001819
 41
1.0
 10
726.1730858988703
 20
189.7003375955498
 30
-0.000000000001819
 41
1.0
  0
SPLINE
  5
430
330
70
100
AcDbEntity
  8
Visible
100
AcDbSpline
210
0.0
220
0.0
230
1.0
 70
    12
 71
     3
 72
     8
 73
     4
 74
     0
 42
0.000000001
 43
0.0000000001
 40
-1.0
 40
-1.0
 40
-1.0
 40
-1.0
 40
0.0
 40
0.0
 40
0.0
 40
0.0
 10
726.1730858988703
 20
189.7003375955498
 30
-0.000000000001819
 41
1.0
 10
726.8120546488717
 20
191.3949938455498
 30
-0.000000000001819
 41
1.0
 10
728.0483202738706
 20
192.8025771788831
 30
-0.000000000001819
 41
1.0
 10
729.5762890238711
 20
193.5665615538831
 30
-0.000000000001819
 41
1.0
  0
SPLINE
  5
431
330
70
100
AcDbEntity
  8
Visible
100
AcDbSpline
210
0.0
220
0.0
230
1.0
 70
    12
 71
     3
 72
     8
 73
     4
 74
     0
 42
0.000000001
 43
0.0000000001
 40
-1.0
 40
-1.0
 40
-1.0
 40
-1.0
 40
0.0
 40
0.0
 40
0.0
 40
0.0
 10
729.5762890238711
 20
193.5665615538831
 30
-0.000000000001819
 41
1.0
 10
730.3541640238709
 20
193.9554990538831
 30
-0.000000000001819
 41
1.0
 10
731.2200129822049
 20
194.2333115538831
 30
-0.000000000001819
 41
1.0
 10
732.0302994405373
 20
194.3490667622164
 30
-0.000000000001819
 41
1.0
  0
SPLINE
  5
432
330
70
100
AcDbEntity
  8
Visible
100
AcDbSpline
210
0.0
220
0.0
230
1.0
 70
    12
 71
     3
 72
     8
 73
     4
 74
     0
 42
0.000000001
 43
0.0000000001
 40
-1.0
 40
-1.0
 40
-1.0
 40
-1.0
 40
0.0
 40
0.0
 40
0.0
 40
0.0
 10
573.2141536072049
 20
133.5590615538831
 30
-0.000000000001819
 41
1.0
 10
567.2967473572043
 20
149.9963011372164
 30
-0.000000000001819
 41
1.0
 10
562.4489192322035
 20
163.4840980122164
 30
-0.000000000001819
 41
1.0
 10
562.435028607204
 20
163.5304000955498
 30
-0.000000000001819
 41
1.0
  0
SPLINE
  5
433
330
70
100
AcDbEntity
  8
Visible
100
AcDbSpline
210
0.0
220
0.0
230
1.0
 70
    12
 71
     3
 72
     8
 73
     4
 74
     0
 42
0.000000001
 43
0.0000000001
 40
-1.0
 40
-1.0
 40
-1.0
 40
-1.0
 40
0.0
 40
0.0
 40
0.0
 40
0.0
 10
562.435028607204
 20
163.5304000955498
 30
-0.000000000001819
 41
1.0
 10
562.4165077738707
 20
163.6044834288831
 30
-0.000000000001819
 41
1.0
 10
562.9119400655381
 20
163.6091136372164
 30
-0.000000000001819
 41
1.0
 10
572.4177577738701
 20
163.6091136372164
 30
-0.000000000001819
 41
1.0
  0
LINE
  5
434
330
70
100
AcDbEntity
  8
Visible
100
AcDbLine
 10
572.417758
 20
163.609114
 30
0.0
 11
582.423638
 21
163.609114
 31
0.0
210
0.0
220
1.0
230
0.0
  0
LINE
  5
435
330
70
100
AcDbEntity
  8
Visible
100
AcDbLine
 10
582.423638
 20
163.609114
 30
0.0
 11
582.557914
 21
163.183134
 31
0.0
210
0.0
220
1.0
230
0.0
  0
SPLINE
  5
436
330
70
100
AcDbEntity
  8
Visible
100
AcDbSpline
210
0.0
220
0.0
230
1.0
 70
    12
 71
     3
 72
     8
 73
     4
 74
     0
 42
0.000000001
 43
0.0000000001
 40
-1.0
 40
-1.0
 40
-1.0
 40
-1.0
 40
0.0
 40
0.0
 40
0.0
 40
0.0
 10
582.5579140238715
 20
163.1831344705498
 30
-0.000000000001819
 41
1.0
 10
582.6319973572045
 20
162.9469938455498
 30
-0.000000000001819
 41
1.0
 10
585.6045911072051
 20
153.2976396788831
 30
-0.000000000001819
 41
1.0
 10
589.1698515238713
 20
141.7406396788831
 30
-0.000000000001819
 41
1.0
  0
LINE
  5
437
330
70
100
AcDbEntity
  8
Visible
100
AcDbLine
 10
589.169852
 20
141.74064
 30
0.0
 11
595.642883
 21
120.724124
 31
0.0
210
0.0
220
1.0
230
0.0
  0
LINE
  5
438
330
70
100
AcDbEntity
  8
Visible
100
AcDbLine
 10
595.642883
 20
120.724124
 30
0.0
 11
595.726227
 21
120.974155
 31
0.0
210
0.0
220
1.0
230
0.0
  0
SPLINE
  5
439
330
70
100
AcDbEntity
  8
Visible
100
AcDbSpline
210
0.0
220
0.0
230
1.0
 70
    12
 71
     3
 72
     8
 73
     4
 74
     0
 42
0.000000001
 43
0.0000000001
 40
-1.0
 40
-1.0
 40
-1.0
 40
-1.0
 40
0.0
 40
0.0
 40
0.0
 40
0.0
 10
595.7262265238714
 20
120.9741553038831
 30
-0.000000000001819
 41
1.0
 10
595.7678983988716
 20
121.1084313455498
 30
-0.000000000001819
 41
1.0
 10
598.7127108988715
 20
130.6605511372165
 30
-0.000000000001819
 41
1.0
 10
602.2687108988702
 20
142.1944000955498
 30
-0.000000000001819
 41
1.0
  0
SPLINE
  5
43A
330
70
100
AcDbEntity
  8
Visible
100
AcDbSpline
210
0.0
220
0.0
230
1.0
 70
    12
 71
     3
 72
     8
 73
     4
 74
     0
 42
0.000000001
 43
0.0000000001
 40
-1.0
 40
-1.0
 40
-1.0
 40
-1.0
 40
0.0
 40
0.0
 40
0.0
 40
0.0
 10
602.2687108988702
 20
142.1944000955498
 30
-0.000000000001819
 41
1.0
 10
605.8247108988707
 20
153.7328792622164
 30
-0.000000000001819
 41
1.0
 10
608.7648931905369
 20
163.2664782205498
 30
-0.000000000001819
 41
1.0
 10
608.8019348572033
 20
163.3914938455498
 30
-0.000000000001819
 41
1.0
  0
LINE
  5
43B
330
70
100
AcDbEntity
  8
Visible
100
AcDbLine
 10
608.801935
 20
163.391494
 30
0.0
 11
608.876018
 21
163.609114
 31
0.0
210
0.0
220
1.0
230
0.0
  0
LINE
  5
43C
330
70
100
AcDbEntity
  8
Visible
100
AcDbLine
 10
608.876018
 20
163.609114
 30
0.0
 11
618.830966
 21
163.609114
 31
0.0
210
0.0
220
1.0
230
0.0
  0
SPLINE
  5
43D
330
70
100
AcDbEntity
  8
Visible
100
AcDbSpline
210
0.0
220
0.0
230
1.0
 70
    12
 71
     3
 72
     8
 73
     4
 74
     0
 42
0.000000001
 43
0.0000000001
 40
-1.0
 40
-1.0
 40
-1.0
 40
-1.0
 40
0.0
 40
0.0
 40
0.0
 40
0.0
 10
618.8309661072034
 20
163.6091136372164
 30
-0.000000000001819
 41
1.0
 10
626.776403607204
 20
163.6091136372164
 30
-0.000000000001819
 41
1.0
 10
628.7812838155368
 20
163.5952230122164
 30
-0.000000000001819
 41
1.0
 10
628.7627629822036
 20
163.5535511372165
 30
-0.000000000001819
 41
1.0
  0
SPLINE
  5
43E
330
70
100
AcDbEntity
  8
Visible
100
AcDbSpline
210
0.0
220
0.0
230
1.0
 70
    12
 71
     3
 72
     8
 73
     4
 74
     0
 42
0.000000001
 43
0.0000000001
 40
-1.0
 40
-1.0
 40
-1.0
 40
-1.0
 40
0.0
 40
0.0
 40
0.0
 40
0.0
 10
628.7627629822036
 20
163.5535511372165
 30
-0.000000000001819
 41
1.0
 10
628.7535025655379
 20
163.5211396788831
 30
-0.000000000001819
 41
1.0
 10
623.905674440537
 20
150.0426032205498
 30
-0.000000000001819
 41
1.0
 10
617.9882681905382
 20
133.6053636372164
 30
-0.000000000001819
 41
1.0
  0
SPLINE
  5
43F
330
70
100
AcDbEntity
  8
Visible
100
AcDbSpline
210
0.0
220
0.0
230
1.0
 70
    12
 71
     3
 72
     8
 73
     4
 74
     0
 42
0.000000001
 43
0.0000000001
 40
-1.0
 40
-1.0
 40
-1.0
 40
-1.0
 40
0.0
 40
0.0
 40
0.0
 40
0.0
 10
617.9882681905382
 20
133.6053636372164
 30
-0.000000000001819
 41
1.0
 10
612.0754921488715
 20
117.1681240538831
 30
-0.000000000001819
 41
1.0
 10
607.2091431905374
 20
103.6479157205498
 30
-0.000000000001819
 41
1.0
 10
607.1767317322046
 20
103.5645719705498
 30
-0.000000000001819
 41
1.0
  0
LINE
  5
440
330
70
100
AcDbEntity
  8
Visible
100
AcDbLine
 10
607.176732
 20
103.564572
 30
0.0
 11
607.111909
 21
103.416405
 31
0.0
210
0.0
220
1.0
230
0.0
  0
LINE
  5
441
330
70
100
AcDbEntity
  8
Visible
100
AcDbLine
 10
607.111909
 20
103.416405
 30
0.0
 11
584.058102
 21
103.416405
 31
0.0
210
0.0
220
1.0
230
0.0
  0
LINE
  5
442
330
70
100
AcDbEntity
  8
Visible
100
AcDbLine
 10
584.058102
 20
103.416405
 30
0.0
 11
584.011799
 21
103.546051
 31
0.0
210
0.0
220
1.0
230
0.0
  0
SPLINE
  5
443
330
70
100
AcDbEntity
  8
Visible
100
AcDbSpline
210
0.0
220
0.0
230
1.0
 70
    12
 71
     3
 72
     8
 73
     4
 74
     0
 42
0.000000001
 43
0.0000000001
 40
-1.0
 40
-1.0
 40
-1.0
 40
-1.0
 40
0.0
 40
0.0
 40
0.0
 40
0.0
 10
584.0117994405373
 20
103.5460511372165
 30
-0.000000000001819
 41
1.0
 10
583.9886483988703
 20
103.6155042622165
 30
-0.000000000001819
 41
1.0
 10
579.1269296488717
 20
117.1218219705498
 30
-0.000000000001819
 41
1.0
 10
573.2141536072049
 20
133.5590615538831
 30
-0.000000000001819
 41
1.0
  0
SPLINE
  5
444
330
70
100
AcDbEntity
  8
Visible
100
AcDbSpline
210
0.0
220
0.0
230
1.0
 70
    12
 71
     3
 72
     8
 73
     4
 74
     0
 42
0.000000001
 43
0.0000000001
 40
-1.0
 40
-1.0
 40
-1.0
 40
-1.0
 40
0.0
 40
0.0
 40
0.0
 40
0.0
 10
479.1236900655367
 20
133.4201553038831
 30
-0.000000000001819
 41
1.0
 10
473.1923931905384
 20
149.9083271788831
 30
-0.000000000001819
 41
1.0
 10
468.3260442322043
 20
163.4470563455498
 30
-0.000000000001819
 41
1.0
 10
468.3121536072048
 20
163.5072490538831
 30
-0.000000000001819
 41
1.0
  0
LINE
  5
445
330
70
100
AcDbEntity
  8
Visible
100
AcDbLine
 10
468.312154
 20
163.507249
 30
0.0
 11
468.284372
 21
163.609114
 31
0.0
210
0.0
220
1.0
230
0.0
  0
LINE
  5
446
330
70
100
AcDbEntity
  8
Visible
100
AcDbLine
 10
468.284372
 20
163.609114
 30
0.0
 11
488.286872
 21
163.609114
 31
0.0
210
0.0
220
1.0
230
0.0
  0
LINE
  5
447
330
70
100
AcDbEntity
  8
Visible
100
AcDbLine
 10
488.286872
 20
163.609114
 30
0.0
 11
488.337805
 21
163.460947
 31
0.0
210
0.0
220
1.0
230
0.0
  0
SPLINE
  5
448
330
70
100
AcDbEntity
  8
Visible
100
AcDbSpline
210
0.0
220
0.0
230
1.0
 70
    12
 71
     3
 72
     8
 73
     4
 74
     0
 42
0.000000001
 43
0.0000000001
 40
-1.0
 40
-1.0
 40
-1.0
 40
-1.0
 40
0.0
 40
0.0
 40
0.0
 40
0.0
 10
488.3378046488705
 20
163.4609469705498
 30
-0.000000000001819
 41
1.0
 10
488.3609556905375
 20
163.3776032205498
 30
-0.000000000001819
 41
1.0
 10
491.3242890238707
 20
153.7652907205498
 30
-0.000000000001819
 41
1.0
 10
494.9173306905377
 20
142.1017959288831
 30
-0.000000000001819
 41
1.0
  0
SPLINE
  5
449
330
70
100
AcDbEntity
  8
Visible
100
AcDbSpline
210
0.0
220
0.0
230
1.0
 70
    12
 71
     3
 72
     8
 73
     4
 74
     0
 42
0.000000001
 43
0.0000000001
 40
-1.0
 40
-1.0
 40
-1.0
 40
-1.0
 40
0.0
 40
0.0
 40
0.0
 40
0.0
 10
494.9173306905377
 20
142.1017959288831
 30
-0.000000000001819
 41
1.0
 10
498.5103723572047
 20
130.4383011372164
 30
-0.000000000001819
 41
1.0
 10
501.4644452738703
 20
120.8584000955498
 30
-0.000000000001819
 41
1.0
 10
501.4829661072035
 20
120.8167282205498
 30
-0.000000000001819
 41
1.0
  0
SPLINE
  5
44A
330
70
100
AcDbEntity
  8
Visible
100
AcDbSpline
210
0.0
220
0.0
230
1.0
 70
    12
 71
     3
 72
     8
 73
     4
 74
     0
 42
0.000000001
 43
0.0000000001
 40
-1.0
 40
-1.0
 40
-1.0
 40
-1.0
 40
0.0
 40
0.0
 40
0.0
 40
0.0
 10
501.4829661072035
 20
120.8167282205498
 30
-0.000000000001819
 41
1.0
 10
501.5014869405368
 20
120.7611657205498
 30
-0.000000000001819
 41
1.0
 10
503.8258515238704
 20
128.2389521788831
 30
-0.000000000001819
 41
1.0
 10
508.1087942322047
 20
142.1388375955498
 30
-0.000000000001819
 41
1.0
  0
SPLINE
  5
44B
330
70
100
AcDbEntity
  8
Visible
100
AcDbSpline
210
0.0
220
0.0
230
1.0
 70
    12
 71
     3
 72
     8
 73
     4
 74
     0
 42
0.000000001
 43
0.0000000001
 40
-1.0
 40
-1.0
 40
-1.0
 40
-1.0
 40
0.0
 40
0.0
 40
0.0
 40
0.0
 10
508.1087942322047
 20
142.1388375955498
 30
-0.000000000001819
 41
1.0
 10
511.7342473572043
 20
153.9088271788831
 30
-0.000000000001819
 41
1.0
 10
514.7161015238707
 20
163.5535511372165
 30
-0.000000000001819
 41
1.0
 10
514.7346223572039
 20
163.5767021788831
 30
-0.000000000001819
 41
1.0
  0
SPLINE
  5
44C
330
70
100
AcDbEntity
  8
Visible
100
AcDbSpline
210
0.0
220
0.0
230
1.0
 70
    12
 71
     3
 72
     8
 73
     4
 74
     0
 42
0.000000001
 43
0.0000000001
 40
-1.0
 40
-1.0
 40
-1.0
 40
-1.0
 40
0.0
 40
0.0
 40
0.0
 40
0.0
 10
514.7346223572039
 20
163.5767021788831
 30
-0.000000000001819
 41
1.0
 10
514.7485129822034
 20
163.5952230122164
 30
-0.000000000001819
 41
1.0
 10
519.2351848572034
 20
163.6044834288831
 30
-0.000000000001819
 41
1.0
 10
524.6988306905368
 20
163.5998532205498
 30
-0.000000000001819
 41
1.0
  0
LINE
  5
44D
330
70
100
AcDbEntity
  8
Visible
100
AcDbLine
 10
524.698831
 20
163.599853
 30
0.0
 11
534.635258
 21
163.585963
 31
0.0
210
0.0
220
1.0
230
0.0
  0
LINE
  5
44E
330
70
100
AcDbEntity
  8
Visible
100
AcDbLine
 10
534.635258
 20
163.585963
 30
0.0
 11
523.814461
 21
133.512759
 31
0.0
210
0.0
220
1.0
230
0.0
  0
LINE
  5
44F
330
70
100
AcDbEntity
  8
Visible
100
AcDbLine
 10
523.814461
 20
133.512759
 30
0.0
 11
512.998294
 21
103.439556
 31
0.0
210
0.0
220
1.0
230
0.0
  0
LINE
  5
450
330
70
100
AcDbEntity
  8
Visible
100
AcDbLine
 10
512.998294
 20
103.439556
 30
0.0
 11
489.907445
 21
103.439556
 31
0.0
210
0.0
220
1.0
230
0.0
  0
LINE
  5
451
330
70
100
AcDbEntity
  8
Visible
100
AcDbLine
 10
489.907445
 20
103.439556
 30
0.0
 11
479.12369
 21
133.420155
 31
0.0
210
0.0
220
1.0
230
0.0
  0
SPLINE
  5
452
330
70
100
AcDbEntity
  8
Visible
100
AcDbSpline
210
0.0
220
0.0
230
1.0
 70
    12
 71
     3
 72
     8
 73
     4
 74
     0
 42
0.000000001
 43
0.0000000001
 40
-1.0
 40
-1.0
 40
-1.0
 40
-1.0
 40
0.0
 40
0.0
 40
0.0
 40
0.0
 10
647.6910546488706
 20
162.2339417622165
 30
-0.000000000001819
 41
1.0
 10
650.8766379822045
 20
163.4887282205498
 30
-0.000000000001819
 41
1.0
 10
654.627106732205
 20
164.2573428038831
 30
-0.000000000001819
 41
1.0
 10
658.4331379822051
 20
164.4379209288831
 30
-0.000000000001819
 41
1.0
  0
SPLINE
  5
453
330
70
100
AcDbEntity
  8
Visible
100
AcDbSpline
210
0.0
220
0.0
230
1.0
 70
    12
 71
     3
 72
     8
 73
     4
 74
     0
 42
0.000000001
 43
0.0000000001
 40
-1.0
 40
-1.0
 40
-1.0
 40
-1.0
 40
0.0
 40
0.0
 40
0.0
 40
0.0
 10
658.4331379822051
 20
164.4379209288831
 30
-0.000000000001819
 41
1.0
 10
660.8223254822042
 20
164.5490459288831
 30
-0.000000000001819
 41
1.0
 10
663.3735702738704
 20
164.4518115538831
 30
-0.000000000001819
 41
1.0
 10
665.5868098572045
 20
164.1601084288831
 30
-0.000000000001819
 41
1.0
  0
SPLINE
  5
454
330
70
100
AcDbEntity
  8
Visible
100
AcDbSpline
210
0.0
220
0.0
230
1.0
 70
    12
 71
     3
 72
     8
 73
     4
 74
     0
 42
0.000000001
 43
0.0000000001
 40
-1.0
 40
-1.0
 40
-1.0
 40
-1.0
 40
0.0
 40
0.0
 40
0.0
 40
0.0
 10
665.5868098572045
 20
164.1601084288831
 30
-0.000000000001819
 41
1.0
 10
671.7681379822042
 20
163.3451917622164
 30
-0.000000000001819
 41
1.0
 10
677.2827161072036
 20
160.9282230122164
 30
-0.000000000001819
 41
1.0
 10
681.491575482205
 20
157.1916448872164
 30
-0.000000000001819
 41
1.0
  0
SPLINE
  5
455
330
70
100
AcDbEntity
  8
Visible
100
AcDbSpline
210
0.0
220
0.0
230
1.0
 70
    12
 71
     3
 72
     8
 73
     4
 74
     0
 42
0.000000001
 43
0.0000000001
 40
-1.0
 40
-1.0
 40
-1.0
 40
-1.0
 40
0.0
 40
0.0
 40
0.0
 40
0.0
 10
681.491575482205
 20
157.1916448872164
 30
-0.000000000001819
 41
1.0
 10
686.6125858988707
 20
152.6447803038831
 30
-0.000000000001819
 41
1.0
 10
689.8166900655378
 20
146.2504625955498
 30
-0.000000000001819
 41
1.0
 10
690.631606732204
 20
138.9532542622165
 30
-0.000000000001819
 41
1.0
  0
SPLINE
  5
456
330
70
100
AcDbEntity
  8
Visible
100
AcDbSpline
210
0.0
220
0.0
230
1.0
 70
    12
 71
     3
 72
     8
 73
     4
 74
     0
 42
0.000000001
 43
0.0000000001
 40
-1.0
 40
-1.0
 40
-1.0
 40
-1.0
 40
0.0
 40
0.0
 40
0.0
 40
0.0
 10
690.631606732204
 20
138.9532542622165
 30
-0.000000000001819
 41
1.0
 10
690.8214452738702
 20
137.2447073872164
 30
-0.000000000001819
 41
1.0
 10
690.8445963155372
 20
136.8094678038831
 30
-0.000000000001819
 41
1.0
 10
690.8445963155372
 20
134.5545563455498
 30
-0.000000000001819
 41
1.0
  0
SPLINE
  5
457
330
70
100
AcDbEntity
  8
Visible
100
AcDbSpline
210
0.0
220
0.0
230
1.0
 70
    12
 71
     3
 72
     8
 73
     4
 74
     0
 42
0.000000001
 43
0.0000000001
 40
-1.0
 40
-1.0
 40
-1.0
 40
-1.0
 40
0.0
 40
0.0
 40
0.0
 40
0.0
 10
690.8445963155372
 20
134.5545563455498
 30
-0.000000000001819
 41
1.0
 10
690.8445963155372
 20
132.3366865538831
 30
-0.000000000001819
 41
1.0
 10
690.8121848572045
 20
131.5819625955498
 30
-0.000000000001819
 41
1.0
 10
690.6454973572035
 20
129.9011969705498
 30
-0.000000000001819
 41
1.0
  0
LINE
  5
458
330
70
100
AcDbEntity
  8
Visible
100
AcDbLine
 10
690.645497
 20
129.901197
 30
0.0
 11
690.566784
 21
129.137213
 31
0.0
210
0.0
220
1.0
230
0.0
  0
LINE
  5
459
330
70
100
AcDbEntity
  8
Visible
100
AcDbLine
 10
690.566784
 20
129.137213
 30
0.0
 11
648.24668
 21
129.090911
 31
0.0
210
0.0
220
1.0
230
0.0
  0
LINE
  5
45A
330
70
100
AcDbEntity
  8
Visible
100
AcDbLine
 10
648.24668
 20
129.090911
 30
0.0
 11
648.26057
 21
128.905702
 31
0.0
210
0.0
220
1.0
230
0.0
  0
SPLINE
  5
45B
330
70
100
AcDbEntity
  8
Visible
100
AcDbSpline
210
0.0
220
0.0
230
1.0
 70
    12
 71
     3
 72
     8
 73
     4
 74
     0
 42
0.000000001
 43
0.0000000001
 40
-1.0
 40
-1.0
 40
-1.0
 40
-1.0
 40
0.0
 40
0.0
 40
0.0
 40
0.0
 10
648.260570273871
 20
128.9057021788831
 30
-0.000000000001819
 41
1.0
 10
648.3300233988702
 20
127.9750303038831
 30
-0.000000000001819
 41
1.0
 10
648.5985754822049
 20
126.4979938455498
 30
-0.000000000001819
 41
1.0
 10
648.8532369405383
 20
125.6460355122164
 30
-0.000000000001819
 41
1.0
  0
SPLINE
  5
45C
330
70
100
AcDbEntity
  8
Visible
100
AcDbSpline
210
0.0
220
0.0
230
1.0
 70
    12
 71
     3
 72
     8
 73
     4
 74
     0
 42
0.000000001
 43
0.0000000001
 40
-1.0
 40
-1.0
 40
-1.0
 40
-1.0
 40
0.0
 40
0.0
 40
0.0
 40
0.0
 10
648.8532369405383
 20
125.6460355122164
 30
-0.000000000001819
 41
1.0
 10
649.4644244405371
 20
123.6365250955498
 30
-0.000000000001819
 41
1.0
 10
650.2469296488706
 20
122.2520928038831
 30
-0.000000000001819
 41
1.0
 10
651.5109765238703
 20
120.9463740538831
 30
-0.000000000001819
 41
1.0
  0
SPLINE
  5
45D
330
70
100
AcDbEntity
  8
Visible
100
AcDbSpline
210
0.0
220
0.0
230
1.0
 70
    12
 71
     3
 72
     8
 73
     4
 74
     0
 42
0.000000001
 43
0.0000000001
 40
-1.0
 40
-1.0
 40
-1.0
 40
-1.0
 40
0.0
 40
0.0
 40
0.0
 40
0.0
 10
651.5109765238703
 20
120.9463740538831
 30
-0.000000000001819
 41
1.0
 10
653.3445390238703
 20
119.0572490538831
 30
-0.000000000001819
 41
1.0
 10
655.6040806905384
 20
117.9691500955498
 30
-0.000000000001819
 41
1.0
 10
658.3497942322046
 20
117.6496657205498
 30
-0.000000000001819
 41
1.0
  0
SPLINE
  5
45E
330
70
100
AcDbEntity
  8
Visible
100
AcDbSpline
210
0.0
220
0.0
230
1.0
 70
    12
 71
     3
 72
     8
 73
     4
 74
     0
 42
0.000000001
 43
0.0000000001
 40
-1.0
 40
-1.0
 40
-1.0
 40
-1.0
 40
0.0
 40
0.0
 40
0.0
 40
0.0
 10
658.3497942322046
 20
117.6496657205498
 30
-0.000000000001819
 41
1.0
 10
659.2387942322038
 20
117.5478011372165
 30
-0.000000000001819
 41
1.0
 10
661.0908775655371
 20
117.5802125955498
 30
-0.000000000001819
 41
1.0
 10
661.9659869405368
 20
117.7191188455498
 30
-0.000000000001819
 41
1.0
  0
SPLINE
  5
45F
330
70
100
AcDbEntity
  8
Visible
100
AcDbSpline
210
0.0
220
0.0
230
1.0
 70
    12
 71
     3
 72
     8
 73
     4
 74
     0
 42
0.000000001
 43
0.0000000001
 40
-1.0
 40
-1.0
 40
-1.0
 40
-1.0
 40
0.0
 40
0.0
 40
0.0
 40
0.0
 10
661.9659869405368
 20
117.7191188455498
 30
-0.000000000001819
 41
1.0
 10
663.7069452738706
 20
117.9876709288831
 30
-0.000000000001819
 41
1.0
 10
665.2858463155371
 20
118.6173792622164
 30
-0.000000000001819
 41
1.0
 10
666.4989608988707
 20
119.5202698872164
 30
-0.000000000001819
 41
1.0
  0
SPLINE
  5
460
330
70
100
AcDbEntity
  8
Visible
100
AcDbSpline
210
0.0
220
0.0
230
1.0
 70
    12
 71
     3
 72
     8
 73
     4
 74
     0
 42
0.000000001
 43
0.0000000001
 40
-1.0
 40
-1.0
 40
-1.0
 40
-1.0
 40
0.0
 40
0.0
 40
0.0
 40
0.0
 10
666.4989608988707
 20
119.5202698872164
 30
-0.000000000001819
 41
1.0
 10
667.6055806905369
 20
120.3537073872164
 30
-0.000000000001819
 41
1.0
 10
668.6473775655376
 20
121.6038636372164
 30
-0.000000000001819
 41
1.0
 10
669.3048671488704
 20
122.8956917622165
 30
-0.000000000001819
 41
1.0
  0
LINE
  5
461
330
70
100
AcDbEntity
  8
Visible
100
AcDbLine
 10
669.304867
 20
122.895692
 30
0.0
 11
669.545638
 21
123.372603
 31
0.0
210
0.0
220
1.0
230
0.0
  0
LINE
  5
462
330
70
100
AcDbEntity
  8
Visible
100
AcDbLine
 10
669.545638
 20
123.372603
 30
0.0
 11
689.469424
 21
123.372603
 31
0.0
210
0.0
220
1.0
230
0.0
  0
LINE
  5
463
330
70
100
AcDbEntity
  8
Visible
100
AcDbLine
 10
689.469424
 20
123.372603
 30
0.0
 11
689.307367
 21
122.803088
 31
0.0
210
0.0
220
1.0
230
0.0
  0
SPLINE
  5
464
330
70
100
AcDbEntity
  8
Visible
100
AcDbSpline
210
0.0
220
0.0
230
1.0
 70
    12
 71
     3
 72
     8
 73
     4
 74
     0
 42
0.000000001
 43
0.0000000001
 40
-1.0
 40
-1.0
 40
-1.0
 40
-1.0
 40
0.0
 40
0.0
 40
0.0
 40
0.0
 10
689.307367148871
 20
122.8030875955498
 30
-0.000000000001819
 41
1.0
 10
688.2887213155372
 20
119.1544834288831
 30
-0.000000000001819
 41
1.0
 10
686.4922004822037
 20
115.7698011372164
 30
-0.000000000001819
 41
1.0
 10
683.9409556905374
 20
112.6999730122164
 30
-0.000000000001819
 41
1.0
  0
SPLINE
  5
465
330
70
100
AcDbEntity
  8
Visible
100
AcDbSpline
210
0.0
220
0.0
230
1.0
 70
    12
 71
     3
 72
     8
 73
     4
 74
     0
 42
0.000000001
 43
0.0000000001
 40
-1.0
 40
-1.0
 40
-1.0
 40
-1.0
 40
0.0
 40
0.0
 40
0.0
 40
0.0
 10
683.9409556905374
 20
112.6999730122164
 30
-0.000000000001819
 41
1.0
 10
683.3066171488717
 20
111.9359886372164
 30
-0.000000000001819
 41
1.0
 10
681.4823150655374
 20
110.1116865538831
 30
-0.000000000001819
 41
1.0
 10
680.7322213155366
 20
109.4819782205498
 30
-0.000000000001819
 41
1.0
  0
SPLINE
  5
466
330
70
100
AcDbEntity
  8
Visible
100
AcDbSpline
210
0.0
220
0.0
230
1.0
 70
    12
 71
     3
 72
     8
 73
     4
 74
     0
 42
0.000000001
 43
0.0000000001
 40
-1.0
 40
-1.0
 40
-1.0
 40
-1.0
 40
0.0
 40
0.0
 40
0.0
 40
0.0
 10
680.7322213155366
 20
109.4819782205498
 30
-0.000000000001819
 41
1.0
 10
676.3705650655374
 20
105.8611553038831
 30
-0.000000000001819
 41
1.0
 10
671.0967577738702
 20
103.6062438455498
 30
-0.000000000001819
 41
1.0
 10
665.2395442322049
 20
102.8654105122164
 30
-0.000000000001819
 41
1.0
  0
SPLINE
  5
467
330
70
100
AcDbEntity
  8
Visible
100
AcDbSpline
210
0.0
220
0.0
230
1.0
 70
    12
 71
     3
 72
     8
 73
     4
 74
     0
 42
0.000000001
 43
0.0000000001
 40
-1.0
 40
-1.0
 40
-1.0
 40
-1.0
 40
0.0
 40
0.0
 40
0.0
 40
0.0
 10
665.2395442322049
 20
102.8654105122164
 30
-0.000000000001819
 41
1.0
 10
663.4846952738716
 20
102.6431605122165
 30
-0.000000000001819
 41
1.0
 10
662.8920286072043
 20
102.6107490538831
 30
-0.000000000001819
 41
1.0
 10
660.5167317322048
 20
102.6061188455498
 30
-0.000000000001819
 41
1.0
  0
SPLINE
  5
468
330
70
100
AcDbEntity
  8
Visible
100
AcDbSpline
210
0.0
220
0.0
230
1.0
 70
    12
 71
     3
 72
     8
 73
     4
 74
     0
 42
0.000000001
 43
0.0000000001
 40
-1.0
 40
-1.0
 40
-1.0
 40
-1.0
 40
0.0
 40
0.0
 40
0.0
 40
0.0
 10
660.5167317322048
 20
102.6061188455498
 30
-0.000000000001819
 41
1.0
 10
658.1368046488714
 20
102.6061188455498
 30
-0.000000000001819
 41
1.0
 10
657.6228515238708
 20
102.6339000955498
 30
-0.000000000001819
 41
1.0
 10
655.8494817322043
 20
102.8376292622164
 30
-0.000000000001819
 41
1.0
  0
SPLINE
  5
469
330
70
100
AcDbEntity
  8
Visible
100
AcDbSpline
210
0.0
220
0.0
230
1.0
 70
    12
 71
     3
 72
     8
 73
     4
 74
     0
 42
0.000000001
 43
0.0000000001
 40
-1.0
 40
-1.0
 40
-1.0
 40
-1.0
 40
0.0
 40
0.0
 40
0.0
 40
0.0
 10
655.8494817322043
 20
102.8376292622164
 30
-0.000000000001819
 41
1.0
 10
652.0249296488709
 20
103.2867594705498
 30
-0.000000000001819
 41
1.0
 10
648.5893150655374
 20
104.2961448872165
 30
-0.000000000001819
 41
1.0
 10
645.3527994405376
 20
105.9120875955498
 30
-0.000000000001819
 41
1.0
  0
SPLINE
  5
46A
330
70
100
AcDbEntity
  8
Visible
100
AcDbSpline
210
0.0
220
0.0
230
1.0
 70
    12
 71
     3
 72
     8
 73
     4
 74
     0
 42
0.000000001
 43
0.0000000001
 40
-1.0
 40
-1.0
 40
-1.0
 40
-1.0
 40
0.0
 40
0.0
 40
0.0
 40
0.0
 10
645.3527994405376
 20
105.9120875955498
 30
-0.000000000001819
 41
1.0
 10
642.5191119405371
 20
107.3335615538831
 30
-0.000000000001819
 41
1.0
 10
640.3429140238714
 20
108.8939417622164
 30
-0.000000000001819
 41
1.0
 10
638.1759765238712
 20
111.0562490538831
 30
-0.000000000001819
 41
1.0
  0
SPLINE
  5
46B
330
70
100
AcDbEntity
  8
Visible
100
AcDbSpline
210
0.0
220
0.0
230
1.0
 70
    12
 71
     3
 72
     8
 73
     4
 74
     0
 42
0.000000001
 43
0.0000000001
 40
-1.0
 40
-1.0
 40
-1.0
 40
-1.0
 40
0.0
 40
0.0
 40
0.0
 40
0.0
 10
638.1759765238712
 20
111.0562490538831
 30
-0.000000000001819
 41
1.0
 10
636.03682027387
 20
113.1907750955498
 30
-0.000000000001819
 41
1.0
 10
634.4625494405372
 20
115.3669730122164
 30
-0.000000000001819
 41
1.0
 10
633.0595963155374
 20
118.1173167622165
 30
-0.000000000001819
 41
1.0
  0
SPLINE
  5
46C
330
70
100
AcDbEntity
  8
Visible
100
AcDbSpline
210
0.0
220
0.0
230
1.0
 70
    12
 71
     3
 72
     8
 73
     4
 74
     0
 42
0.000000001
 43
0.0000000001
 40
-1.0
 40
-1.0
 40
-1.0
 40
-1.0
 40
0.0
 40
0.0
 40
0.0
 40
0.0
 10
633.0595963155374
 20
118.1173167622165
 30
-0.000000000001819
 41
1.0
 10
631.1565806905382
 20
121.8538948872164
 30
-0.000000000001819
 41
1.0
 10
630.124044232205
 20
125.7756813455498
 30
-0.000000000001819
 41
1.0
 10
629.7397369405371
 20
130.6883323872164
 30
-0.000000000001819
 41
1.0
  0
SPLINE
  5
46D
330
70
100
AcDbEntity
  8
Visible
100
AcDbSpline
210
0.0
220
0.0
230
1.0
 70
    12
 71
     3
 72
     8
 73
     4
 74
     0
 42
0.000000001
 43
0.0000000001
 40
-1.0
 40
-1.0
 40
-1.0
 40
-1.0
 40
0.0
 40
0.0
 40
0.0
 40
0.0
 10
629.7397369405371
 20
130.6883323872164
 30
-0.000000000001819
 41
1.0
 10
629.6610233988704
 20
131.6838271788831
 30
-0.000000000001819
 41
1.0
 10
629.6610233988704
 20
135.4111448872165
 30
-0.000000000001819
 41
1.0
 10
629.7397369405371
 20
136.3834886372165
 30
-0.000000000001819
 41
1.0
  0
SPLINE
  5
46E
330
70
100
AcDbEntity
  8
Visible
100
AcDbSpline
210
0.0
220
0.0
230
1.0
 70
    12
 71
     3
 72
     8
 73
     4
 74
     0
 42
0.000000001
 43
0.0000000001
 40
-1.0
 40
-1.0
 40
-1.0
 40
-1.0
 40
0.0
 40
0.0
 40
0.0
 40
0.0
 10
629.7397369405371
 20
136.3834886372165
 30
-0.000000000001819
 41
1.0
 10
630.1379348572045
 20
141.3609625955498
 30
-0.000000000001819
 41
1.0
 10
631.1195390238717
 20
145.1438428038831
 30
-0.000000000001819
 41
1.0
 10
632.9762525655369
 20
148.8619000955498
 30
-0.000000000001819
 41
1.0
  0
SPLINE
  5
46F
330
70
100
AcDbEntity
  8
Visible
100
AcDbSpline
210
0.0
220
0.0
230
1.0
 70
    12
 71
     3
 72
     8
 73
     4
 74
     0
 42
0.000000001
 43
0.0000000001
 40
-1.0
 40
-1.0
 40
-1.0
 40
-1.0
 40
0.0
 40
0.0
 40
0.0
 40
0.0
 10
632.9762525655369
 20
148.8619000955498
 30
-0.000000000001819
 41
1.0
 10
636.1109036072048
 20
155.1265719705497
 30
-0.000000000001819
 41
1.0
 10
641.05133589887
 20
159.6178740538831
 30
-0.000000000001819
 41
1.0
 10
647.6910546488706
 20
162.2339417622165
 30
-0.000000000001819
 41
1.0
  0
SPLINE
  5
470
330
70
100
AcDbEntity
  8
Visible
100
AcDbSpline
210
0.0
220
0.0
230
1.0
 70
    12
 71
     3
 72
     8
 73
     4
 74
     0
 42
0.000000001
 43
0.0000000001
 40
-1.0
 40
-1.0
 40
-1.0
 40
-1.0
 40
0.0
 40
0.0
 40
0.0
 40
0.0
 10
709.249674440538
 20
188.4964834288831
 30
-0.000000000001819
 41
1.0
 10
709.9442056905372
 20
191.7468896788831
 30
-0.000000000001819
 41
1.0
 10
712.2778306905384
 20
193.9138271788831
 30
-0.000000000001819
 41
1.0
 10
715.5930598572049
 20
194.3768480122164
 30
-0.000000000001819
 41
1.0
  0
SPLINE
  5
471
330
70
100
AcDbEntity
  8
Visible
100
AcDbSpline
210
0.0
220
0.0
230
1.0
 70
    12
 71
     3
 72
     8
 73
     4
 74
     0
 42
0.000000001
 43
0.0000000001
 40
-1.0
 40
-1.0
 40
-1.0
 40
-1.0
 40
0.0
 40
0.0
 40
0.0
 40
0.0
 10
715.5930598572049
 20
194.3768480122164
 30
-0.000000000001819
 41
1.0
 10
715.833830690537
 20
194.4092594705498
 30
-0.000000000001819
 41
1.0
 10
716.3338931905382
 20
194.4370407205498
 30
-0.000000000001819
 41
1.0
 10
716.7043098572048
 20
194.4416709288831
 30
-0.000000000001819
 41
1.0
  0
SPLINE
  5
472
330
70
100
AcDbEntity
  8
Visible
100
AcDbSpline
210
0.0
220
0.0
230
1.0
 70
    12
 71
     3
 72
     8
 73
     4
 74
     0
 42
0.000000001
 43
0.0000000001
 40
-1.0
 40
-1.0
 40
-1.0
 40
-1.0
 40
0.0
 40
0.0
 40
0.0
 40
0.0
 10
716.7043098572048
 20
194.4416709288831
 30
-0.000000000001819
 41
1.0
 10
720.0010181905382
 20
194.4601917622165
 30
-0.000000000001819
 41
1.0
 10
722.6911692322046
 20
192.7423844705498
 30
-0.000000000001819
 41
1.0
 10
723.8255702738715
 20
189.8994365538831
 30
-0.000000000001819
 41
1.0
  0
SPLINE
  5
473
330
70
100
AcDbEntity
  8
Visible
100
AcDbSpline
210
0.0
220
0.0
230
1.0
 70
    12
 71
     3
 72
     8
 73
     4
 74
     0
 42
0.000000001
 43
0.0000000001
 40
-1.0
 40
-1.0
 40
-1.0
 40
-1.0
 40
0.0
 40
0.0
 40
0.0
 40
0.0
 10
723.8255702738715
 20
189.8994365538831
 30
-0.000000000001819
 41
1.0
 10
724.2330286072046
 20
188.8807907205498
 30
-0.000000000001819
 41
1.0
 10
724.3904556905381
 20
188.0103115538831
 30
-0.000000000001819
 41
1.0
 10
724.3904556905381
 20
186.7833063455497
 30
-0.000000000001819
 41
1.0
  0
SPLINE
  5
474
330
70
100
AcDbEntity
  8
Visible
100
AcDbSpline
210
0.0
220
0.0
230
1.0
 70
    12
 71
     3
 72
     8
 73
     4
 74
     0
 42
0.000000001
 43
0.0000000001
 40
-1.0
 40
-1.0
 40
-1.0
 40
-1.0
 40
0.0
 40
0.0
 40
0.0
 40
0.0
 10
724.3904556905381
 20
186.7833063455497
 30
-0.000000000001819
 41
1.0
 10
724.3904556905381
 20
185.3247907205498
 30
-0.000000000001819
 41
1.0
 10
724.1589452738717
 20
184.2968844705498
 30
-0.000000000001819
 41
1.0
 10
723.5570181905368
 20
183.1022907205498
 30
-0.000000000001819
 41
1.0
  0
SPLINE
  5
475
330
70
100
AcDbEntity
  8
Visible
100
AcDbSpline
210
0.0
220
0.0
230
1.0
 70
    12
 71
     3
 72
     8
 73
     4
 74
     0
 42
0.000000001
 43
0.0000000001
 40
-1.0
 40
-1.0
 40
-1.0
 40
-1.0
 40
0.0
 40
0.0
 40
0.0
 40
0.0
 10
723.5570181905368
 20
183.1022907205498
 30
-0.000000000001819
 41
1.0
 10
722.2096275655385
 20
180.4167698872165
 30
-0.000000000001819
 41
1.0
 10
719.2370338155378
 20
178.8563896788831
 30
-0.000000000001819
 41
1.0
 10
715.9634765238715
 20
179.1203115538831
 30
-0.000000000001819
 41
1.0
  0
SPLINE
  5
476
330
70
100
AcDbEntity
  8
Visible
100
AcDbSpline
210
0.0
220
0.0
230
1.0
 70
    12
 71
     3
 72
     8
 73
     4
 74
     0
 42
0.000000001
 43
0.0000000001
 40
-1.0
 40
-1.0
 40
-1.0
 40
-1.0
 40
0.0
 40
0.0
 40
0.0
 40
0.0
 10
715.9634765238715
 20
179.1203115538831
 30
-0.000000000001819
 41
1.0
 10
713.277955690537
 20
179.3333011372164
 30
-0.000000000001819
 41
1.0
 10
711.1156483988707
 20
180.7223636372165
 30
-0.000000000001819
 41
1.0
 10
709.9766171488718
 20
182.9541240538831
 30
-0.000000000001819
 41
1.0
  0
SPLINE
  5
477
330
70
100
AcDbEntity
  8
Visible
100
AcDbSpline
210
0.0
220
0.0
230
1.0
 70
    12
 71
     3
 72
     8
 73
     4
 74
     0
 42
0.000000001
 43
0.0000000001
 40
-1.0
 40
-1.0
 40
-1.0
 40
-1.0
 40
0.0
 40
0.0
 40
0.0
 40
0.0
 10
709.9766171488718
 20
182.9541240538831
 30
-0.000000000001819
 41
1.0
 10
709.5506379822036
 20
183.7875615538831
 30
-0.000000000001819
 41
1.0
 10
709.2728254822049
 20
184.7043428038831
 30
-0.000000000001819
 41
1.0
 10
709.152440065538
 20
185.6627959288831
 30
-0.000000000001819
 41
1.0
  0
SPLINE
  5
478
330
70
100
AcDbEntity
  8
Visible
100
AcDbSpline
210
0.0
220
0.0
230
1.0
 70
    12
 71
     3
 72
     8
 73
     4
 74
     0
 42
0.000000001
 43
0.0000000001
 40
-1.0
 40
-1.0
 40
-1.0
 40
-1.0
 40
0.0
 40
0.0
 40
0.0
 40
0.0
 10
709.152440065538
 20
185.6627959288831
 30
-0.000000000001819
 41
1.0
 10
709.0690963155375
 20
186.3480667622165
 30
-0.000000000001819
 41
1.0
 10
709.1246588155372
 20
187.9038167622164
 30
-0.000000000001819
 41
1.0
 10
709.249674440538
 20
188.4964834288831
 30
-0.000000000001819
 41
1.0
  0
SPLINE
  5
479
330
70
100
AcDbEntity
  8
Visible
100
AcDbSpline
210
0.0
220
0.0
230
1.0
 70
    12
 71
     3
 72
     8
 73
     4
 74
     0
 42
0.000000001
 43
0.0000000001
 40
-1.0
 40
-1.0
 40
-1.0
 40
-1.0
 40
0.0
 40
0.0
 40
0.0
 40
0.0
 10
649.1727213155372
 20
193.1915146788831
 30
-0.000000000001819
 41
1.0
 10
650.0987629822048
 20
193.8027021788831
 30
-0.000000000001819
 41
1.0
 10
651.3442890238711
 20
194.2425719705498
 30
-0.000000000001819
 41
1.0
 10
652.5898150655375
 20
194.3999990538831
 30
-0.000000000001819
 41
1.0
  0
SPLINE
  5
47A
330
70
100
AcDbEntity
  8
Visible
100
AcDbSpline
210
0.0
220
0.0
230
1.0
 70
    12
 71
     3
 72
     8
 73
     4
 74
     0
 42
0.000000001
 43
0.0000000001
 40
-1.0
 40
-1.0
 40
-1.0
 40
-1.0
 40
0.0
 40
0.0
 40
0.0
 40
0.0
 10
652.5898150655375
 20
194.3999990538831
 30
-0.000000000001819
 41
1.0
 10
653.1500702738703
 20
194.4694521788831
 30
-0.000000000001819
 41
1.0
 10
654.5159817322037
 20
194.4185198872165
 30
-0.000000000001819
 41
1.0
 10
655.1225390238705
 20
194.3073948872165
 30
-0.000000000001819
 41
1.0
  0
SPLINE
  5
47B
330
70
100
AcDbEntity
  8
Visible
100
AcDbSpline
210
0.0
220
0.0
230
1.0
 70
    12
 71
     3
 72
     8
 73
     4
 74
     0
 42
0.000000001
 43
0.0000000001
 40
-1.0
 40
-1.0
 40
-1.0
 40
-1.0
 40
0.0
 40
0.0
 40
0.0
 40
0.0
 10
655.1225390238705
 20
194.3073948872165
 30
-0.000000000001819
 41
1.0
 10
656.122664023871
 20
194.1221865538831
 30
-0.000000000001819
 41
1.0
 10
657.1922421488707
 20
193.7054678038831
 30
-0.000000000001819
 41
1.0
 10
657.9423358988715
 20
193.2100355122165
 30
-0.000000000001819
 41
1.0
  0
SPLINE
  5
47C
330
70
100
AcDbEntity
  8
Visible
100
AcDbSpline
210
0.0
220
0.0
230
1.0
 70
    12
 71
     3
 72
     8
 73
     4
 74
     0
 42
0.000000001
 43
0.0000000001
 40
-1.0
 40
-1.0
 40
-1.0
 40
-1.0
 40
0.0
 40
0.0
 40
0.0
 40
0.0
 10
657.9423358988715
 20
193.2100355122165
 30
-0.000000000001819
 41
1.0
 10
658.4516588155383
 20
192.8720303038831
 30
-0.000000000001819
 41
1.0
 10
659.2017525655373
 20
192.1450875955498
 30
-0.000000000001819
 41
1.0
 10
659.5675390238702
 20
191.6311344705498
 30
-0.000000000001819
 41
1.0
  0
SPLINE
  5
47D
330
70
100
AcDbEntity
  8
Visible
100
AcDbSpline
210
0.0
220
0.0
230
1.0
 70
    12
 71
     3
 72
     8
 73
     4
 74
     0
 42
0.000000001
 43
0.0000000001
 40
-1.0
 40
-1.0
 40
-1.0
 40
-1.0
 40
0.0
 40
0.0
 40
0.0
 40
0.0
 10
659.5675390238702
 20
191.6311344705498
 30
-0.000000000001819
 41
1.0
 10
660.1000129822041
 20
190.8903011372164
 30
-0.000000000001819
 41
1.0
 10
660.5537733988712
 20
189.8207230122164
 30
-0.000000000001819
 41
1.0
 10
660.7806536072039
 20
188.7974469705498
 30
-0.000000000001819
 41
1.0
  0
SPLINE
  5
47E
330
70
100
AcDbEntity
  8
Visible
100
AcDbSpline
210
0.0
220
0.0
230
1.0
 70
    12
 71
     3
 72
     8
 73
     4
 74
     0
 42
0.000000001
 43
0.0000000001
 40
-1.0
 40
-1.0
 40
-1.0
 40
-1.0
 40
0.0
 40
0.0
 40
0.0
 40
0.0
 10
660.7806536072039
 20
188.7974469705498
 30
-0.000000000001819
 41
1.0
 10
660.8732577738701
 20
188.3622073872165
 30
-0.000000000001819
 41
1.0
 10
660.8871483988714
 20
188.1862594705498
 30
-0.000000000001819
 41
1.0
 10
660.8871483988714
 20
187.1074209288831
 30
-0.000000000001819
 41
1.0
  0
SPLINE
  5
47F
330
70
100
AcDbEntity
  8
Visible
100
AcDbSpline
210
0.0
220
0.0
230
1.0
 70
    12
 71
     3
 72
     8
 73
     4
 74
     0
 42
0.000000001
 43
0.0000000001
 40
-1.0
 40
-1.0
 40
-1.0
 40
-1.0
 40
0.0
 40
0.0
 40
0.0
 40
0.0
 10
660.8871483988714
 20
187.1074209288831
 30
-0.000000000001819
 41
1.0
 10
660.8871483988714
 20
186.4453011372164
 30
-0.000000000001819
 41
1.0
 10
660.8732577738701
 20
185.8480042622165
 30
-0.000000000001819
 41
1.0
 10
660.8501067322049
 20
185.7785511372165
 30
-0.000000000001819
 41
1.0
  0
LINE
  5
480
330
70
100
AcDbEntity
  8
Visible
100
AcDbLine
 10
660.850107
 20
185.778551
 30
0.0
 11
660.817695
 21
185.648905
 31
0.0
210
0.0
220
1.0
230
0.0
  0
LINE
  5
481
330
70
100
AcDbEntity
  8
Visible
100
AcDbLine
 10
660.817695
 20
185.648905
 30
0.0
 11
649.983008
 21
185.648905
 31
0.0
210
0.0
220
1.0
230
0.0
  0
LINE
  5
482
330
70
100
AcDbEntity
  8
Visible
100
AcDbLine
 10
649.983008
 20
185.648905
 30
0.0
 11
649.983008
 21
185.477588
 31
0.0
210
0.0
220
1.0
230
0.0
  0
SPLINE
  5
483
330
70
100
AcDbEntity
  8
Visible
100
AcDbSpline
210
0.0
220
0.0
230
1.0
 70
    12
 71
     3
 72
     8
 73
     4
 74
     0
 42
0.000000001
 43
0.0000000001
 40
-1.0
 40
-1.0
 40
-1.0
 40
-1.0
 40
0.0
 40
0.0
 40
0.0
 40
0.0
 10
649.9830077738716
 20
185.4775875955498
 30
-0.000000000001819
 41
1.0
 10
649.9830077738716
 20
185.1627334288831
 30
-0.000000000001819
 41
1.0
 10
650.1682161072039
 20
184.5237646788831
 30
-0.000000000001819
 41
1.0
 10
650.3858358988709
 20
184.0746344705498
 30
-0.000000000001819
 41
1.0
  0
SPLINE
  5
484
330
70
100
AcDbEntity
  8
Visible
100
AcDbSpline
210
0.0
220
0.0
230
1.0
 70
    12
 71
     3
 72
     8
 73
     4
 74
     0
 42
0.000000001
 43
0.0000000001
 40
-1.0
 40
-1.0
 40
-1.0
 40
-1.0
 40
0.0
 40
0.0
 40
0.0
 40
0.0
 10
650.3858358988709
 20
184.0746344705498
 30
-0.000000000001819
 41
1.0
 10
650.5617838155376
 20
183.7088480122164
 30
-0.000000000001819
 41
1.0
 10
650.6590181905376
 20
183.5792021788831
 30
-0.000000000001819
 41
1.0
 10
650.9970233988715
 20
183.2411969705498
 30
-0.000000000001819
 41
1.0
  0
SPLINE
  5
485
330
70
100
AcDbEntity
  8
Visible
100
AcDbSpline
210
0.0
220
0.0
230
1.0
 70
    12
 71
     3
 72
     8
 73
     4
 74
     0
 42
0.000000001
 43
0.0000000001
 40
-1.0
 40
-1.0
 40
-1.0
 40
-1.0
 40
0.0
 40
0.0
 40
0.0
 40
0.0
 10
650.9970233988715
 20
183.2411969705498
 30
-0.000000000001819
 41
1.0
 10
651.4554140238706
 20
182.7874365538831
 30
-0.000000000001819
 41
1.0
 10
651.7656379822037
 20
182.5929678038831
 30
-0.000000000001819
 41
1.0
 10
652.3305233988703
 20
182.3938688455498
 30
-0.000000000001819
 41
1.0
  0
SPLINE
  5
486
330
70
100
AcDbEntity
  8
Visible
100
AcDbSpline
210
0.0
220
0.0
230
1.0
 70
    12
 71
     3
 72
     8
 73
     4
 74
     0
 42
0.000000001
 43
0.0000000001
 40
-1.0
 40
-1.0
 40
-1.0
 40
-1.0
 40
0.0
 40
0.0
 40
0.0
 40
0.0
 10
652.3305233988703
 20
182.3938688455498
 30
-0.000000000001819
 41
1.0
 10
652.6870494405375
 20
182.2734834288831
 30
-0.000000000001819
 41
1.0
 10
652.8166952738701
 20
182.2503323872165
 30
-0.000000000001819
 41
1.0
 10
653.3630598572035
 20
182.2318115538831
 30
-0.000000000001819
 41
1.0
  0
SPLINE
  5
487
330
70
100
AcDbEntity
  8
Visible
100
AcDbSpline
210
0.0
220
0.0
230
1.0
 70
    12
 71
     3
 72
     8
 73
     4
 74
     0
 42
0.000000001
 43
0.0000000001
 40
-1.0
 40
-1.0
 40
-1.0
 40
-1.0
 40
0.0
 40
0.0
 40
0.0
 40
0.0
 10
653.3630598572035
 20
182.2318115538831
 30
-0.000000000001819
 41
1.0
 10
653.8909036072036
 20
182.2179209288831
 30
-0.000000000001819
 41
1.0
 10
654.0529608988708
 20
182.2271813455498
 30
-0.000000000001819
 41
1.0
 10
654.4002265238705
 20
182.3105250955498
 30
-0.000000000001819
 41
1.0
  0
SPLINE
  5
488
330
70
100
AcDbEntity
  8
Visible
100
AcDbSpline
210
0.0
220
0.0
230
1.0
 70
    12
 71
     3
 72
     8
 73
     4
 74
     0
 42
0.000000001
 43
0.0000000001
 40
-1.0
 40
-1.0
 40
-1.0
 40
-1.0
 40
0.0
 40
0.0
 40
0.0
 40
0.0
 10
654.4002265238705
 20
182.3105250955498
 30
-0.000000000001819
 41
1.0
 10
655.279966107204
 20
182.5235146788831
 30
-0.000000000001819
 41
1.0
 10
655.9235650655373
 20
183.0004261372165
 30
-0.000000000001819
 41
1.0
 10
656.3773254822044
 20
183.7875615538831
 30
-0.000000000001819
 41
1.0
  0
LINE
  5
489
330
70
100
AcDbEntity
  8
Visible
100
AcDbLine
 10
656.377325
 20
183.787562
 30
0.0
 11
656.516232
 21
184.028332
 31
0.0
210
0.0
220
1.0
230
0.0
  0
LINE
  5
48A
330
70
100
AcDbEntity
  8
Visible
100
AcDbLine
 10
656.516232
 20
184.028332
 30
0.0
 11
658.530372
 21
184.028332
 31
0.0
210
0.0
220
1.0
230
0.0
  0
SPLINE
  5
48B
330
70
100
AcDbEntity
  8
Visible
100
AcDbSpline
210
0.0
220
0.0
230
1.0
 70
    12
 71
     3
 72
     8
 73
     4
 74
     0
 42
0.000000001
 43
0.0000000001
 40
-1.0
 40
-1.0
 40
-1.0
 40
-1.0
 40
0.0
 40
0.0
 40
0.0
 40
0.0
 10
658.5303723572051
 20
184.0283323872164
 30
-0.000000000001819
 41
1.0
 10
660.2065077738716
 20
184.0283323872164
 30
-0.000000000001819
 41
1.0
 10
660.5398827738717
 20
184.0190719705498
 30
-0.000000000001819
 41
1.0
 10
660.5398827738717
 20
183.9635094705498
 30
-0.000000000001819
 41
1.0
  0
SPLINE
  5
48C
330
70
100
AcDbEntity
  8
Visible
100
AcDbSpline
210
0.0
220
0.0
230
1.0
 70
    12
 71
     3
 72
     8
 73
     4
 74
     0
 42
0.000000001
 43
0.0000000001
 40
-1.0
 40
-1.0
 40
-1.0
 40
-1.0
 40
0.0
 40
0.0
 40
0.0
 40
0.0
 10
660.5398827738717
 20
183.9635094705498
 30
-0.000000000001819
 41
1.0
 10
660.5398827738717
 20
183.8523844705498
 30
-0.000000000001819
 41
1.0
 10
660.3176327738711
 20
183.3013896788831
 30
-0.000000000001819
 41
1.0
 10
660.0814921488709
 20
182.8337386372164
 30
-0.000000000001819
 41
1.0
  0
SPLINE
  5
48D
330
70
100
AcDbEntity
  8
Visible
100
AcDbSpline
210
0.0
220
0.0
230
1.0
 70
    12
 71
     3
 72
     8
 73
     4
 74
     0
 42
0.000000001
 43
0.0000000001
 40
-1.0
 40
-1.0
 40
-1.0
 40
-1.0
 40
0.0
 40
0.0
 40
0.0
 40
0.0
 10
660.0814921488709
 20
182.8337386372164
 30
-0.000000000001819
 41
1.0
 10
659.2295338155381
 20
181.1390823872164
 30
-0.000000000001819
 41
1.0
 10
657.6506327738716
 20
179.8657750955498
 30
-0.000000000001819
 41
1.0
 10
655.7753983988714
 20
179.3518219705498
 30
-0.000000000001819
 41
1.0
  0
SPLINE
  5
48E
330
70
100
AcDbEntity
  8
Visible
100
AcDbSpline
210
0.0
220
0.0
230
1.0
 70
    12
 71
     3
 72
     8
 73
     4
 74
     0
 42
0.000000001
 43
0.0000000001
 40
-1.0
 40
-1.0
 40
-1.0
 40
-1.0
 40
0.0
 40
0.0
 40
0.0
 40
0.0
 10
655.7753983988714
 20
179.3518219705498
 30
-0.000000000001819
 41
1.0
 10
654.8539869405376
 20
179.1064209288831
 30
-0.000000000001819
 41
1.0
 10
653.2287838155371
 20
179.0277073872165
 30
-0.000000000001819
 41
1.0
 10
652.2749608988706
 20
179.1851344705498
 30
-0.000000000001819
 41
1.0
  0
SPLINE
  5
48F
330
70
100
AcDbEntity
  8
Visible
100
AcDbSpline
210
0.0
220
0.0
230
1.0
 70
    12
 71
     3
 72
     8
 73
     4
 74
     0
 42
0.000000001
 43
0.0000000001
 40
-1.0
 40
-1.0
 40
-1.0
 40
-1.0
 40
0.0
 40
0.0
 40
0.0
 40
0.0
 10
652.2749608988706
 20
179.1851344705498
 30
-0.000000000001819
 41
1.0
 10
649.029184857205
 20
179.7268688455498
 30
-0.000000000001819
 41
1.0
 10
646.8715077738707
 20
181.8752855122165
 30
-0.000000000001819
 41
1.0
 10
646.2510598572044
 20
185.1905146788831
 30
-0.000000000001819
 41
1.0
  0
SPLINE
  5
490
330
70
100
AcDbEntity
  8
Visible
100
AcDbSpline
210
0.0
220
0.0
230
1.0
 70
    12
 71
     3
 72
     8
 73
     4
 74
     0
 42
0.000000001
 43
0.0000000001
 40
-1.0
 40
-1.0
 40
-1.0
 40
-1.0
 40
0.0
 40
0.0
 40
0.0
 40
0.0
 10
646.2510598572044
 20
185.1905146788831
 30
-0.000000000001819
 41
1.0
 10
646.1491952738706
 20
185.7183584288831
 30
-0.000000000001819
 41
1.0
 10
646.1121536072042
 20
187.2602178038831
 30
-0.000000000001819
 41
1.0
 10
646.1816067322051
 20
187.8760355122165
 30
-0.000000000001819
 41
1.0
  0
SPLINE
  5
491
330
70
100
AcDbEntity
  8
Visible
100
AcDbSpline
210
0.0
220
0.0
230
1.0
 70
    12
 71
     3
 72
     8
 73
     4
 74
     0
 42
0.000000001
 43
0.0000000001
 40
-1.0
 40
-1.0
 40
-1.0
 40
-1.0
 40
0.0
 40
0.0
 40
0.0
 40
0.0
 10
646.1816067322051
 20
187.8760355122165
 30
-0.000000000001819
 41
1.0
 10
646.3344036072048
 20
189.1956448872164
 30
-0.000000000001819
 41
1.0
 10
646.7696431905369
 20
190.4319105122164
 30
-0.000000000001819
 41
1.0
 10
647.4456536072048
 20
191.4459261372164
 30
-0.000000000001819
 41
1.0
  0
SPLINE
  5
492
330
70
100
AcDbEntity
  8
Visible
100
AcDbSpline
210
0.0
220
0.0
230
1.0
 70
    12
 71
     3
 72
     8
 73
     4
 74
     0
 42
0.000000001
 43
0.0000000001
 40
-1.0
 40
-1.0
 40
-1.0
 40
-1.0
 40
0.0
 40
0.0
 40
0.0
 40
0.0
 10
647.4456536072048
 20
191.4459261372164
 30
-0.000000000001819
 41
1.0
 10
647.8021796488701
 20
191.9830303038831
 30
-0.000000000001819
 41
1.0
 10
648.6633983988704
 20
192.8535094705498
 30
-0.000000000001819
 41
1.0
 10
649.1727213155372
 20
193.1915146788831
 30
-0.000000000001819
 41
1.0
  0
SPLINE
  5
493
330
70
100
AcDbEntity
  8
Visible
100
AcDbSpline
210
0.0
220
0.0
230
1.0
 70
    12
 71
     3
 72
     8
 73
     4
 74
     0
 42
0.000000001
 43
0.0000000001
 40
-1.0
 40
-1.0
 40
-1.0
 40
-1.0
 40
0.0
 40
0.0
 40
0.0
 40
0.0
 10
615.0017838155381
 20
193.0850198872164
 30
-0.000000000001819
 41
1.0
 10
615.992648398871
 20
193.7610303038831
 30
-0.000000000001819
 41
1.0
 10
617.177981732204
 20
194.2009000955498
 30
-0.000000000001819
 41
1.0
 10
618.4373983988717
 20
194.3768480122164
 30
-0.000000000001819
 41
1.0
  0
SPLINE
  5
494
330
70
100
AcDbEntity
  8
Visible
100
AcDbSpline
210
0.0
220
0.0
230
1.0
 70
    12
 71
     3
 72
     8
 73
     4
 74
     0
 42
0.000000001
 43
0.0000000001
 40
-1.0
 40
-1.0
 40
-1.0
 40
-1.0
 40
0.0
 40
0.0
 40
0.0
 40
0.0
 10
618.4373983988717
 20
194.3768480122164
 30
-0.000000000001819
 41
1.0
 10
619.4190025655371
 20
194.5064938455498
 30
-0.000000000001819
 41
1.0
 10
620.6182265238712
 20
194.4416709288831
 30
-0.000000000001819
 41
1.0
 10
621.6322421488712
 20
194.1916396788831
 30
-0.000000000001819
 41
1.0
  0
SPLINE
  5
495
330
70
100
AcDbEntity
  8
Visible
100
AcDbSpline
210
0.0
220
0.0
230
1.0
 70
    12
 71
     3
 72
     8
 73
     4
 74
     0
 42
0.000000001
 43
0.0000000001
 40
-1.0
 40
-1.0
 40
-1.0
 40
-1.0
 40
0.0
 40
0.0
 40
0.0
 40
0.0
 10
621.6322421488712
 20
194.1916396788831
 30
-0.000000000001819
 41
1.0
 10
624.6465077738703
 20
193.4600667622164
 30
-0.000000000001819
 41
1.0
 10
626.7625129822045
 20
191.0477282205498
 30
-0.000000000001819
 41
1.0
 10
627.1560806905381
 20
187.9038167622164
 30
-0.000000000001819
 41
1.0
  0
SPLINE
  5
496
330
70
100
AcDbEntity
  8
Visible
100
AcDbSpline
210
0.0
220
0.0
230
1.0
 70
    12
 71
     3
 72
     8
 73
     4
 74
     0
 42
0.000000001
 43
0.0000000001
 40
-1.0
 40
-1.0
 40
-1.0
 40
-1.0
 40
0.0
 40
0.0
 40
0.0
 40
0.0
 10
627.1560806905381
 20
187.9038167622164
 30
-0.000000000001819
 41
1.0
 10
627.2440546488706
 20
187.2231761372164
 30
-0.000000000001819
 41
1.0
 10
627.1931223572046
 20
185.6627959288831
 30
-0.000000000001819
 41
1.0
 10
627.0634765238701
 20
185.0701292622164
 30
-0.000000000001819
 41
1.0
  0
SPLINE
  5
497
330
70
100
AcDbEntity
  8
Visible
100
AcDbSpline
210
0.0
220
0.0
230
1.0
 70
    12
 71
     3
 72
     8
 73
     4
 74
     0
 42
0.000000001
 43
0.0000000001
 40
-1.0
 40
-1.0
 40
-1.0
 40
-1.0
 40
0.0
 40
0.0
 40
0.0
 40
0.0
 10
627.0634765238701
 20
185.0701292622164
 30
-0.000000000001819
 41
1.0
 10
626.6328671488718
 20
183.0513584288831
 30
-0.000000000001819
 41
1.0
 10
625.5308775655375
 20
181.4076344705498
 30
-0.000000000001819
 41
1.0
 10
623.905674440537
 20
180.3519469705498
 30
-0.000000000001819
 41
1.0
  0
SPLINE
  5
498
330
70
100
AcDbEntity
  8
Visible
100
AcDbSpline
210
0.0
220
0.0
230
1.0
 70
    12
 71
     3
 72
     8
 73
     4
 74
     0
 42
0.000000001
 43
0.0000000001
 40
-1.0
 40
-1.0
 40
-1.0
 40
-1.0
 40
0.0
 40
0.0
 40
0.0
 40
0.0
 10
623.905674440537
 20
180.3519469705498
 30
-0.000000000001819
 41
1.0
 10
621.2803463155378
 20
178.6434000955498
 30
-0.000000000001819
 41
1.0
 10
617.5993306905383
 20
178.6619209288831
 30
-0.000000000001819
 41
1.0
 10
615.0341952738708
 20
180.3889886372165
 30
-0.000000000001819
 41
1.0
  0
SPLINE
  5
499
330
70
100
AcDbEntity
  8
Visible
100
AcDbSpline
210
0.0
220
0.0
230
1.0
 70
    12
 71
     3
 72
     8
 73
     4
 74
     0
 42
0.000000001
 43
0.0000000001
 40
-1.0
 40
-1.0
 40
-1.0
 40
-1.0
 40
0.0
 40
0.0
 40
0.0
 40
0.0
 10
615.0341952738708
 20
180.3889886372165
 30
-0.000000000001819
 41
1.0
 10
613.5201171488716
 20
181.4122646788831
 30
-0.000000000001819
 41
1.0
 10
612.4597994405376
 20
183.0837698872165
 30
-0.000000000001819
 41
1.0
 10
612.0569713155382
 20
185.0747594705498
 30
-0.000000000001819
 41
1.0
  0
SPLINE
  5
49A
330
70
100
AcDbEntity
  8
Visible
100
AcDbSpline
210
0.0
220
0.0
230
1.0
 70
    12
 71
     3
 72
     8
 73
     4
 74
     0
 42
0.000000001
 43
0.0000000001
 40
-1.0
 40
-1.0
 40
-1.0
 40
-1.0
 40
0.0
 40
0.0
 40
0.0
 40
0.0
 10
612.0569713155382
 20
185.0747594705498
 30
-0.000000000001819
 41
1.0
 10
611.918065065538
 20
185.7878115538831
 30
-0.000000000001819
 41
1.0
 10
611.8810233988715
 20
187.2602178038831
 30
-0.000000000001819
 41
1.0
 10
611.9875181905372
 20
188.0103115538831
 30
-0.000000000001819
 41
1.0
  0
SPLINE
  5
49B
330
70
100
AcDbEntity
  8
Visible
100
AcDbSpline
210
0.0
220
0.0
230
1.0
 70
    12
 71
     3
 72
     8
 73
     4
 74
     0
 42
0.000000001
 43
0.0000000001
 40
-1.0
 40
-1.0
 40
-1.0
 40
-1.0
 40
0.0
 40
0.0
 40
0.0
 40
0.0
 10
611.9875181905372
 20
188.0103115538831
 30
-0.000000000001819
 41
1.0
 10
612.2375494405368
 20
189.7373792622165
 30
-0.000000000001819
 41
1.0
 10
612.9228202738704
 20
191.1403323872164
 30
-0.000000000001819
 41
1.0
 10
614.0757421488706
 20
192.2932542622164
 30
-0.000000000001819
 41
1.0
  0
SPLINE
  5
49C
330
70
100
AcDbEntity
  8
Visible
100
AcDbSpline
210
0.0
220
0.0
230
1.0
 70
    12
 71
     3
 72
     8
 73
     4
 74
     0
 42
0.000000001
 43
0.0000000001
 40
-1.0
 40
-1.0
 40
-1.0
 40
-1.0
 40
0.0
 40
0.0
 40
0.0
 40
0.0
 10
614.0757421488706
 20
192.2932542622164
 30
-0.000000000001819
 41
1.0
 10
614.3581848572048
 20
192.5756969705498
 30
-0.000000000001819
 41
1.0
 10
614.7702733988717
 20
192.9275928038831
 30
-0.000000000001819
 41
1.0
 10
615.0017838155381
 20
193.0850198872164
 30
-0.000000000001819
 41
1.0
  0
SPLINE
  5
49D
330
70
100
AcDbEntity
  8
Visible
100
AcDbSpline
210
0.0
220
0.0
230
1.0
 70
    12
 71
     3
 72
     8
 73
     4
 74
     0
 42
0.000000001
 43
0.0000000001
 40
-1.0
 40
-1.0
 40
-1.0
 40
-1.0
 40
0.0
 40
0.0
 40
0.0
 40
0.0
 10
681.7786483988712
 20
194.2564625955498
 30
-0.000000000001819
 41
1.0
 10
682.0147890238713
 20
194.3120250955498
 30
-0.000000000001819
 41
1.0
 10
682.3574244405372
 20
194.3722178038831
 30
-0.000000000001819
 41
1.0
 10
682.5426327738714
 20
194.3953688455498
 30
-0.000000000001819
 41
1.0
  0
SPLINE
  5
49E
330
70
100
AcDbEntity
  8
Visible
100
AcDbSpline
210
0.0
220
0.0
230
1.0
 70
    12
 71
     3
 72
     8
 73
     4
 74
     0
 42
0.000000001
 43
0.0000000001
 40
-1.0
 40
-1.0
 40
-1.0
 40
-1.0
 40
0.0
 40
0.0
 40
0.0
 40
0.0
 10
682.5426327738714
 20
194.3953688455498
 30
-0.000000000001819
 41
1.0
 10
683.5057161072036
 20
194.5064938455498
 30
-0.000000000001819
 41
1.0
 10
684.9086692322035
 20
194.4185198872165
 30
-0.000000000001819
 41
1.0
 10
685.8161900655377
 20
194.1870094705498
 30
-0.000000000001819
 41
1.0
  0
SPLINE
  5
49F
330
70
100
AcDbEntity
  8
Visible
100
AcDbSpline
210
0.0
220
0.0
230
1.0
 70
    12
 71
     3
 72
     8
 73
     4
 74
     0
 42
0.000000001
 43
0.0000000001
 40
-1.0
 40
-1.0
 40
-1.0
 40
-1.0
 40
0.0
 40
0.0
 40
0.0
 40
0.0
 10
685.8161900655377
 20
194.1870094705498
 30
-0.000000000001819
 41
1.0
 10
688.0711015238703
 20
193.6174938455498
 30
-0.000000000001819
 41
1.0
 10
689.7055650655383
 20
192.0617438455498
 30
-0.000000000001819
 41
1.0
 10
690.4510286072036
 20
189.7790511372164
 30
-0.000000000001819
 41
1.0
  0
SPLINE
  5
4A0
330
70
100
AcDbEntity
  8
Visible
100
AcDbSpline
210
0.0
220
0.0
230
1.0
 70
    12
 71
     3
 72
     8
 73
     4
 74
     0
 42
0.000000001
 43
0.0000000001
 40
-1.0
 40
-1.0
 40
-1.0
 40
-1.0
 40
0.0
 40
0.0
 40
0.0
 40
0.0
 10
690.4510286072036
 20
189.7790511372164
 30
-0.000000000001819
 41
1.0
 10
690.6732786072043
 20
189.0891500955498
 30
-0.000000000001819
 41
1.0
 10
690.9094192322045
 20
189.1678636372164
 30
-0.000000000001819
 41
1.0
 10
688.5757942322034
 20
189.1678636372164
 30
-0.000000000001819
 41
1.0
  0
SPLINE
  5
4A1
330
70
100
AcDbEntity
  8
Visible
100
AcDbSpline
210
0.0
220
0.0
230
1.0
 70
    12
 71
     3
 72
     8
 73
     4
 74
     0
 42
0.000000001
 43
0.0000000001
 40
-1.0
 40
-1.0
 40
-1.0
 40
-1.0
 40
0.0
 40
0.0
 40
0.0
 40
0.0
 10
688.5757942322034
 20
189.1678636372164
 30
-0.000000000001819
 41
1.0
 10
686.6959296488712
 20
189.1678636372164
 30
-0.000000000001819
 41
1.0
 10
686.557023398871
 20
189.1724938455498
 30
-0.000000000001819
 41
1.0
 10
686.533872357204
 20
189.2512073872164
 30
-0.000000000001819
 41
1.0
  0
SPLINE
  5
4A2
330
70
100
AcDbEntity
  8
Visible
100
AcDbSpline
210
0.0
220
0.0
230
1.0
 70
    12
 71
     3
 72
     8
 73
     4
 74
     0
 42
0.000000001
 43
0.0000000001
 40
-1.0
 40
-1.0
 40
-1.0
 40
-1.0
 40
0.0
 40
0.0
 40
0.0
 40
0.0
 10
686.533872357204
 20
189.2512073872164
 30
-0.000000000001819
 41
1.0
 10
686.5199817322045
 20
189.2928792622164
 30
-0.000000000001819
 41
1.0
 10
686.4320077738702
 20
189.4873480122164
 30
-0.000000000001819
 41
1.0
 10
686.339403607204
 20
189.6771865538831
 30
-0.000000000001819
 41
1.0
  0
SPLINE
  5
4A3
330
70
100
AcDbEntity
  8
Visible
100
AcDbSpline
210
0.0
220
0.0
230
1.0
 70
    12
 71
     3
 72
     8
 73
     4
 74
     0
 42
0.000000001
 43
0.0000000001
 40
-1.0
 40
-1.0
 40
-1.0
 40
-1.0
 40
0.0
 40
0.0
 40
0.0
 40
0.0
 10
686.339403607204
 20
189.6771865538831
 30
-0.000000000001819
 41
1.0
 10
686.1310442322047
 20
190.1077959288831
 30
-0.000000000001819
 41
1.0
 10
685.6078306905383
 20
190.6495303038831
 30
-0.000000000001819
 41
1.0
 10
685.1957421488714
 20
190.8671500955498
 30
-0.000000000001819
 41
1.0
  0
SPLINE
  5
4A4
330
70
100
AcDbEntity
  8
Visible
100
AcDbSpline
210
0.0
220
0.0
230
1.0
 70
    12
 71
     3
 72
     8
 73
     4
 74
     0
 42
0.000000001
 43
0.0000000001
 40
-1.0
 40
-1.0
 40
-1.0
 40
-1.0
 40
0.0
 40
0.0
 40
0.0
 40
0.0
 10
685.1957421488714
 20
190.8671500955498
 30
-0.000000000001819
 41
1.0
 10
684.6632681905376
 20
191.1449625955498
 30
-0.000000000001819
 41
1.0
 10
684.2974817322047
 20
191.2283063455498
 30
-0.000000000001819
 41
1.0
 10
683.5983202738717
 20
191.2236761372165
 30
-0.000000000001819
 41
1.0
  0
SPLINE
  5
4A5
330
70
100
AcDbEntity
  8
Visible
100
AcDbSpline
210
0.0
220
0.0
230
1.0
 70
    12
 71
     3
 72
     8
 73
     4
 74
     0
 42
0.000000001
 43
0.0000000001
 40
-1.0
 40
-1.0
 40
-1.0
 40
-1.0
 40
0.0
 40
0.0
 40
0.0
 40
0.0
 10
683.5983202738717
 20
191.2236761372165
 30
-0.000000000001819
 41
1.0
 10
682.8806379822035
 20
191.2236761372165
 30
-0.000000000001819
 41
1.0
 10
682.5704140238704
 20
191.1542230122164
 30
-0.000000000001819
 41
1.0
 10
682.024049440537
 20
190.8903011372164
 30
-0.000000000001819
 41
1.0
  0
SPLINE
  5
4A6
330
70
100
AcDbEntity
  8
Visible
100
AcDbSpline
210
0.0
220
0.0
230
1.0
 70
    12
 71
     3
 72
     8
 73
     4
 74
     0
 42
0.000000001
 43
0.0000000001
 40
-1.0
 40
-1.0
 40
-1.0
 40
-1.0
 40
0.0
 40
0.0
 40
0.0
 40
0.0
 10
682.024049440537
 20
190.8903011372164
 30
-0.000000000001819
 41
1.0
 10
681.5378775655371
 20
190.6541605122164
 30
-0.000000000001819
 41
1.0
 10
680.9591015238711
 20
190.0753844705498
 30
-0.000000000001819
 41
1.0
 10
680.6951796488702
 20
189.5614313455498
 30
-0.000000000001819
 41
1.0
  0
SPLINE
  5
4A7
330
70
100
AcDbEntity
  8
Visible
100
AcDbSpline
210
0.0
220
0.0
230
1.0
 70
    12
 71
     3
 72
     8
 73
     4
 74
     0
 42
0.000000001
 43
0.0000000001
 40
-1.0
 40
-1.0
 40
-1.0
 40
-1.0
 40
0.0
 40
0.0
 40
0.0
 40
0.0
 10
680.6951796488702
 20
189.5614313455498
 30
-0.000000000001819
 41
1.0
 10
680.2738306905375
 20
188.7511448872164
 30
-0.000000000001819
 41
1.0
 10
680.1117733988704
 20
187.9686396788831
 30
-0.000000000001819
 41
1.0
 10
680.1117733988704
 20
186.7833063455497
 30
-0.000000000001819
 41
1.0
  0
SPLINE
  5
4A8
330
70
100
AcDbEntity
  8
Visible
100
AcDbSpline
210
0.0
220
0.0
230
1.0
 70
    12
 71
     3
 72
     8
 73
     4
 74
     0
 42
0.000000001
 43
0.0000000001
 40
-1.0
 40
-1.0
 40
-1.0
 40
-1.0
 40
0.0
 40
0.0
 40
0.0
 40
0.0
 10
680.1117733988704
 20
186.7833063455497
 30
-0.000000000001819
 41
1.0
 10
680.1117733988704
 20
185.8896761372164
 30
-0.000000000001819
 41
1.0
 10
680.1858567322033
 20
185.3664625955498
 30
-0.000000000001819
 41
1.0
 10
680.408106732204
 20
184.6997125955498
 30
-0.000000000001819
 41
1.0
  0
SPLINE
  5
4A9
330
70
100
AcDbEntity
  8
Visible
100
AcDbSpline
210
0.0
220
0.0
230
1.0
 70
    12
 71
     3
 72
     8
 73
     4
 74
     0
 42
0.000000001
 43
0.0000000001
 40
-1.0
 40
-1.0
 40
-1.0
 40
-1.0
 40
0.0
 40
0.0
 40
0.0
 40
0.0
 10
680.408106732204
 20
184.6997125955498
 30
-0.000000000001819
 41
1.0
 10
680.8063046488714
 20
183.5051188455498
 30
-0.000000000001819
 41
1.0
 10
681.588809857205
 20
182.7365042622164
 30
-0.000000000001819
 41
1.0
 10
682.7232108988701
 20
182.4262803038831
 30
-0.000000000001819
 41
1.0
  0
SPLINE
  5
4AA
330
70
100
AcDbEntity
  8
Visible
100
AcDbSpline
210
0.0
220
0.0
230
1.0
 70
    12
 71
     3
 72
     8
 73
     4
 74
     0
 42
0.000000001
 43
0.0000000001
 40
-1.0
 40
-1.0
 40
-1.0
 40
-1.0
 40
0.0
 40
0.0
 40
0.0
 40
0.0
 10
682.7232108988701
 20
182.4262803038831
 30
-0.000000000001819
 41
1.0
 10
683.1445598572045
 20
182.3105250955498
 30
-0.000000000001819
 41
1.0
 10
684.0520806905369
 20
182.3197855122165
 30
-0.000000000001819
 41
1.0
 10
684.5336223572048
 20
182.4448011372165
 30
-0.000000000001819
 41
1.0
  0
SPLINE
  5
4AB
330
70
100
AcDbEntity
  8
Visible
100
AcDbSpline
210
0.0
220
0.0
230
1.0
 70
    12
 71
     3
 72
     8
 73
     4
 74
     0
 42
0.000000001
 43
0.0000000001
 40
-1.0
 40
-1.0
 40
-1.0
 40
-1.0
 40
0.0
 40
0.0
 40
0.0
 40
0.0
 10
684.5336223572048
 20
182.4448011372165
 30
-0.000000000001819
 41
1.0
 10
685.4226223572041
 20
182.6809417622165
 30
-0.000000000001819
 41
1.0
 10
686.0152890238714
 20
183.1763740538831
 30
-0.000000000001819
 41
1.0
 10
686.4088567322051
 20
184.0190719705498
 30
-0.000000000001819
 41
1.0
  0
LINE
  5
4AC
330
70
100
AcDbEntity
  8
Visible
100
AcDbLine
 10
686.408857
 20
184.019072
 30
0.0
 11
686.566284
 21
184.352447
 31
0.0
210
0.0
220
1.0
230
0.0
  0
LINE
  5
4AD
330
70
100
AcDbEntity
  8
Visible
100
AcDbLine
 10
686.566284
 20
184.352447
 30
0.0
 11
688.575794
 21
184.352447
 31
0.0
210
0.0
220
1.0
230
0.0
  0
SPLINE
  5
4AE
330
70
100
AcDbEntity
  8
Visible
100
AcDbSpline
210
0.0
220
0.0
230
1.0
 70
    12
 71
     3
 72
     8
 73
     4
 74
     0
 42
0.000000001
 43
0.0000000001
 40
-1.0
 40
-1.0
 40
-1.0
 40
-1.0
 40
0.0
 40
0.0
 40
0.0
 40
0.0
 10
688.5757942322034
 20
184.3524469705498
 30
-0.000000000001819
 41
1.0
 10
690.3028619405376
 20
184.3524469705498
 30
-0.000000000001819
 41
1.0
 10
690.5899348572038
 20
184.3431865538831
 30
-0.000000000001819
 41
1.0
 10
690.5899348572038
 20
184.2876240538831
 30
-0.000000000001819
 41
1.0
  0
SPLINE
  5
4AF
330
70
100
AcDbEntity
  8
Visible
100
AcDbSpline
210
0.0
220
0.0
230
1.0
 70
    12
 71
     3
 72
     8
 73
     4
 74
     0
 42
0.000000001
 43
0.0000000001
 40
-1.0
 40
-1.0
 40
-1.0
 40
-1.0
 40
0.0
 40
0.0
 40
0.0
 40
0.0
 10
690.5899348572038
 20
184.2876240538831
 30
-0.000000000001819
 41
1.0
 10
690.5899348572038
 20
184.1440875955498
 30
-0.000000000001819
 41
1.0
 10
690.3399036072041
 20
183.4310355122165
 30
-0.000000000001819
 41
1.0
 10
690.1454348572042
 20
183.0143167622165
 30
-0.000000000001819
 41
1.0
  0
SPLINE
  5
4B0
330
70
100
AcDbEntity
  8
Visible
100
AcDbSpline
210
0.0
220
0.0
230
1.0
 70
    12
 71
     3
 72
     8
 73
     4
 74
     0
 42
0.000000001
 43
0.0000000001
 40
-1.0
 40
-1.0
 40
-1.0
 40
-1.0
 40
0.0
 40
0.0
 40
0.0
 40
0.0
 10
690.1454348572042
 20
183.0143167622165
 30
-0.000000000001819
 41
1.0
 10
689.5666588155381
 20
181.7734209288831
 30
-0.000000000001819
 41
1.0
 10
688.4831900655371
 20
180.6066084288831
 30
-0.000000000001819
 41
1.0
 10
687.3395286072045
 20
179.9815303038831
 30
-0.000000000001819
 41
1.0
  0
SPLINE
  5
4B1
330
70
100
AcDbEntity
  8
Visible
100
AcDbSpline
210
0.0
220
0.0
230
1.0
 70
    12
 71
     3
 72
     8
 73
     4
 74
     0
 42
0.000000001
 43
0.0000000001
 40
-1.0
 40
-1.0
 40
-1.0
 40
-1.0
 40
0.0
 40
0.0
 40
0.0
 40
0.0
 10
687.3395286072045
 20
179.9815303038831
 30
-0.000000000001819
 41
1.0
 10
686.1588254822036
 20
179.3425615538831
 30
-0.000000000001819
 41
1.0
 10
684.964231732205
 20
179.0879000955498
 30
-0.000000000001819
 41
1.0
 10
683.3205077738711
 20
179.1342021788831
 30
-0.000000000001819
 41
1.0
  0
SPLINE
  5
4B2
330
70
100
AcDbEntity
  8
Visible
100
AcDbSpline
210
0.0
220
0.0
230
1.0
 70
    12
 71
     3
 72
     8
 73
     4
 74
     0
 42
0.000000001
 43
0.0000000001
 40
-1.0
 40
-1.0
 40
-1.0
 40
-1.0
 40
0.0
 40
0.0
 40
0.0
 40
0.0
 10
683.3205077738711
 20
179.1342021788831
 30
-0.000000000001819
 41
1.0
 10
682.0194192322051
 20
179.1712438455498
 30
-0.000000000001819
 41
1.0
 10
681.2183931905383
 20
179.3610823872164
 30
-0.000000000001819
 41
1.0
 10
680.1488150655368
 20
179.8796657205498
 30
-0.000000000001819
 41
1.0
  0
SPLINE
  5
4B3
330
70
100
AcDbEntity
  8
Visible
100
AcDbSpline
210
0.0
220
0.0
230
1.0
 70
    12
 71
     3
 72
     8
 73
     4
 74
     0
 42
0.000000001
 43
0.0000000001
 40
-1.0
 40
-1.0
 40
-1.0
 40
-1.0
 40
0.0
 40
0.0
 40
0.0
 40
0.0
 10
680.1488150655368
 20
179.8796657205498
 30
-0.000000000001819
 41
1.0
 10
678.1994973572036
 20
180.8288584288831
 30
-0.000000000001819
 41
1.0
 10
676.9400806905378
 20
182.5512959288831
 30
-0.000000000001819
 41
1.0
 10
676.4446483988704
 20
184.9404834288831
 30
-0.000000000001819
 41
1.0
  0
SPLINE
  5
4B4
330
70
100
AcDbEntity
  8
Visible
100
AcDbSpline
210
0.0
220
0.0
230
1.0
 70
    12
 71
     3
 72
     8
 73
     4
 74
     0
 42
0.000000001
 43
0.0000000001
 40
-1.0
 40
-1.0
 40
-1.0
 40
-1.0
 40
0.0
 40
0.0
 40
0.0
 40
0.0
 10
676.4446483988704
 20
184.9404834288831
 30
-0.000000000001819
 41
1.0
 10
675.9862577738713
 20
187.1537230122164
 30
-0.000000000001819
 41
1.0
 10
676.4076067322039
 20
189.6771865538831
 30
-0.000000000001819
 41
1.0
 10
677.5281171488714
 20
191.3718428038831
 30
-0.000000000001819
 41
1.0
  0
SPLINE
  5
4B5
330
70
100
AcDbEntity
  8
Visible
100
AcDbSpline
210
0.0
220
0.0
230
1.0
 70
    12
 71
     3
 72
     8
 73
     4
 74
     0
 42
0.000000001
 43
0.0000000001
 40
-1.0
 40
-1.0
 40
-1.0
 40
-1.0
 40
0.0
 40
0.0
 40
0.0
 40
0.0
 10
677.5281171488714
 20
191.3718428038831
 30
-0.000000000001819
 41
1.0
 10
678.4865702738716
 20
192.8257282205498
 30
-0.000000000001819
 41
1.0
 10
679.9728671488701
 20
193.8351136372165
 30
-0.000000000001819
 41
1.0
 10
681.7786483988712
 20
194.2564625955498
 30
-0.000000000001819
 41
1.0
  0
LINE
  5
4B6
330
70
100
AcDbEntity
  8
Visible
100
AcDbLine
 10
746.985872
 20
179.351822
 30
0.0
 11
743.235404
 21
179.351822
 31
0.0
210
0.0
220
1.0
230
0.0
  0
LINE
  5
4B7
330
70
100
AcDbEntity
  8
Visible
100
AcDbLine
 10
743.235404
 20
179.351822
 30
0.0
 11
743.235404
 21
199.215416
 31
0.0
210
0.0
220
1.0
230
0.0
  0
LINE
  5
4B8
330
70
100
AcDbEntity
  8
Visible
100
AcDbLine
 10
743.235404
 20
199.215416
 30
0.0
 11
746.985872
 21
199.215416
 31
0.0
210
0.0
220
1.0
230
0.0
  0
LINE
  5
4B9
330
70
100
AcDbEntity
  8
Visible
100
AcDbLine
 10
746.985872
 20
199.215416
 30
0.0
 11
746.985872
 21
179.351822
 31
0.0
210
0.0
220
1.0
230
0.0
  0
LINE
  5
4BA
330
70
100
AcDbEntity
  8
Visible
100
AcDbLine
 10
557.934466
 20
103.416405
 30
0.0
 11
539.228424
 21
103.416405
 31
0.0
210
0.0
220
1.0
230
0.0
  0
LINE
  5
4BB
330
70
100
AcDbEntity
  8
Visible
100
AcDbLine
 10
539.228424
 20
103.416405
 30
0.0
 11
539.228424
 21
163.609114
 31
0.0
210
0.0
220
1.0
230
0.0
  0
LINE
  5
4BC
330
70
100
AcDbEntity
  8
Visible
100
AcDbLine
 10
539.228424
 20
163.609114
 30
0.0
 11
557.934466
 21
163.609114
 31
0.0
210
0.0
220
1.0
230
0.0
  0
LINE
  5
4BD
330
70
100
AcDbEntity
  8
Visible
100
AcDbLine
 10
557.934466
 20
163.609114
 30
0.0
 11
557.934466
 21
103.416405
 31
0.0
210
0.0
220
1.0
230
0.0
  0
SPLINE
  5
4BE
330
70
100
AcDbEntity
  8
Visible
100
AcDbSpline
210
0.0
220
0.0
230
1.0
 70
    12
 71
     3
 72
     8
 73
     4
 74
     0
 42
0.000000001
 43
0.0000000001
 40
-1.0
 40
-1.0
 40
-1.0
 40
-1.0
 40
0.0
 40
0.0
 40
0.0
 40
0.0
 10
521.3326692322043
 20
188.6353896788831
 30
-0.000000000001819
 41
1.0
 10
519.3000077738706
 20
192.6451500955498
 30
-0.000000000001819
 41
1.0
 10
518.2257994405372
 20
196.8123375955498
 30
-0.000000000001819
 41
1.0
 10
518.0405911072048
 20
201.4286553038831
 30
-0.000000000001819
 41
1.0
  0
LINE
  5
4BF
330
70
100
AcDbEntity
  8
Visible
100
AcDbLine
 10
518.040591
 20
201.428655
 30
0.0
 11
518.00818
 21
202.225051
 31
0.0
210
0.0
220
1.0
230
0.0
  0
LINE
  5
4C0
330
70
100
AcDbEntity
  8
Visible
100
AcDbLine
 10
518.00818
 20
202.225051
 30
0.0
 11
532.871148
 21
202.225051
 31
0.0
210
0.0
220
1.0
230
0.0
  0
LINE
  5
4C1
330
70
100
AcDbEntity
  8
Visible
100
AcDbLine
 10
532.871148
 20
202.225051
 30
0.0
 11
532.89893
 21
201.451806
 31
0.0
210
0.0
220
1.0
230
0.0
  0
SPLINE
  5
4C2
330
70
100
AcDbEntity
  8
Visible
100
AcDbSpline
210
0.0
220
0.0
230
1.0
 70
    12
 71
     3
 72
     8
 73
     4
 74
     0
 42
0.000000001
 43
0.0000000001
 40
-1.0
 40
-1.0
 40
-1.0
 40
-1.0
 40
0.0
 40
0.0
 40
0.0
 40
0.0
 10
532.8989296488707
 20
201.4518063455498
 30
-0.000000000001819
 41
1.0
 10
533.0285754822035
 20
198.0439730122165
 30
-0.000000000001819
 41
1.0
 10
534.2277994405376
 20
194.8491292622165
 30
-0.000000000001819
 41
1.0
 10
536.3854765238702
 20
192.1543480122164
 30
-0.000000000001819
 41
1.0
  0
SPLINE
  5
4C3
330
70
100
AcDbEntity
  8
Visible
100
AcDbSpline
210
0.0
220
0.0
230
1.0
 70
    12
 71
     3
 72
     8
 73
     4
 74
     0
 42
0.000000001
 43
0.0000000001
 40
-1.0
 40
-1.0
 40
-1.0
 40
-1.0
 40
0.0
 40
0.0
 40
0.0
 40
0.0
 10
536.3854765238702
 20
192.1543480122164
 30
-0.000000000001819
 41
1.0
 10
536.9133202738703
 20
191.4968584288831
 30
-0.000000000001819
 41
1.0
 10
538.0477213155372
 20
190.3670875955498
 30
-0.000000000001819
 41
1.0
 10
538.6959504822043
 20
189.8438740538831
 30
-0.000000000001819
 41
1.0
  0
SPLINE
  5
4C4
330
70
100
AcDbEntity
  8
Visible
100
AcDbSpline
210
0.0
220
0.0
230
1.0
 70
    12
 71
     3
 72
     8
 73
     4
 74
     0
 42
0.000000001
 43
0.0000000001
 40
-1.0
 40
-1.0
 40
-1.0
 40
-1.0
 40
0.0
 40
0.0
 40
0.0
 40
0.0
 10
538.6959504822043
 20
189.8438740538831
 30
-0.000000000001819
 41
1.0
 10
541.6916952738701
 20
187.4546865538831
 30
-0.000000000001819
 41
1.0
 10
545.2801067322034
 20
186.2415719705498
 30
-0.000000000001819
 41
1.0
 10
549.0213150655381
 20
186.3573271788831
 30
-0.000000000001819
 41
1.0
  0
SPLINE
  5
4C5
330
70
100
AcDbEntity
  8
Visible
100
AcDbSpline
210
0.0
220
0.0
230
1.0
 70
    12
 71
     3
 72
     8
 73
     4
 74
     0
 42
0.000000001
 43
0.0000000001
 40
-1.0
 40
-1.0
 40
-1.0
 40
-1.0
 40
0.0
 40
0.0
 40
0.0
 40
0.0
 10
549.0213150655381
 20
186.3573271788831
 30
-0.000000000001819
 41
1.0
 10
553.0958983988711
 20
186.4869730122164
 30
-0.000000000001819
 41
1.0
 10
556.8093254822051
 20
188.0843948872164
 30
-0.000000000001819
 41
1.0
 10
559.6707942322045
 20
190.9504938455498
 30
-0.000000000001819
 41
1.0
  0
SPLINE
  5
4C6
330
70
100
AcDbEntity
  8
Visible
100
AcDbSpline
210
0.0
220
0.0
230
1.0
 70
    12
 71
     3
 72
     8
 73
     4
 74
     0
 42
0.000000001
 43
0.0000000001
 40
-1.0
 40
-1.0
 40
-1.0
 40
-1.0
 40
0.0
 40
0.0
 40
0.0
 40
0.0
 10
559.6707942322045
 20
190.9504938455498
 30
-0.000000000001819
 41
1.0
 10
562.4998515238712
 20
193.7749209288831
 30
-0.000000000001819
 41
1.0
 10
564.1019036072048
 20
197.4513063455498
 30
-0.000000000001819
 41
1.0
 10
564.2639608988702
 20
201.4749573872165
 30
-0.000000000001819
 41
1.0
  0
LINE
  5
4C7
330
70
100
AcDbEntity
  8
Visible
100
AcDbLine
 10
564.263961
 20
201.474957
 30
0.0
 11
564.291742
 21
202.225051
 31
0.0
210
0.0
220
1.0
230
0.0
  0
LINE
  5
4C8
330
70
100
AcDbEntity
  8
Visible
100
AcDbLine
 10
564.291742
 20
202.225051
 30
0.0
 11
579.108409
 21
202.225051
 31
0.0
210
0.0
220
1.0
230
0.0
  0
LINE
  5
4C9
330
70
100
AcDbEntity
  8
Visible
100
AcDbLine
 10
579.108409
 20
202.225051
 30
0.0
 11
579.080628
 21
201.243447
 31
0.0
210
0.0
220
1.0
230
0.0
  0
SPLINE
  5
4CA
330
70
100
AcDbEntity
  8
Visible
100
AcDbSpline
210
0.0
220
0.0
230
1.0
 70
    12
 71
     3
 72
     8
 73
     4
 74
     0
 42
0.000000001
 43
0.0000000001
 40
-1.0
 40
-1.0
 40
-1.0
 40
-1.0
 40
0.0
 40
0.0
 40
0.0
 40
0.0
 10
579.0806275655377
 20
201.2434469705498
 30
-0.000000000001819
 41
1.0
 10
578.9000494405372
 20
195.2658480122165
 30
-0.000000000001819
 41
1.0
 10
576.7655233988716
 20
189.1910146788831
 30
-0.000000000001819
 41
1.0
 10
573.1354400655382
 20
184.3015146788831
 30
-0.000000000001819
 41
1.0
  0
SPLINE
  5
4CB
330
70
100
AcDbEntity
  8
Visible
100
AcDbSpline
210
0.0
220
0.0
230
1.0
 70
    12
 71
     3
 72
     8
 73
     4
 74
     0
 42
0.000000001
 43
0.0000000001
 40
-1.0
 40
-1.0
 40
-1.0
 40
-1.0
 40
0.0
 40
0.0
 40
0.0
 40
0.0
 10
573.1354400655382
 20
184.3015146788831
 30
-0.000000000001819
 41
1.0
 10
568.560794232204
 20
178.1387073872164
 30
-0.000000000001819
 41
1.0
 10
561.9118150655376
 20
173.9391084288831
 30
-0.000000000001819
 41
1.0
 10
554.4386588155375
 20
172.4805928038831
 30
-0.000000000001819
 41
1.0
  0
SPLINE
  5
4CC
330
70
100
AcDbEntity
  8
Visible
100
AcDbSpline
210
0.0
220
0.0
230
1.0
 70
    12
 71
     3
 72
     8
 73
     4
 74
     0
 42
0.000000001
 43
0.0000000001
 40
-1.0
 40
-1.0
 40
-1.0
 40
-1.0
 40
0.0
 40
0.0
 40
0.0
 40
0.0
 10
554.4386588155375
 20
172.4805928038831
 30
-0.000000000001819
 41
1.0
 10
547.1507108988716
 20
171.0637490538831
 30
-0.000000000001819
 41
1.0
 10
539.5942108988711
 20
172.3324261372165
 30
-0.000000000001819
 41
1.0
 10
533.2230442322051
 20
176.0458532205498
 30
-0.000000000001819
 41
1.0
  0
SPLINE
  5
4CD
330
70
100
AcDbEntity
  8
Visible
100
AcDbSpline
210
0.0
220
0.0
230
1.0
 70
    12
 71
     3
 72
     8
 73
     4
 74
     0
 42
0.000000001
 43
0.0000000001
 40
-1.0
 40
-1.0
 40
-1.0
 40
-1.0
 40
0.0
 40
0.0
 40
0.0
 40
0.0
 10
533.2230442322051
 20
176.0458532205498
 30
-0.000000000001819
 41
1.0
 10
528.1205546488709
 20
179.0184469705498
 30
-0.000000000001819
 41
1.0
 10
523.990408815538
 20
183.3893636372165
 30
-0.000000000001819
 41
1.0
 10
521.3326692322043
 20
188.6353896788831
 30
-0.000000000001819
 41
1.0
  0
SPLINE
  5
4CE
330
70
100
AcDbEntity
  8
Visible
100
AcDbSpline
210
0.0
220
0.0
230
1.0
 70
    12
 71
     3
 72
     8
 73
     4
 74
     0
 42
0.000000001
 43
0.0000000001
 40
-1.0
 40
-1.0
 40
-1.0
 40
-1.0
 40
0.0
 40
0.0
 40
0.0
 40
0.0
 10
709.7219556905383
 20
162.8404990538831
 30
-0.000000000001819
 41
1.0
 10
712.458408815537
 20
163.7526500955498
 30
-0.000000000001819
 41
1.0
 10
715.4773046488717
 20
164.2758636372164
 30
-0.000000000001819
 41
1.0
 10
718.9407004822042
 20
164.4425511372164
 30
-0.000000000001819
 41
1.0
  0
SPLINE
  5
4CF
330
70
100
AcDbEntity
  8
Visible
100
AcDbSpline
210
0.0
220
0.0
230
1.0
 70
    12
 71
     3
 72
     8
 73
     4
 74
     0
 42
0.000000001
 43
0.0000000001
 40
-1.0
 40
-1.0
 40
-1.0
 40
-1.0
 40
0.0
 40
0.0
 40
0.0
 40
0.0
 10
718.9407004822042
 20
164.4425511372164
 30
-0.000000000001819
 41
1.0
 10
719.9176744405376
 20
164.4888532205498
 30
-0.000000000001819
 41
1.0
 10
722.8300754822048
 20
164.4610719705498
 30
-0.000000000001819
 41
1.0
 10
723.742226523871
 20
164.3962490538831
 30
-0.000000000001819
 41
1.0
  0
SPLINE
  5
4D0
330
70
100
AcDbEntity
  8
Visible
100
AcDbSpline
210
0.0
220
0.0
230
1.0
 70
    12
 71
     3
 72
     8
 73
     4
 74
     0
 42
0.000000001
 43
0.0000000001
 40
-1.0
 40
-1.0
 40
-1.0
 40
-1.0
 40
0.0
 40
0.0
 40
0.0
 40
0.0
 10
723.742226523871
 20
164.3962490538831
 30
-0.000000000001819
 41
1.0
 10
727.3954608988715
 20
164.1369573872165
 30
-0.000000000001819
 41
1.0
 10
730.1967369405375
 20
163.5442907205498
 30
-0.000000000001819
 41
1.0
 10
733.0026431905371
 20
162.4469313455498
 30
-0.000000000001819
 41
1.0
  0
SPLINE
  5
4D1
330
70
100
AcDbEntity
  8
Visible
100
AcDbSpline
210
0.0
220
0.0
230
1.0
 70
    12
 71
     3
 72
     8
 73
     4
 74
     0
 42
0.000000001
 43
0.0000000001
 40
-1.0
 40
-1.0
 40
-1.0
 40
-1.0
 40
0.0
 40
0.0
 40
0.0
 40
0.0
 10
733.0026431905371
 20
162.4469313455498
 30
-0.000000000001819
 41
1.0
 10
739.4756744405367
 20
159.9142073872164
 30
-0.000000000001819
 41
1.0
 10
744.1845963155373
 20
154.6079886372164
 30
-0.000000000001819
 41
1.0
 10
745.9394452738706
 20
147.8664053038831
 30
-0.000000000001819
 41
1.0
  0
SPLINE
  5
4D2
330
70
100
AcDbEntity
  8
Visible
100
AcDbSpline
210
0.0
220
0.0
230
1.0
 70
    12
 71
     3
 72
     8
 73
     4
 74
     0
 42
0.000000001
 43
0.0000000001
 40
-1.0
 40
-1.0
 40
-1.0
 40
-1.0
 40
0.0
 40
0.0
 40
0.0
 40
0.0
 10
745.9394452738706
 20
147.8664053038831
 30
-0.000000000001819
 41
1.0
 10
746.2357786072043
 20
146.7227438455498
 30
-0.000000000001819
 41
1.0
 10
746.6154556905385
 20
144.6345198872164
 30
-0.000000000001819
 41
1.0
 10
746.6154556905385
 20
144.1298271788831
 30
-0.000000000001819
 41
1.0
  0
LINE
  5
4D3
330
70
100
AcDbEntity
  8
Visible
100
AcDbLine
 10
746.615456
 20
144.129827
 30
0.0
 11
746.615456
 21
143.97703
 31
0.0
210
0.0
220
1.0
230
0.0
  0
LINE
  5
4D4
330
70
100
AcDbEntity
  8
Visible
100
AcDbLine
 10
746.615456
 20
143.97703
 30
0.0
 11
729.358669
 21
143.97703
 31
0.0
210
0.0
220
1.0
230
0.0
  0
LINE
  5
4D5
330
70
100
AcDbEntity
  8
Visible
100
AcDbLine
 10
729.358669
 20
143.97703
 30
0.0
 11
729.326258
 21
144.222431
 31
0.0
210
0.0
220
1.0
230
0.0
  0
SPLINE
  5
4D6
330
70
100
AcDbEntity
  8
Visible
100
AcDbSpline
210
0.0
220
0.0
230
1.0
 70
    12
 71
     3
 72
     8
 73
     4
 74
     0
 42
0.000000001
 43
0.0000000001
 40
-1.0
 40
-1.0
 40
-1.0
 40
-1.0
 40
0.0
 40
0.0
 40
0.0
 40
0.0
 10
729.3262577738715
 20
144.2224313455498
 30
-0.000000000001819
 41
1.0
 10
729.3077369405382
 20
144.3520771788831
 30
-0.000000000001819
 41
1.0
 10
729.2429140238709
 20
144.6669313455498
 30
-0.000000000001819
 41
1.0
 10
729.1780911072037
 20
144.9123323872164
 30
-0.000000000001819
 41
1.0
  0
SPLINE
  5
4D7
330
70
100
AcDbEntity
  8
Visible
100
AcDbSpline
210
0.0
220
0.0
230
1.0
 70
    12
 71
     3
 72
     8
 73
     4
 74
     0
 42
0.000000001
 43
0.0000000001
 40
-1.0
 40
-1.0
 40
-1.0
 40
-1.0
 40
0.0
 40
0.0
 40
0.0
 40
0.0
 10
729.1780911072037
 20
144.9123323872164
 30
-0.000000000001819
 41
1.0
 10
728.4604088155374
 20
147.7738011372164
 30
-0.000000000001819
 41
1.0
 10
726.3536640238708
 20
149.7416396788831
 30
-0.000000000001819
 41
1.0
 10
723.2329036072042
 20
150.4778428038831
 30
-0.000000000001819
 41
1.0
  0
SPLINE
  5
4D8
330
70
100
AcDbEntity
  8
Visible
100
AcDbSpline
210
0.0
220
0.0
230
1.0
 70
    12
 71
     3
 72
     8
 73
     4
 74
     0
 42
0.000000001
 43
0.0000000001
 40
-1.0
 40
-1.0
 40
-1.0
 40
-1.0
 40
0.0
 40
0.0
 40
0.0
 40
0.0
 10
723.2329036072042
 20
150.4778428038831
 30
-0.000000000001819
 41
1.0
 10
722.3068619405367
 20
150.7000928038831
 30
-0.000000000001819
 41
1.0
 10
721.7280858988706
 20
150.7556553038831
 30
-0.000000000001819
 41
1.0
 10
720.4316275655383
 20
150.7556553038831
 30
-0.000000000001819
 41
1.0
  0
SPLINE
  5
4D9
330
70
100
AcDbEntity
  8
Visible
100
AcDbSpline
210
0.0
220
0.0
230
1.0
 70
    12
 71
     3
 72
     8
 73
     4
 74
     0
 42
0.000000001
 43
0.0000000001
 40
-1.0
 40
-1.0
 40
-1.0
 40
-1.0
 40
0.0
 40
0.0
 40
0.0
 40
0.0
 10
720.4316275655383
 20
150.7556553038831
 30
-0.000000000001819
 41
1.0
 10
719.1999921488713
 20
150.7602855122164
 30
-0.000000000001819
 41
1.0
 10
718.7416015238705
 20
150.7186136372164
 30
-0.000000000001819
 41
1.0
 10
717.8896431905378
 20
150.5472959288831
 30
-0.000000000001819
 41
1.0
  0
SPLINE
  5
4DA
330
70
100
AcDbEntity
  8
Visible
100
AcDbSpline
210
0.0
220
0.0
230
1.0
 70
    12
 71
     3
 72
     8
 73
     4
 74
     0
 42
0.000000001
 43
0.0000000001
 40
-1.0
 40
-1.0
 40
-1.0
 40
-1.0
 40
0.0
 40
0.0
 40
0.0
 40
0.0
 10
717.8896431905378
 20
150.5472959288831
 30
-0.000000000001819
 41
1.0
 10
715.6069504822044
 20
150.0842750955498
 30
-0.000000000001819
 41
1.0
 10
714.1530650655368
 20
148.8943115538831
 30
-0.000000000001819
 41
1.0
 10
713.7363463155379
 20
147.1394625955498
 30
-0.000000000001819
 41
1.0
  0
SPLINE
  5
4DB
330
70
100
AcDbEntity
  8
Visible
100
AcDbSpline
210
0.0
220
0.0
230
1.0
 70
    12
 71
     3
 72
     8
 73
     4
 74
     0
 42
0.000000001
 43
0.0000000001
 40
-1.0
 40
-1.0
 40
-1.0
 40
-1.0
 40
0.0
 40
0.0
 40
0.0
 40
0.0
 10
713.7363463155379
 20
147.1394625955498
 30
-0.000000000001819
 41
1.0
 10
713.6530025655375
 20
146.7921969705498
 30
-0.000000000001819
 41
1.0
 10
713.6437421488717
 20
146.6301396788831
 30
-0.000000000001819
 41
1.0
 10
713.6576327738712
 20
146.0374730122165
 30
-0.000000000001819
 41
1.0
  0
SPLINE
  5
4DC
330
70
100
AcDbEntity
  8
Visible
100
AcDbSpline
210
0.0
220
0.0
230
1.0
 70
    12
 71
     3
 72
     8
 73
     4
 74
     0
 42
0.000000001
 43
0.0000000001
 40
-1.0
 40
-1.0
 40
-1.0
 40
-1.0
 40
0.0
 40
0.0
 40
0.0
 40
0.0
 10
713.6576327738712
 20
146.0374730122165
 30
-0.000000000001819
 41
1.0
 10
713.6761536072044
 20
145.4216553038831
 30
-0.000000000001819
 41
1.0
 10
713.6946744405377
 20
145.2966396788831
 30
-0.000000000001819
 41
1.0
 10
713.8243202738704
 20
144.9123323872164
 30
-0.000000000001819
 41
1.0
  0
SPLINE
  5
4DD
330
70
100
AcDbEntity
  8
Visible
100
AcDbSpline
210
0.0
220
0.0
230
1.0
 70
    12
 71
     3
 72
     8
 73
     4
 74
     0
 42
0.000000001
 43
0.0000000001
 40
-1.0
 40
-1.0
 40
-1.0
 40
-1.0
 40
0.0
 40
0.0
 40
0.0
 40
0.0
 10
713.8243202738704
 20
144.9123323872164
 30
-0.000000000001819
 41
1.0
 10
714.0048983988708
 20
144.3520771788831
 30
-0.000000000001819
 41
1.0
 10
714.2780806905375
 20
143.9075771788831
 30
-0.000000000001819
 41
1.0
 10
714.6994296488701
 20
143.4630771788831
 30
-0.000000000001819
 41
1.0
  0
SPLINE
  5
4DE
330
70
100
AcDbEntity
  8
Visible
100
AcDbSpline
210
0.0
220
0.0
230
1.0
 70
    12
 71
     3
 72
     8
 73
     4
 74
     0
 42
0.000000001
 43
0.0000000001
 40
-1.0
 40
-1.0
 40
-1.0
 40
-1.0
 40
0.0
 40
0.0
 40
0.0
 40
0.0
 10
714.6994296488701
 20
143.4630771788831
 30
-0.000000000001819
 41
1.0
 10
715.3106171488707
 20
142.8241084288831
 30
-0.000000000001819
 41
1.0
 10
715.9958879822043
 20
142.4166500955498
 30
-0.000000000001819
 41
1.0
 10
717.3525390238701
 20
141.8795459288831
 30
-0.000000000001819
 41
1.0
  0
SPLINE
  5
4DF
330
70
100
AcDbEntity
  8
Visible
100
AcDbSpline
210
0.0
220
0.0
230
1.0
 70
    12
 71
     3
 72
     8
 73
     4
 74
     0
 42
0.000000001
 43
0.0000000001
 40
-1.0
 40
-1.0
 40
-1.0
 40
-1.0
 40
0.0
 40
0.0
 40
0.0
 40
0.0
 10
717.3525390238701
 20
141.8795459288831
 30
-0.000000000001819
 41
1.0
 10
719.1027577738714
 20
141.1896448872164
 30
-0.000000000001819
 41
1.0
 10
721.4456431905382
 20
140.5090042622165
 30
-0.000000000001819
 41
1.0
 10
724.4136067322052
 20
139.8329938455498
 30
-0.000000000001819
 41
1.0
  0
SPLINE
  5
4E0
330
70
100
AcDbEntity
  8
Visible
100
AcDbSpline
210
0.0
220
0.0
230
1.0
 70
    12
 71
     3
 72
     8
 73
     4
 74
     0
 42
0.000000001
 43
0.0000000001
 40
-1.0
 40
-1.0
 40
-1.0
 40
-1.0
 40
0.0
 40
0.0
 40
0.0
 40
0.0
 10
724.4136067322052
 20
139.8329938455498
 30
-0.000000000001819
 41
1.0
 10
728.2381588155385
 20
138.9625146788831
 30
-0.000000000001819
 41
1.0
 10
734.1324140238703
 20
137.1521032205498
 30
-0.000000000001819
 41
1.0
 10
736.6419869405381
 20
136.0778948872164
 30
-0.000000000001819
 41
1.0
  0
SPLINE
  5
4E1
330
70
100
AcDbEntity
  8
Visible
100
AcDbSpline
210
0.0
220
0.0
230
1.0
 70
    12
 71
     3
 72
     8
 73
     4
 74
     0
 42
0.000000001
 43
0.0000000001
 40
-1.0
 40
-1.0
 40
-1.0
 40
-1.0
 40
0.0
 40
0.0
 40
0.0
 40
0.0
 10
736.6419869405381
 20
136.0778948872164
 30
-0.000000000001819
 41
1.0
 10
738.8459661072047
 20
135.1379625955498
 30
-0.000000000001819
 41
1.0
 10
740.7119400655374
 20
133.8600250955498
 30
-0.000000000001819
 41
1.0
 10
742.5223515238704
 20
132.0542438455498
 30
-0.000000000001819
 41
1.0
  0
SPLINE
  5
4E2
330
70
100
AcDbEntity
  8
Visible
100
AcDbSpline
210
0.0
220
0.0
230
1.0
 70
    12
 71
     3
 72
     8
 73
     4
 74
     0
 42
0.000000001
 43
0.0000000001
 40
-1.0
 40
-1.0
 40
-1.0
 40
-1.0
 40
0.0
 40
0.0
 40
0.0
 40
0.0
 10
742.5223515238704
 20
132.0542438455498
 30
-0.000000000001819
 41
1.0
 10
744.3466536072046
 20
130.2299417622164
 30
-0.000000000001819
 41
1.0
 10
745.2541744405371
 20
128.8501396788831
 30
-0.000000000001819
 41
1.0
 10
745.9996379822041
 20
126.7526553038831
 30
-0.000000000001819
 41
1.0
  0
SPLINE
  5
4E3
330
70
100
AcDbEntity
  8
Visible
100
AcDbSpline
210
0.0
220
0.0
230
1.0
 70
    12
 71
     3
 72
     8
 73
     4
 74
     0
 42
0.000000001
 43
0.0000000001
 40
-1.0
 40
-1.0
 40
-1.0
 40
-1.0
 40
0.0
 40
0.0
 40
0.0
 40
0.0
 10
745.9996379822041
 20
126.7526553038831
 30
-0.000000000001819
 41
1.0
 10
746.8423358988712
 20
124.3773584288831
 30
-0.000000000001819
 41
1.0
 10
747.1618202738718
 20
121.2380771788831
 30
-0.000000000001819
 41
1.0
 10
746.8238150655379
 20
118.6359000955498
 30
-0.000000000001819
 41
1.0
  0
SPLINE
  5
4E4
330
70
100
AcDbEntity
  8
Visible
100
AcDbSpline
210
0.0
220
0.0
230
1.0
 70
    12
 71
     3
 72
     8
 73
     4
 74
     0
 42
0.000000001
 43
0.0000000001
 40
-1.0
 40
-1.0
 40
-1.0
 40
-1.0
 40
0.0
 40
0.0
 40
0.0
 40
0.0
 10
746.8238150655379
 20
118.6359000955498
 30
-0.000000000001819
 41
1.0
 10
746.170955690537
 20
113.6399053038831
 30
-0.000000000001819
 41
1.0
 10
743.2446640238704
 20
109.3986344705498
 30
-0.000000000001819
 41
1.0
 10
738.4709192322043
 20
106.5279053038831
 30
-0.000000000001819
 41
1.0
  0
SPLINE
  5
4E5
330
70
100
AcDbEntity
  8
Visible
100
AcDbSpline
210
0.0
220
0.0
230
1.0
 70
    12
 71
     3
 72
     8
 73
     4
 74
     0
 42
0.000000001
 43
0.0000000001
 40
-1.0
 40
-1.0
 40
-1.0
 40
-1.0
 40
0.0
 40
0.0
 40
0.0
 40
0.0
 10
738.4709192322043
 20
106.5279053038831
 30
-0.000000000001819
 41
1.0
 10
734.6509973572047
 20
104.2359521788831
 30
-0.000000000001819
 41
1.0
 10
730.085611940538
 20
102.9441240538831
 30
-0.000000000001819
 41
1.0
 10
724.6451171488716
 20
102.6292698872165
 30
-0.000000000001819
 41
1.0
  0
SPLINE
  5
4E6
330
70
100
AcDbEntity
  8
Visible
100
AcDbSpline
210
0.0
220
0.0
230
1.0
 70
    12
 71
     3
 72
     8
 73
     4
 74
     0
 42
0.000000001
 43
0.0000000001
 40
-1.0
 40
-1.0
 40
-1.0
 40
-1.0
 40
0.0
 40
0.0
 40
0.0
 40
0.0
 10
724.6451171488716
 20
102.6292698872165
 30
-0.000000000001819
 41
1.0
 10
723.6357317322036
 20
102.5690771788831
 30
-0.000000000001819
 41
1.0
 10
720.8992786072049
 20
102.5690771788831
 30
-0.000000000001819
 41
1.0
 10
719.8528515238704
 20
102.6292698872165
 30
-0.000000000001819
 41
1.0
  0
SPLINE
  5
4E7
330
70
100
AcDbEntity
  8
Visible
100
AcDbSpline
210
0.0
220
0.0
230
1.0
 70
    12
 71
     3
 72
     8
 73
     4
 74
     0
 42
0.000000001
 43
0.0000000001
 40
-1.0
 40
-1.0
 40
-1.0
 40
-1.0
 40
0.0
 40
0.0
 40
0.0
 40
0.0
 10
719.8528515238704
 20
102.6292698872165
 30
-0.000000000001819
 41
1.0
 10
715.3800702738717
 20
102.8793011372164
 30
-0.000000000001819
 41
1.0
 10
711.4212421488718
 20
103.7729313455498
 30
-0.000000000001819
 41
1.0
 10
707.9254348572049
 20
105.3194209288831
 30
-0.000000000001819
 41
1.0
  0
SPLINE
  5
4E8
330
70
100
AcDbEntity
  8
Visible
100
AcDbSpline
210
0.0
220
0.0
230
1.0
 70
    12
 71
     3
 72
     8
 73
     4
 74
     0
 42
0.000000001
 43
0.0000000001
 40
-1.0
 40
-1.0
 40
-1.0
 40
-1.0
 40
0.0
 40
0.0
 40
0.0
 40
0.0
 10
707.9254348572049
 20
105.3194209288831
 30
-0.000000000001819
 41
1.0
 10
703.2720754822039
 20
107.3706032205498
 30
-0.000000000001819
 41
1.0
 10
699.7577473572037
 20
110.2135511372164
 30
-0.000000000001819
 41
1.0
 10
697.3315181905381
 20
113.8806761372164
 30
-0.000000000001819
 41
1.0
  0
SPLINE
  5
4E9
330
70
100
AcDbEntity
  8
Visible
100
AcDbSpline
210
0.0
220
0.0
230
1.0
 70
    12
 71
     3
 72
     8
 73
     4
 74
     0
 42
0.000000001
 43
0.0000000001
 40
-1.0
 40
-1.0
 40
-1.0
 40
-1.0
 40
0.0
 40
0.0
 40
0.0
 40
0.0
 10
697.3315181905381
 20
113.8806761372164
 30
-0.000000000001819
 41
1.0
 10
696.7805233988711
 20
114.7094834288831
 30
-0.000000000001819
 41
1.0
 10
696.5536431905384
 20
115.1030511372165
 30
-0.000000000001819
 41
1.0
 10
696.1322942322039
 20
115.9457490538831
 30
-0.000000000001819
 41
1.0
  0
SPLINE
  5
4EA
330
70
100
AcDbEntity
  8
Visible
100
AcDbSpline
210
0.0
220
0.0
230
1.0
 70
    12
 71
     3
 72
     8
 73
     4
 74
     0
 42
0.000000001
 43
0.0000000001
 40
-1.0
 40
-1.0
 40
-1.0
 40
-1.0
 40
0.0
 40
0.0
 40
0.0
 40
0.0
 10
696.1322942322039
 20
115.9457490538831
 30
-0.000000000001819
 41
1.0
 10
695.0627161072043
 20
118.0849053038831
 30
-0.000000000001819
 41
1.0
 10
694.4098567322035
 20
120.3861188455498
 30
-0.000000000001819
 41
1.0
 10
694.178346315537
 20
122.8540198872164
 30
-0.000000000001819
 41
1.0
  0
LINE
  5
4EB
330
70
100
AcDbEntity
  8
Visible
100
AcDbLine
 10
694.178346
 20
122.85402
 30
0.0
 11
694.145935
 21
123.187395
 31
0.0
210
0.0
220
1.0
230
0.0
  0
LINE
  5
4EC
330
70
100
AcDbEntity
  8
Visible
100
AcDbLine
 10
694.145935
 20
123.187395
 30
0.0
 11
712.625096
 21
123.187395
 31
0.0
210
0.0
220
1.0
230
0.0
  0
LINE
  5
4ED
330
70
100
AcDbEntity
  8
Visible
100
AcDbLine
 10
712.625096
 20
123.187395
 30
0.0
 11
712.652878
 21
123.016077
 31
0.0
210
0.0
220
1.0
230
0.0
  0
SPLINE
  5
4EE
330
70
100
AcDbEntity
  8
Visible
100
AcDbSpline
210
0.0
220
0.0
230
1.0
 70
    12
 71
     3
 72
     8
 73
     4
 74
     0
 42
0.000000001
 43
0.0000000001
 40
-1.0
 40
-1.0
 40
-1.0
 40
-1.0
 40
0.0
 40
0.0
 40
0.0
 40
0.0
 10
712.6528775655369
 20
123.0160771788831
 30
-0.000000000001819
 41
1.0
 10
712.9862525655371
 20
120.9556344705498
 30
-0.000000000001819
 41
1.0
 10
713.7733879822044
 20
119.5712021788831
 30
-0.000000000001819
 41
1.0
 10
715.3198775655383
 20
118.3256761372164
 30
-0.000000000001819
 41
1.0
  0
SPLINE
  5
4EF
330
70
100
AcDbEntity
  8
Visible
100
AcDbSpline
210
0.0
220
0.0
230
1.0
 70
    12
 71
     3
 72
     8
 73
     4
 74
     0
 42
0.000000001
 43
0.0000000001
 40
-1.0
 40
-1.0
 40
-1.0
 40
-1.0
 40
0.0
 40
0.0
 40
0.0
 40
0.0
 10
715.3198775655383
 20
118.3256761372164
 30
-0.000000000001819
 41
1.0
 10
716.7043098572048
 20
117.2144261372164
 30
-0.000000000001819
 41
1.0
 10
718.3665546488718
 20
116.5384157205498
 30
-0.000000000001819
 41
1.0
 10
720.4084765238713
 20
116.2606032205498
 30
-0.000000000001819
 41
1.0
  0
SPLINE
  5
4F0
330
70
100
AcDbEntity
  8
Visible
100
AcDbSpline
210
0.0
220
0.0
230
1.0
 70
    12
 71
     3
 72
     8
 73
     4
 74
     0
 42
0.000000001
 43
0.0000000001
 40
-1.0
 40
-1.0
 40
-1.0
 40
-1.0
 40
0.0
 40
0.0
 40
0.0
 40
0.0
 10
720.4084765238713
 20
116.2606032205498
 30
-0.000000000001819
 41
1.0
 10
721.1076379822043
 20
116.1633688455498
 30
-0.000000000001819
 41
1.0
 10
722.8671171488713
 20
116.1541084288831
 30
-0.000000000001819
 41
1.0
 10
723.6033202738708
 20
116.2374521788831
 30
-0.000000000001819
 41
1.0
  0
SPLINE
  5
4F1
330
70
100
AcDbEntity
  8
Visible
100
AcDbSpline
210
0.0
220
0.0
230
1.0
 70
    12
 71
     3
 72
     8
 73
     4
 74
     0
 42
0.000000001
 43
0.0000000001
 40
-1.0
 40
-1.0
 40
-1.0
 40
-1.0
 40
0.0
 40
0.0
 40
0.0
 40
0.0
 10
723.6033202738708
 20
116.2374521788831
 30
-0.000000000001819
 41
1.0
 10
725.696174440538
 20
116.4782230122164
 30
-0.000000000001819
 41
1.0
 10
727.1824713155383
 20
117.1125615538831
 30
-0.000000000001819
 41
1.0
 10
728.2196379822035
 20
118.2052907205498
 30
-0.000000000001819
 41
1.0
  0
SPLINE
  5
4F2
330
70
100
AcDbEntity
  8
Visible
100
AcDbSpline
210
0.0
220
0.0
230
1.0
 70
    12
 71
     3
 72
     8
 73
     4
 74
     0
 42
0.000000001
 43
0.0000000001
 40
-1.0
 40
-1.0
 40
-1.0
 40
-1.0
 40
0.0
 40
0.0
 40
0.0
 40
0.0
 10
728.2196379822035
 20
118.2052907205498
 30
-0.000000000001819
 41
1.0
 10
728.6502473572036
 20
118.6590511372164
 30
-0.000000000001819
 41
1.0
 10
728.8678671488705
 20
118.9785355122164
 30
-0.000000000001819
 41
1.0
 10
729.048445273871
 20
119.4276657205498
 30
-0.000000000001819
 41
1.0
  0
SPLINE
  5
4F3
330
70
100
AcDbEntity
  8
Visible
100
AcDbSpline
210
0.0
220
0.0
230
1.0
 70
    12
 71
     3
 72
     8
 73
     4
 74
     0
 42
0.000000001
 43
0.0000000001
 40
-1.0
 40
-1.0
 40
-1.0
 40
-1.0
 40
0.0
 40
0.0
 40
0.0
 40
0.0
 10
729.048445273871
 20
119.4276657205498
 30
-0.000000000001819
 41
1.0
 10
729.2845858988712
 20
120.0110719705498
 30
-0.000000000001819
 41
1.0
 10
729.3216275655376
 20
120.2472125955498
 30
-0.000000000001819
 41
1.0
 10
729.3169973572039
 20
121.0574990538831
 30
-0.000000000001819
 41
1.0
  0
SPLINE
  5
4F4
330
70
100
AcDbEntity
  8
Visible
100
AcDbSpline
210
0.0
220
0.0
230
1.0
 70
    12
 71
     3
 72
     8
 73
     4
 74
     0
 42
0.000000001
 43
0.0000000001
 40
-1.0
 40
-1.0
 40
-1.0
 40
-1.0
 40
0.0
 40
0.0
 40
0.0
 40
0.0
 10
729.3169973572039
 20
121.0574990538831
 30
-0.000000000001819
 41
1.0
 10
729.3169973572039
 20
121.7890719705498
 30
-0.000000000001819
 41
1.0
 10
729.3123671488701
 20
121.8400042622164
 30
-0.000000000001819
 41
1.0
 10
729.1688306905379
 20
122.2613532205498
 30
-0.000000000001819
 41
1.0
  0
SPLINE
  5
4F5
330
70
100
AcDbEntity
  8
Visible
100
AcDbSpline
210
0.0
220
0.0
230
1.0
 70
    12
 71
     3
 72
     8
 73
     4
 74
     0
 42
0.000000001
 43
0.0000000001
 40
-1.0
 40
-1.0
 40
-1.0
 40
-1.0
 40
0.0
 40
0.0
 40
0.0
 40
0.0
 10
729.1688306905379
 20
122.2613532205498
 30
-0.000000000001819
 41
1.0
 10
729.0901171488712
 20
122.5021240538831
 30
-0.000000000001819
 41
1.0
 10
728.9465806905373
 20
122.8354990538831
 30
-0.000000000001819
 41
1.0
 10
728.8493463155373
 20
122.9975563455498
 30
-0.000000000001819
 41
1.0
  0
SPLINE
  5
4F6
330
70
100
AcDbEntity
  8
Visible
100
AcDbSpline
210
0.0
220
0.0
230
1.0
 70
    12
 71
     3
 72
     8
 73
     4
 74
     0
 42
0.000000001
 43
0.0000000001
 40
-1.0
 40
-1.0
 40
-1.0
 40
-1.0
 40
0.0
 40
0.0
 40
0.0
 40
0.0
 10
728.8493463155373
 20
122.9975563455498
 30
-0.000000000001819
 41
1.0
 10
728.4742994405369
 20
123.6272646788831
 30
-0.000000000001819
 41
1.0
 10
727.7519869405368
 20
124.2708636372165
 30
-0.000000000001819
 41
1.0
 10
726.9555911072038
 20
124.6783219705498
 30
-0.000000000001819
 41
1.0
  0
SPLINE
  5
4F7
330
70
100
AcDbEntity
  8
Visible
100
AcDbSpline
210
0.0
220
0.0
230
1.0
 70
    12
 71
     3
 72
     8
 73
     4
 74
     0
 42
0.000000001
 43
0.0000000001
 40
-1.0
 40
-1.0
 40
-1.0
 40
-1.0
 40
0.0
 40
0.0
 40
0.0
 40
0.0
 10
726.9555911072038
 20
124.6783219705498
 30
-0.000000000001819
 41
1.0
 10
725.4646640238716
 20
125.4423063455498
 30
-0.000000000001819
 41
1.0
 10
722.2327786072037
 20
126.4748428038831
 30
-0.000000000001819
 41
1.0
 10
718.2785806905376
 20
127.4518167622164
 30
-0.000000000001819
 41
1.0
  0
SPLINE
  5
4F8
330
70
100
AcDbEntity
  8
Visible
100
AcDbSpline
210
0.0
220
0.0
230
1.0
 70
    12
 71
     3
 72
     8
 73
     4
 74
     0
 42
0.000000001
 43
0.0000000001
 40
-1.0
 40
-1.0
 40
-1.0
 40
-1.0
 40
0.0
 40
0.0
 40
0.0
 40
0.0
 10
718.2785806905376
 20
127.4518167622164
 30
-0.000000000001819
 41
1.0
 10
714.6855390238706
 20
128.3408167622165
 30
-0.000000000001819
 41
1.0
 10
714.3104921488702
 20
128.4334209288831
 30
-0.000000000001819
 41
1.0
 10
713.1622004822038
 20
128.7482750955498
 30
-0.000000000001819
 41
1.0
  0
SPLINE
  5
4F9
330
70
100
AcDbEntity
  8
Visible
100
AcDbSpline
210
0.0
220
0.0
230
1.0
 70
    12
 71
     3
 72
     8
 73
     4
 74
     0
 42
0.000000001
 43
0.0000000001
 40
-1.0
 40
-1.0
 40
-1.0
 40
-1.0
 40
0.0
 40
0.0
 40
0.0
 40
0.0
 10
713.1622004822038
 20
128.7482750955498
 30
-0.000000000001819
 41
1.0
 10
709.7173254822045
 20
129.6882073872164
 30
-0.000000000001819
 41
1.0
 10
706.7308411072044
 20
130.7161136372164
 30
-0.000000000001819
 41
1.0
 10
705.1287890238709
 20
131.5217698872164
 30
-0.000000000001819
 41
1.0
  0
SPLINE
  5
4FA
330
70
100
AcDbEntity
  8
Visible
100
AcDbSpline
210
0.0
220
0.0
230
1.0
 70
    12
 71
     3
 72
     8
 73
     4
 74
     0
 42
0.000000001
 43
0.0000000001
 40
-1.0
 40
-1.0
 40
-1.0
 40
-1.0
 40
0.0
 40
0.0
 40
0.0
 40
0.0
 10
705.1287890238709
 20
131.5217698872164
 30
-0.000000000001819
 41
1.0
 10
704.017539023871
 20
132.0773948872165
 30
-0.000000000001819
 41
1.0
 10
702.7025598572036
 20
132.9247230122164
 30
-0.000000000001819
 41
1.0
 10
701.7024348572049
 20
133.7257490538831
 30
-0.000000000001819
 41
1.0
  0
SPLINE
  5
4FB
330
70
100
AcDbEntity
  8
Visible
100
AcDbSpline
210
0.0
220
0.0
230
1.0
 70
    12
 71
     3
 72
     8
 73
     4
 74
     0
 42
0.000000001
 43
0.0000000001
 40
-1.0
 40
-1.0
 40
-1.0
 40
-1.0
 40
0.0
 40
0.0
 40
0.0
 40
0.0
 10
701.7024348572049
 20
133.7257490538831
 30
-0.000000000001819
 41
1.0
 10
700.9523411072041
 20
134.3276761372164
 30
-0.000000000001819
 41
1.0
 10
699.554018190538
 20
135.7074782205498
 30
-0.000000000001819
 41
1.0
 10
699.0169140238704
 20
136.3834886372165
 30
-0.000000000001819
 41
1.0
  0
SPLINE
  5
4FC
330
70
100
AcDbEntity
  8
Visible
100
AcDbSpline
210
0.0
220
0.0
230
1.0
 70
    12
 71
     3
 72
     8
 73
     4
 74
     0
 42
0.000000001
 43
0.0000000001
 40
-1.0
 40
-1.0
 40
-1.0
 40
-1.0
 40
0.0
 40
0.0
 40
0.0
 40
0.0
 10
699.0169140238704
 20
136.3834886372165
 30
-0.000000000001819
 41
1.0
 10
697.3778202738704
 20
138.4393011372165
 30
-0.000000000001819
 41
1.0
 10
696.4471483988709
 20
140.9535042622165
 30
-0.000000000001819
 41
1.0
 10
696.1971171488713
 20
144.0372230122164
 30
-0.000000000001819
 41
1.0
  0
SPLINE
  5
4FD
330
70
100
AcDbEntity
  8
Visible
100
AcDbSpline
210
0.0
220
0.0
230
1.0
 70
    12
 71
     3
 72
     8
 73
     4
 74
     0
 42
0.000000001
 43
0.0000000001
 40
-1.0
 40
-1.0
 40
-1.0
 40
-1.0
 40
0.0
 40
0.0
 40
0.0
 40
0.0
 10
696.1971171488713
 20
144.0372230122164
 30
-0.000000000001819
 41
1.0
 10
696.1322942322039
 20
144.8012073872164
 30
-0.000000000001819
 41
1.0
 10
696.1322942322039
 20
146.8107178038831
 30
-0.000000000001819
 41
1.0
 10
696.1971171488713
 20
147.4959886372164
 30
-0.000000000001819
 41
1.0
  0
SPLINE
  5
4FE
330
70
100
AcDbEntity
  8
Visible
100
AcDbSpline
210
0.0
220
0.0
230
1.0
 70
    12
 71
     3
 72
     8
 73
     4
 74
     0
 42
0.000000001
 43
0.0000000001
 40
-1.0
 40
-1.0
 40
-1.0
 40
-1.0
 40
0.0
 40
0.0
 40
0.0
 40
0.0
 10
696.1971171488713
 20
147.4959886372164
 30
-0.000000000001819
 41
1.0
 10
696.6508775655384
 20
152.4317907205498
 30
-0.000000000001819
 41
1.0
 10
699.3641796488718
 20
156.9277230122164
 30
-0.000000000001819
 41
1.0
 10
703.6471223572043
 20
159.8540146788831
 30
-0.000000000001819
 41
1.0
  0
SPLINE
  5
4FF
330
70
100
AcDbEntity
  8
Visible
100
AcDbSpline
210
0.0
220
0.0
230
1.0
 70
    12
 71
     3
 72
     8
 73
     4
 74
     0
 42
0.000000001
 43
0.0000000001
 40
-1.0
 40
-1.0
 40
-1.0
 40
-1.0
 40
0.0
 40
0.0
 40
0.0
 40
0.0
 10
703.6471223572043
 20
159.8540146788831
 30
-0.000000000001819
 41
1.0
 10
705.3973411072038
 20
161.0486084288831
 30
-0.000000000001819
 41
1.0
 10
707.6152108988717
 20
162.1413375955498
 30
-0.000000000001819
 41
1.0
 10
709.7219556905383
 20
162.8404990538831
 30
-0.000000000001819
 41
1.0
  0
LINE
  5
500
330
70
100
AcDbEntity
  8
Visible
100
AcDbLine
 10
696.604575
 20
179.351822
 30
0.0
 11
692.858737
 21
179.351822
 31
0.0
210
0.0
220
1.0
230
0.0
  0
LINE
  5
501
330
70
100
AcDbEntity
  8
Visible
100
AcDbLine
 10
692.858737
 20
179.351822
 30
0.0
 11
692.858737
 21
199.215416
 31
0.0
210
0.0
220
1.0
230
0.0
  0
LINE
  5
502
330
70
100
AcDbEntity
  8
Visible
100
AcDbLine
 10
692.858737
 20
199.215416
 30
0.0
 11
696.609206
 21
199.215416
 31
0.0
210
0.0
220
1.0
230
0.0
  0
LINE
  5
503
330
70
100
AcDbEntity
  8
Visible
100
AcDbLine
 10
696.609206
 20
199.215416
 30
0.0
 11
696.609206
 21
192.41364
 31
0.0
210
0.0
220
1.0
230
0.0
  0
LINE
  5
504
330
70
100
AcDbEntity
  8
Visible
100
AcDbLine
 10
696.609206
 20
192.41364
 30
0.0
 11
697.016664
 21
192.821098
 31
0.0
210
0.0
220
1.0
230
0.0
  0
SPLINE
  5
505
330
70
100
AcDbEntity
  8
Visible
100
AcDbSpline
210
0.0
220
0.0
230
1.0
 70
    12
 71
     3
 72
     8
 73
     4
 74
     0
 42
0.000000001
 43
0.0000000001
 40
-1.0
 40
-1.0
 40
-1.0
 40
-1.0
 40
0.0
 40
0.0
 40
0.0
 40
0.0
 10
697.0166640238712
 20
192.8210980122165
 30
-0.000000000001819
 41
1.0
 10
697.2389140238702
 20
193.0433480122165
 30
-0.000000000001819
 41
1.0
 10
697.5445077738713
 20
193.3119000955498
 30
-0.000000000001819
 41
1.0
 10
697.697304648871
 20
193.4137646788831
 30
-0.000000000001819
 41
1.0
  0
SPLINE
  5
506
330
70
100
AcDbEntity
  8
Visible
100
AcDbSpline
210
0.0
220
0.0
230
1.0
 70
    12
 71
     3
 72
     8
 73
     4
 74
     0
 42
0.000000001
 43
0.0000000001
 40
-1.0
 40
-1.0
 40
-1.0
 40
-1.0
 40
0.0
 40
0.0
 40
0.0
 40
0.0
 10
697.697304648871
 20
193.4137646788831
 30
-0.000000000001819
 41
1.0
 10
698.3409036072043
 20
193.8443740538831
 30
-0.000000000001819
 41
1.0
 10
699.2299036072036
 20
194.1916396788831
 30
-0.000000000001819
 41
1.0
 10
700.0309296488703
 20
194.3259157205498
 30
-0.000000000001819
 41
1.0
  0
SPLINE
  5
507
330
70
100
AcDbEntity
  8
Visible
100
AcDbSpline
210
0.0
220
0.0
230
1.0
 70
    12
 71
     3
 72
     8
 73
     4
 74
     0
 42
0.000000001
 43
0.0000000001
 40
-1.0
 40
-1.0
 40
-1.0
 40
-1.0
 40
0.0
 40
0.0
 40
0.0
 40
0.0
 10
700.0309296488703
 20
194.3259157205498
 30
-0.000000000001819
 41
1.0
 10
700.6004452738707
 20
194.4231500955498
 30
-0.000000000001819
 41
1.0
 10
701.8274504822038
 20
194.4231500955498
 30
-0.000000000001819
 41
1.0
 10
702.3645546488714
 20
194.3305459288831
 30
-0.000000000001819
 41
1.0
  0
SPLINE
  5
508
330
70
100
AcDbEntity
  8
Visible
100
AcDbSpline
210
0.0
220
0.0
230
1.0
 70
    12
 71
     3
 72
     8
 73
     4
 74
     0
 42
0.000000001
 43
0.0000000001
 40
-1.0
 40
-1.0
 40
-1.0
 40
-1.0
 40
0.0
 40
0.0
 40
0.0
 40
0.0
 10
702.3645546488714
 20
194.3305459288831
 30
-0.000000000001819
 41
1.0
 10
704.1332942322042
 20
194.0249521788831
 30
-0.000000000001819
 41
1.0
 10
705.513096315537
 20
193.0248271788831
 30
-0.000000000001819
 41
1.0
 10
706.2724504822035
 20
191.5061188455498
 30
-0.000000000001819
 41
1.0
  0
SPLINE
  5
509
330
70
100
AcDbEntity
  8
Visible
100
AcDbSpline
210
0.0
220
0.0
230
1.0
 70
    12
 71
     3
 72
     8
 73
     4
 74
     0
 42
0.000000001
 43
0.0000000001
 40
-1.0
 40
-1.0
 40
-1.0
 40
-1.0
 40
0.0
 40
0.0
 40
0.0
 40
0.0
 10
706.2724504822035
 20
191.5061188455498
 30
-0.000000000001819
 41
1.0
 10
706.6752786072047
 20
190.7050928038831
 30
-0.000000000001819
 41
1.0
 10
706.8928983988716
 20
189.8762855122164
 30
-0.000000000001819
 41
1.0
 10
706.9808723572041
 20
188.8252282205498
 30
-0.000000000001819
 41
1.0
  0
SPLINE
  5
50A
330
70
100
AcDbEntity
  8
Visible
100
AcDbSpline
210
0.0
220
0.0
230
1.0
 70
    12
 71
     3
 72
     8
 73
     4
 74
     0
 42
0.000000001
 43
0.0000000001
 40
-1.0
 40
-1.0
 40
-1.0
 40
-1.0
 40
0.0
 40
0.0
 40
0.0
 40
0.0
 10
706.9808723572041
 20
188.8252282205498
 30
-0.000000000001819
 41
1.0
 10
707.0086536072048
 20
188.4687021788831
 30
-0.000000000001819
 41
1.0
 10
707.0271744405381
 20
186.4499313455498
 30
-0.000000000001819
 41
1.0
 10
707.0271744405381
 20
183.7921917622164
 30
-0.000000000001819
 41
1.0
  0
LINE
  5
50B
330
70
100
AcDbEntity
  8
Visible
100
AcDbLine
 10
707.027174
 20
183.792192
 30
0.0
 11
707.027174
 21
179.351822
 31
0.0
210
0.0
220
1.0
230
0.0
  0
LINE
  5
50C
330
70
100
AcDbEntity
  8
Visible
100
AcDbLine
 10
707.027174
 20
179.351822
 30
0.0
 11
703.281336
 21
179.351822
 31
0.0
210
0.0
220
1.0
230
0.0
  0
LINE
  5
50D
330
70
100
AcDbEntity
  8
Visible
100
AcDbLine
 10
703.281336
 20
179.351822
 30
0.0
 11
703.262815
 21
183.787562
 31
0.0
210
0.0
220
1.0
230
0.0
  0
SPLINE
  5
50E
330
70
100
AcDbEntity
  8
Visible
100
AcDbSpline
210
0.0
220
0.0
230
1.0
 70
    12
 71
     3
 72
     8
 73
     4
 74
     0
 42
0.000000001
 43
0.0000000001
 40
-1.0
 40
-1.0
 40
-1.0
 40
-1.0
 40
0.0
 40
0.0
 40
0.0
 40
0.0
 10
703.2628150655382
 20
183.7875615538831
 30
-0.000000000001819
 41
1.0
 10
703.244294232205
 20
188.0566136372164
 30
-0.000000000001819
 41
1.0
 10
703.244294232205
 20
188.2325615538831
 30
-0.000000000001819
 41
1.0
 10
703.1516900655369
 20
188.6353896788831
 30
-0.000000000001819
 41
1.0
  0
SPLINE
  5
50F
330
70
100
AcDbEntity
  8
Visible
100
AcDbSpline
210
0.0
220
0.0
230
1.0
 70
    12
 71
     3
 72
     8
 73
     4
 74
     0
 42
0.000000001
 43
0.0000000001
 40
-1.0
 40
-1.0
 40
-1.0
 40
-1.0
 40
0.0
 40
0.0
 40
0.0
 40
0.0
 10
703.1516900655369
 20
188.6353896788831
 30
-0.000000000001819
 41
1.0
 10
702.9711119405383
 20
189.4271553038831
 30
-0.000000000001819
 41
1.0
 10
702.7210806905368
 20
189.9086969705498
 30
-0.000000000001819
 41
1.0
 10
702.258059857204
 20
190.3624573872165
 30
-0.000000000001819
 41
1.0
  0
SPLINE
  5
510
330
70
100
AcDbEntity
  8
Visible
100
AcDbSpline
210
0.0
220
0.0
230
1.0
 70
    12
 71
     3
 72
     8
 73
     4
 74
     0
 42
0.000000001
 43
0.0000000001
 40
-1.0
 40
-1.0
 40
-1.0
 40
-1.0
 40
0.0
 40
0.0
 40
0.0
 40
0.0
 10
702.258059857204
 20
190.3624573872165
 30
-0.000000000001819
 41
1.0
 10
701.9432056905371
 20
190.6726813455498
 30
-0.000000000001819
 41
1.0
 10
701.5913098572037
 20
190.8856709288831
 30
-0.000000000001819
 41
1.0
 10
701.123658815537
 20
191.0523584288831
 30
-0.000000000001819
 41
1.0
  0
SPLINE
  5
511
330
70
100
AcDbEntity
  8
Visible
100
AcDbSpline
210
0.0
220
0.0
230
1.0
 70
    12
 71
     3
 72
     8
 73
     4
 74
     0
 42
0.000000001
 43
0.0000000001
 40
-1.0
 40
-1.0
 40
-1.0
 40
-1.0
 40
0.0
 40
0.0
 40
0.0
 40
0.0
 10
701.123658815537
 20
191.0523584288831
 30
-0.000000000001819
 41
1.0
 10
700.7763931905373
 20
191.1727438455498
 30
-0.000000000001819
 41
1.0
 10
700.7069400655382
 20
191.1820042622164
 30
-0.000000000001819
 41
1.0
 10
699.9661067322049
 20
191.1820042622164
 30
-0.000000000001819
 41
1.0
  0
SPLINE
  5
512
330
70
100
AcDbEntity
  8
Visible
100
AcDbSpline
210
0.0
220
0.0
230
1.0
 70
    12
 71
     3
 72
     8
 73
     4
 74
     0
 42
0.000000001
 43
0.0000000001
 40
-1.0
 40
-1.0
 40
-1.0
 40
-1.0
 40
0.0
 40
0.0
 40
0.0
 40
0.0
 10
699.9661067322049
 20
191.1820042622164
 30
-0.000000000001819
 41
1.0
 10
699.2715754822038
 20
191.1820042622164
 30
-0.000000000001819
 41
1.0
 10
699.1372994405374
 20
191.1681136372164
 30
-0.000000000001819
 41
1.0
 10
698.831705690538
 20
191.0755094705498
 30
-0.000000000001819
 41
1.0
  0
SPLINE
  5
513
330
70
100
AcDbEntity
  8
Visible
100
AcDbSpline
210
0.0
220
0.0
230
1.0
 70
    12
 71
     3
 72
     8
 73
     4
 74
     0
 42
0.000000001
 43
0.0000000001
 40
-1.0
 40
-1.0
 40
-1.0
 40
-1.0
 40
0.0
 40
0.0
 40
0.0
 40
0.0
 10
698.831705690538
 20
191.0755094705498
 30
-0.000000000001819
 41
1.0
 10
697.771387982204
 20
190.7421344705498
 30
-0.000000000001819
 41
1.0
 10
697.0583358988715
 20
189.9781500955498
 30
-0.000000000001819
 41
1.0
 10
696.7388515238708
 20
188.8205980122164
 30
-0.000000000001819
 41
1.0
  0
SPLINE
  5
514
330
70
100
AcDbEntity
  8
Visible
100
AcDbSpline
210
0.0
220
0.0
230
1.0
 70
    12
 71
     3
 72
     8
 73
     4
 74
     0
 42
0.000000001
 43
0.0000000001
 40
-1.0
 40
-1.0
 40
-1.0
 40
-1.0
 40
0.0
 40
0.0
 40
0.0
 40
0.0
 10
696.7388515238708
 20
188.8205980122164
 30
-0.000000000001819
 41
1.0
 10
696.6323567322051
 20
188.4501813455498
 30
-0.000000000001819
 41
1.0
 10
696.6323567322051
 20
188.4455511372164
 30
-0.000000000001819
 41
1.0
 10
696.6184661072039
 20
183.9033167622164
 30
-0.000000000001819
 41
1.0
  0
LINE
  5
515
330
70
100
AcDbEntity
  8
Visible
100
AcDbLine
 10
696.618466
 20
183.903317
 30
0.0
 11
696.604575
 21
179.351822
 31
0.0
210
0.0
220
1.0
230
0.0
  0
SPLINE
  5
516
330
70
100
AcDbEntity
  8
Visible
100
AcDbSpline
210
0.0
220
0.0
230
1.0
 70
    12
 71
     3
 72
     8
 73
     4
 74
     0
 42
0.000000001
 43
0.0000000001
 40
-1.0
 40
-1.0
 40
-1.0
 40
-1.0
 40
0.0
 40
0.0
 40
0.0
 40
0.0
 10
634.0087890238701
 20
194.3536969705498
 30
-0.000000000001819
 41
1.0
 10
634.1986275655381
 20
194.3814782205498
 30
-0.000000000001819
 41
1.0
 10
634.3884661072043
 20
194.4138896788831
 30
-0.000000000001819
 41
1.0
 10
634.4255077738708
 20
194.4231500955498
 30
-0.000000000001819
 41
1.0
  0
SPLINE
  5
517
330
70
100
AcDbEntity
  8
Visible
100
AcDbSpline
210
0.0
220
0.0
230
1.0
 70
    12
 71
     3
 72
     8
 73
     4
 74
     0
 42
0.000000001
 43
0.0000000001
 40
-1.0
 40
-1.0
 40
-1.0
 40
-1.0
 40
0.0
 40
0.0
 40
0.0
 40
0.0
 10
634.4255077738708
 20
194.4231500955498
 30
-0.000000000001819
 41
1.0
 10
634.6662786072047
 20
194.4694521788831
 30
-0.000000000001819
 41
1.0
 10
636.0321900655381
 20
194.4370407205498
 30
-0.000000000001819
 41
1.0
 10
636.4164973572042
 20
194.3768480122164
 30
-0.000000000001819
 41
1.0
  0
SPLINE
  5
518
330
70
100
AcDbEntity
  8
Visible
100
AcDbSpline
210
0.0
220
0.0
230
1.0
 70
    12
 71
     3
 72
     8
 73
     4
 74
     0
 42
0.000000001
 43
0.0000000001
 40
-1.0
 40
-1.0
 40
-1.0
 40
-1.0
 40
0.0
 40
0.0
 40
0.0
 40
0.0
 10
636.4164973572042
 20
194.3768480122164
 30
-0.000000000001819
 41
1.0
 10
637.2128931905372
 20
194.2472021788831
 30
-0.000000000001819
 41
1.0
 10
638.1852369405369
 20
193.8628948872164
 30
-0.000000000001819
 41
1.0
 10
638.8427265238715
 20
193.4137646788831
 30
-0.000000000001819
 41
1.0
  0
SPLINE
  5
519
330
70
100
AcDbEntity
  8
Visible
100
AcDbSpline
210
0.0
220
0.0
230
1.0
 70
    12
 71
     3
 72
     8
 73
     4
 74
     0
 42
0.000000001
 43
0.0000000001
 40
-1.0
 40
-1.0
 40
-1.0
 40
-1.0
 40
0.0
 40
0.0
 40
0.0
 40
0.0
 10
638.8427265238715
 20
193.4137646788831
 30
-0.000000000001819
 41
1.0
 10
639.1622108988704
 20
193.1961448872164
 30
-0.000000000001819
 41
1.0
 10
639.7409869405382
 20
192.6590407205498
 30
-0.000000000001819
 41
1.0
 10
639.9910181905379
 20
192.3488167622164
 30
-0.000000000001819
 41
1.0
  0
LINE
  5
51A
330
70
100
AcDbEntity
  8
Visible
100
AcDbLine
 10
639.991018
 20
192.348817
 30
0.0
 11
640.166966
 21
192.121937
 31
0.0
210
0.0
220
1.0
230
0.0
  0
LINE
  5
51B
330
70
100
AcDbEntity
  8
Visible
100
AcDbLine
 10
640.166966
 20
192.121937
 30
0.0
 11
640.166966
 21
194.214791
 31
0.0
210
0.0
220
1.0
230
0.0
  0
LINE
  5
51C
330
70
100
AcDbEntity
  8
Visible
100
AcDbLine
 10
640.166966
 20
194.214791
 30
0.0
 11
643.963737
 21
194.214791
 31
0.0
210
0.0
220
1.0
230
0.0
  0
LINE
  5
51D
330
70
100
AcDbEntity
  8
Visible
100
AcDbLine
 10
643.963737
 20
194.214791
 30
0.0
 11
643.954477
 21
186.148968
 31
0.0
210
0.0
220
1.0
230
0.0
  0
LINE
  5
51E
330
70
100
AcDbEntity
  8
Visible
100
AcDbLine
 10
643.954477
 20
186.148968
 30
0.0
 11
643.940586
 21
178.078515
 31
0.0
210
0.0
220
1.0
230
0.0
  0
LINE
  5
51F
330
70
100
AcDbEntity
  8
Visible
100
AcDbLine
 10
643.940586
 20
178.078515
 30
0.0
 11
643.834091
 21
177.573822
 31
0.0
210
0.0
220
1.0
230
0.0
  0
SPLINE
  5
520
330
70
100
AcDbEntity
  8
Visible
100
AcDbSpline
210
0.0
220
0.0
230
1.0
 70
    12
 71
     3
 72
     8
 73
     4
 74
     0
 42
0.000000001
 43
0.0000000001
 40
-1.0
 40
-1.0
 40
-1.0
 40
-1.0
 40
0.0
 40
0.0
 40
0.0
 40
0.0
 10
643.8340911072046
 20
177.5738219705498
 30
-0.000000000001819
 41
1.0
 10
643.3479192322047
 20
175.2818688455498
 30
-0.000000000001819
 41
1.0
 10
642.181106732205
 20
173.7075980122164
 30
-0.000000000001819
 41
1.0
 10
640.2827213155378
 20
172.7769261372165
 30
-0.000000000001819
 41
1.0
  0
SPLINE
  5
521
330
70
100
AcDbEntity
  8
Visible
100
AcDbSpline
210
0.0
220
0.0
230
1.0
 70
    12
 71
     3
 72
     8
 73
     4
 74
     0
 42
0.000000001
 43
0.0000000001
 40
-1.0
 40
-1.0
 40
-1.0
 40
-1.0
 40
0.0
 40
0.0
 40
0.0
 40
0.0
 10
640.2827213155378
 20
172.7769261372165
 30
-0.000000000001819
 41
1.0
 10
639.0649765238704
 20
172.1796292622164
 30
-0.000000000001819
 41
1.0
 10
637.5694192322043
 20
171.9295980122165
 30
-0.000000000001819
 41
1.0
 10
635.8793931905384
 20
172.0360928038831
 30
-0.000000000001819
 41
1.0
  0
SPLINE
  5
522
330
70
100
AcDbEntity
  8
Visible
100
AcDbSpline
210
0.0
220
0.0
230
1.0
 70
    12
 71
     3
 72
     8
 73
     4
 74
     0
 42
0.000000001
 43
0.0000000001
 40
-1.0
 40
-1.0
 40
-1.0
 40
-1.0
 40
0.0
 40
0.0
 40
0.0
 40
0.0
 10
635.8793931905384
 20
172.0360928038831
 30
-0.000000000001819
 41
1.0
 10
633.7772786072036
 20
172.1703688455498
 30
-0.000000000001819
 41
1.0
 10
632.2261588155379
 20
172.7491448872164
 30
-0.000000000001819
 41
1.0
 10
630.9019192322048
 20
173.8928063455498
 30
-0.000000000001819
 41
1.0
  0
SPLINE
  5
523
330
70
100
AcDbEntity
  8
Visible
100
AcDbSpline
210
0.0
220
0.0
230
1.0
 70
    12
 71
     3
 72
     8
 73
     4
 74
     0
 42
0.000000001
 43
0.0000000001
 40
-1.0
 40
-1.0
 40
-1.0
 40
-1.0
 40
0.0
 40
0.0
 40
0.0
 40
0.0
 10
630.9019192322048
 20
173.8928063455498
 30
-0.000000000001819
 41
1.0
 10
630.0082890238718
 20
174.6660511372164
 30
-0.000000000001819
 41
1.0
 10
629.281346315538
 20
176.0458532205498
 30
-0.000000000001819
 41
1.0
 10
629.1655911072048
 20
177.2034053038831
 30
-0.000000000001819
 41
1.0
  0
LINE
  5
524
330
70
100
AcDbEntity
  8
Visible
100
AcDbLine
 10
629.165591
 20
177.203405
 30
0.0
 11
629.13318
 21
177.499739
 31
0.0
210
0.0
220
1.0
230
0.0
  0
LINE
  5
525
330
70
100
AcDbEntity
  8
Visible
100
AcDbLine
 10
629.13318
 20
177.499739
 30
0.0
 11
632.874388
 21
177.499739
 31
0.0
210
0.0
220
1.0
230
0.0
  0
LINE
  5
526
330
70
100
AcDbEntity
  8
Visible
100
AcDbLine
 10
632.874388
 20
177.499739
 30
0.0
 11
632.953102
 21
177.277489
 31
0.0
210
0.0
220
1.0
230
0.0
  0
SPLINE
  5
527
330
70
100
AcDbEntity
  8
Visible
100
AcDbSpline
210
0.0
220
0.0
230
1.0
 70
    12
 71
     3
 72
     8
 73
     4
 74
     0
 42
0.000000001
 43
0.0000000001
 40
-1.0
 40
-1.0
 40
-1.0
 40
-1.0
 40
0.0
 40
0.0
 40
0.0
 40
0.0
 10
632.9531015238717
 20
177.2774886372164
 30
-0.000000000001819
 41
1.0
 10
633.5133567322046
 20
175.7032178038831
 30
-0.000000000001819
 41
1.0
 10
635.9256952738705
 20
174.8373688455498
 30
-0.000000000001819
 41
1.0
 10
637.8889036072051
 20
175.5041188455498
 30
-0.000000000001819
 41
1.0
  0
SPLINE
  5
528
330
70
100
AcDbEntity
  8
Visible
100
AcDbSpline
210
0.0
220
0.0
230
1.0
 70
    12
 71
     3
 72
     8
 73
     4
 74
     0
 42
0.000000001
 43
0.0000000001
 40
-1.0
 40
-1.0
 40
-1.0
 40
-1.0
 40
0.0
 40
0.0
 40
0.0
 40
0.0
 10
637.8889036072051
 20
175.5041188455498
 30
-0.000000000001819
 41
1.0
 10
638.421377565537
 20
175.6893271788831
 30
-0.000000000001819
 41
1.0
 10
638.7408619405378
 20
175.8884261372164
 30
-0.000000000001819
 41
1.0
 10
639.1761015238716
 20
176.3190355122165
 30
-0.000000000001819
 41
1.0
  0
SPLINE
  5
529
330
70
100
AcDbEntity
  8
Visible
100
AcDbSpline
210
0.0
220
0.0
230
1.0
 70
    12
 71
     3
 72
     8
 73
     4
 74
     0
 42
0.000000001
 43
0.0000000001
 40
-1.0
 40
-1.0
 40
-1.0
 40
-1.0
 40
0.0
 40
0.0
 40
0.0
 40
0.0
 10
639.1761015238716
 20
176.3190355122165
 30
-0.000000000001819
 41
1.0
 10
639.6113411072037
 20
176.7450146788831
 30
-0.000000000001819
 41
1.0
 10
639.8613723572034
 20
177.1987750955498
 30
-0.000000000001819
 41
1.0
 10
640.0326900655382
 20
177.8701553038831
 30
-0.000000000001819
 41
1.0
  0
SPLINE
  5
52A
330
70
100
AcDbEntity
  8
Visible
100
AcDbSpline
210
0.0
220
0.0
230
1.0
 70
    12
 71
     3
 72
     8
 73
     4
 74
     0
 42
0.000000001
 43
0.0000000001
 40
-1.0
 40
-1.0
 40
-1.0
 40
-1.0
 40
0.0
 40
0.0
 40
0.0
 40
0.0
 10
640.0326900655382
 20
177.8701553038831
 30
-0.000000000001819
 41
1.0
 10
640.1252942322043
 20
178.2313115538831
 30
-0.000000000001819
 41
1.0
 10
640.1391848572038
 20
178.3979990538831
 30
-0.000000000001819
 41
1.0
 10
640.1530754822052
 20
179.8842959288831
 30
-0.000000000001819
 41
1.0
  0
LINE
  5
52B
330
70
100
AcDbEntity
  8
Visible
100
AcDbLine
 10
640.153075
 20
179.884296
 30
0.0
 11
640.171596
 21
181.504869
 31
0.0
210
0.0
220
1.0
230
0.0
  0
LINE
  5
52C
330
70
100
AcDbEntity
  8
Visible
100
AcDbLine
 10
640.171596
 20
181.504869
 30
0.0
 11
640.04195
 21
181.342812
 31
0.0
210
0.0
220
1.0
230
0.0
  0
SPLINE
  5
52D
330
70
100
AcDbEntity
  8
Visible
100
AcDbSpline
210
0.0
220
0.0
230
1.0
 70
    12
 71
     3
 72
     8
 73
     4
 74
     0
 42
0.000000001
 43
0.0000000001
 40
-1.0
 40
-1.0
 40
-1.0
 40
-1.0
 40
0.0
 40
0.0
 40
0.0
 40
0.0
 10
640.0419504822039
 20
181.3428115538831
 30
-0.000000000001819
 41
1.0
 10
639.1622108988704
 20
180.2269313455498
 30
-0.000000000001819
 41
1.0
 10
637.7916692322051
 20
179.4212750955498
 30
-0.000000000001819
 41
1.0
 10
636.3701952738701
 20
179.1897646788831
 30
-0.000000000001819
 41
1.0
  0
SPLINE
  5
52E
330
70
100
AcDbEntity
  8
Visible
100
AcDbSpline
210
0.0
220
0.0
230
1.0
 70
    12
 71
     3
 72
     8
 73
     4
 74
     0
 42
0.000000001
 43
0.0000000001
 40
-1.0
 40
-1.0
 40
-1.0
 40
-1.0
 40
0.0
 40
0.0
 40
0.0
 40
0.0
 10
636.3701952738701
 20
179.1897646788831
 30
-0.000000000001819
 41
1.0
 10
635.8192004822049
 20
179.1017907205498
 30
-0.000000000001819
 41
1.0
 10
634.8144452738706
 20
179.1017907205498
 30
-0.000000000001819
 41
1.0
 10
634.2402994405383
 20
179.1897646788831
 30
-0.000000000001819
 41
1.0
  0
SPLINE
  5
52F
330
70
100
AcDbEntity
  8
Visible
100
AcDbSpline
210
0.0
220
0.0
230
1.0
 70
    12
 71
     3
 72
     8
 73
     4
 74
     0
 42
0.000000001
 43
0.0000000001
 40
-1.0
 40
-1.0
 40
-1.0
 40
-1.0
 40
0.0
 40
0.0
 40
0.0
 40
0.0
 10
634.2402994405383
 20
179.1897646788831
 30
-0.000000000001819
 41
1.0
 10
632.2863515238714
 20
179.4860980122164
 30
-0.000000000001819
 41
1.0
 10
630.5778046488703
 20
180.6806917622165
 30
-0.000000000001819
 41
1.0
 10
629.5498983988709
 20
182.4772125955498
 30
-0.000000000001819
 41
1.0
  0
SPLINE
  5
530
330
70
100
AcDbEntity
  8
Visible
100
AcDbSpline
210
0.0
220
0.0
230
1.0
 70
    12
 71
     3
 72
     8
 73
     4
 74
     0
 42
0.000000001
 43
0.0000000001
 40
-1.0
 40
-1.0
 40
-1.0
 40
-1.0
 40
0.0
 40
0.0
 40
0.0
 40
0.0
 10
629.5498983988709
 20
182.4772125955498
 30
-0.000000000001819
 41
1.0
 10
629.09150777387
 20
183.2782386372165
 30
-0.000000000001819
 41
1.0
 10
628.7210911072052
 20
184.3941188455498
 30
-0.000000000001819
 41
1.0
 10
628.5682942322036
 20
185.4220250955498
 30
-0.000000000001819
 41
1.0
  0
SPLINE
  5
531
330
70
100
AcDbEntity
  8
Visible
100
AcDbSpline
210
0.0
220
0.0
230
1.0
 70
    12
 71
     3
 72
     8
 73
     4
 74
     0
 42
0.000000001
 43
0.0000000001
 40
-1.0
 40
-1.0
 40
-1.0
 40
-1.0
 40
0.0
 40
0.0
 40
0.0
 40
0.0
 10
628.5682942322036
 20
185.4220250955498
 30
-0.000000000001819
 41
1.0
 10
628.4756900655374
 20
186.0795146788831
 30
-0.000000000001819
 41
1.0
 10
628.4756900655374
 20
187.5750719705498
 30
-0.000000000001819
 41
1.0
 10
628.5682942322036
 20
188.2371917622164
 30
-0.000000000001819
 41
1.0
  0
SPLINE
  5
532
330
70
100
AcDbEntity
  8
Visible
100
AcDbSpline
210
0.0
220
0.0
230
1.0
 70
    12
 71
     3
 72
     8
 73
     4
 74
     0
 42
0.000000001
 43
0.0000000001
 40
-1.0
 40
-1.0
 40
-1.0
 40
-1.0
 40
0.0
 40
0.0
 40
0.0
 40
0.0
 10
628.5682942322036
 20
188.2371917622164
 30
-0.000000000001819
 41
1.0
 10
628.7118306905377
 20
189.2141657205498
 30
-0.000000000001819
 41
1.0
 10
629.0081640238713
 20
190.1309469705498
 30
-0.000000000001819
 41
1.0
 10
629.4758150655379
 20
191.0199469705498
 30
-0.000000000001819
 41
1.0
  0
SPLINE
  5
533
330
70
100
AcDbEntity
  8
Visible
100
AcDbSpline
210
0.0
220
0.0
230
1.0
 70
    12
 71
     3
 72
     8
 73
     4
 74
     0
 42
0.000000001
 43
0.0000000001
 40
-1.0
 40
-1.0
 40
-1.0
 40
-1.0
 40
0.0
 40
0.0
 40
0.0
 40
0.0
 10
629.4758150655379
 20
191.0199469705498
 30
-0.000000000001819
 41
1.0
 10
630.3740754822046
 20
192.7377542622164
 30
-0.000000000001819
 41
1.0
 10
632.1752265238701
 20
194.0573636372164
 30
-0.000000000001819
 41
1.0
 10
634.0087890238701
 20
194.3536969705498
 30
-0.000000000001819
 41
1.0
  0
SPLINE
  5
534
330
70
100
AcDbEntity
  8
Visible
100
AcDbSpline
210
0.0
220
0.0
230
1.0
 70
    12
 71
     3
 72
     8
 73
     4
 74
     0
 42
0.000000001
 43
0.0000000001
 40
-1.0
 40
-1.0
 40
-1.0
 40
-1.0
 40
0.0
 40
0.0
 40
0.0
 40
0.0
 10
637.1851119405382
 20
191.0199469705498
 30
-0.000000000001819
 41
1.0
 10
636.7545025655381
 20
191.1310719705498
 30
-0.000000000001819
 41
1.0
 10
636.0831223572041
 20
191.1681136372164
 30
-0.000000000001819
 41
1.0
 10
635.6988150655379
 20
191.1125511372164
 30
-0.000000000001819
 41
1.0
  0
SPLINE
  5
535
330
70
100
AcDbEntity
  8
Visible
100
AcDbSpline
210
0.0
220
0.0
230
1.0
 70
    12
 71
     3
 72
     8
 73
     4
 74
     0
 42
0.000000001
 43
0.0000000001
 40
-1.0
 40
-1.0
 40
-1.0
 40
-1.0
 40
0.0
 40
0.0
 40
0.0
 40
0.0
 10
639.6715338155372
 20
189.0521084288831
 30
-0.000000000001819
 41
1.0
 10
639.1899921488711
 20
190.0151917622164
 30
-0.000000000001819
 41
1.0
 10
638.2685806905374
 20
190.7421344705498
 30
-0.000000000001819
 41
1.0
 10
637.1851119405382
 20
191.0199469705498
 30
-0.000000000001819
 41
1.0
  0
SPLINE
  5
536
330
70
100
AcDbEntity
  8
Visible
100
AcDbSpline
210
0.0
220
0.0
230
1.0
 70
    12
 71
     3
 72
     8
 73
     4
 74
     0
 42
0.000000001
 43
0.0000000001
 40
-1.0
 40
-1.0
 40
-1.0
 40
-1.0
 40
0.0
 40
0.0
 40
0.0
 40
0.0
 10
640.1206640238706
 20
187.5519209288831
 30
-0.000000000001819
 41
1.0
 10
640.0604713155371
 20
187.9917907205498
 30
-0.000000000001819
 41
1.0
 10
639.8428515238702
 20
188.7048428038831
 30
-0.000000000001819
 41
1.0
 10
639.6715338155372
 20
189.0521084288831
 30
-0.000000000001819
 41
1.0
  0
SPLINE
  5
537
330
70
100
AcDbEntity
  8
Visible
100
AcDbSpline
210
0.0
220
0.0
230
1.0
 70
    12
 71
     3
 72
     8
 73
     4
 74
     0
 42
0.000000001
 43
0.0000000001
 40
-1.0
 40
-1.0
 40
-1.0
 40
-1.0
 40
0.0
 40
0.0
 40
0.0
 40
0.0
 10
640.0326900655382
 20
185.5285198872165
 30
-0.000000000001819
 41
1.0
 10
640.1530754822052
 20
186.0146917622165
 30
-0.000000000001819
 41
1.0
 10
640.1993775655373
 20
187.0240771788831
 30
-0.000000000001819
 41
1.0
 10
640.1206640238706
 20
187.5519209288831
 30
-0.000000000001819
 41
1.0
  0
SPLINE
  5
538
330
70
100
AcDbEntity
  8
Visible
100
AcDbSpline
210
0.0
220
0.0
230
1.0
 70
    12
 71
     3
 72
     8
 73
     4
 74
     0
 42
0.000000001
 43
0.0000000001
 40
-1.0
 40
-1.0
 40
-1.0
 40
-1.0
 40
0.0
 40
0.0
 40
0.0
 40
0.0
 10
638.879768190538
 20
183.4634469705498
 30
-0.000000000001819
 41
1.0
 10
639.4770650655373
 20
184.0329625955498
 30
-0.000000000001819
 41
1.0
 10
639.8104400655374
 20
184.6302594705498
 30
-0.000000000001819
 41
1.0
 10
640.0326900655382
 20
185.5285198872165
 30
-0.000000000001819
 41
1.0
  0
SPLINE
  5
539
330
70
100
AcDbEntity
  8
Visible
100
AcDbSpline
210
0.0
220
0.0
230
1.0
 70
    12
 71
     3
 72
     8
 73
     4
 74
     0
 42
0.000000001
 43
0.0000000001
 40
-1.0
 40
-1.0
 40
-1.0
 40
-1.0
 40
0.0
 40
0.0
 40
0.0
 40
0.0
 10
634.2125181905376
 20
183.0189469705498
 30
-0.000000000001819
 41
1.0
 10
635.6478827738701
 20
182.0651240538831
 30
-0.000000000001819
 41
1.0
 10
637.6110911072046
 20
182.2503323872165
 30
-0.000000000001819
 41
1.0
 10
638.879768190538
 20
183.4634469705498
 30
-0.000000000001819
 41
1.0
  0
SPLINE
  5
53A
330
70
100
AcDbEntity
  8
Visible
100
AcDbSpline
210
0.0
220
0.0
230
1.0
 70
    12
 71
     3
 72
     8
 73
     4
 74
     0
 42
0.000000001
 43
0.0000000001
 40
-1.0
 40
-1.0
 40
-1.0
 40
-1.0
 40
0.0
 40
0.0
 40
0.0
 40
0.0
 10
632.4947108988708
 20
185.4451761372165
 30
-0.000000000001819
 41
1.0
 10
632.8373463155385
 20
184.3431865538831
 30
-0.000000000001819
 41
1.0
 10
633.3790806905381
 20
183.5745719705498
 30
-0.000000000001819
 41
1.0
 10
634.2125181905376
 20
183.0189469705498
 30
-0.000000000001819
 41
1.0
  0
SPLINE
  5
53B
330
70
100
AcDbEntity
  8
Visible
100
AcDbSpline
210
0.0
220
0.0
230
1.0
 70
    12
 71
     3
 72
     8
 73
     4
 74
     0
 42
0.000000001
 43
0.0000000001
 40
-1.0
 40
-1.0
 40
-1.0
 40
-1.0
 40
0.0
 40
0.0
 40
0.0
 40
0.0
 10
632.3696952738701
 20
186.8064573872165
 30
-0.000000000001819
 41
1.0
 10
632.3696952738701
 20
185.9035667622164
 30
-0.000000000001819
 41
1.0
 10
632.3743254822038
 20
185.8387438455498
 30
-0.000000000001819
 41
1.0
 10
632.4947108988708
 20
185.4451761372165
 30
-0.000000000001819
 41
1.0
  0
SPLINE
  5
53C
330
70
100
AcDbEntity
  8
Visible
100
AcDbSpline
210
0.0
220
0.0
230
1.0
 70
    12
 71
     3
 72
     8
 73
     4
 74
     0
 42
0.000000001
 43
0.0000000001
 40
-1.0
 40
-1.0
 40
-1.0
 40
-1.0
 40
0.0
 40
0.0
 40
0.0
 40
0.0
 10
632.8234556905372
 20
189.0104365538831
 30
-0.000000000001819
 41
1.0
 10
632.4206275655378
 20
188.1816292622165
 30
-0.000000000001819
 41
1.0
 10
632.3696952738701
 20
187.9315980122165
 30
-0.000000000001819
 41
1.0
 10
632.3696952738701
 20
186.8064573872165
 30
-0.000000000001819
 41
1.0
  0
SPLINE
  5
53D
330
70
100
AcDbEntity
  8
Visible
100
AcDbSpline
210
0.0
220
0.0
230
1.0
 70
    12
 71
     3
 72
     8
 73
     4
 74
     0
 42
0.000000001
 43
0.0000000001
 40
-1.0
 40
-1.0
 40
-1.0
 40
-1.0
 40
0.0
 40
0.0
 40
0.0
 40
0.0
 10
635.6988150655379
 20
191.1125511372164
 30
-0.000000000001819
 41
1.0
 10
634.420877565537
 20
190.9088219705498
 30
-0.000000000001819
 41
1.0
 10
633.3837108988718
 20
190.1540980122165
 30
-0.000000000001819
 41
1.0
 10
632.8234556905372
 20
189.0104365538831
 30
-0.000000000001819
 41
1.0
  0
SPLINE
  5
53E
330
70
100
AcDbEntity
  8
Visible
100
AcDbSpline
210
0.0
220
0.0
230
1.0
 70
    12
 71
     3
 72
     8
 73
     4
 74
     0
 42
0.000000001
 43
0.0000000001
 40
-1.0
 40
-1.0
 40
-1.0
 40
-1.0
 40
0.0
 40
0.0
 40
0.0
 40
0.0
 10
620.720091107205
 20
190.9782750955498
 30
-0.000000000001819
 41
1.0
 10
620.3218931905375
 20
191.1125511372164
 30
-0.000000000001819
 41
1.0
 10
620.2200286072038
 20
191.1310719705498
 30
-0.000000000001819
 41
1.0
 10
619.6319921488703
 20
191.1403323872164
 30
-0.000000000001819
 41
1.0
  0
SPLINE
  5
53F
330
70
100
AcDbEntity
  8
Visible
100
AcDbSpline
210
0.0
220
0.0
230
1.0
 70
    12
 71
     3
 72
     8
 73
     4
 74
     0
 42
0.000000001
 43
0.0000000001
 40
-1.0
 40
-1.0
 40
-1.0
 40
-1.0
 40
0.0
 40
0.0
 40
0.0
 40
0.0
 10
623.2296640238709
 20
188.0890250955498
 30
-0.000000000001819
 41
1.0
 10
622.9009192322045
 20
189.5243896788831
 30
-0.000000000001819
 41
1.0
 10
622.0211796488711
 20
190.5384053038831
 30
-0.000000000001819
 41
1.0
 10
620.720091107205
 20
190.9782750955498
 30
-0.000000000001819
 41
1.0
  0
SPLINE
  5
540
330
70
100
AcDbEntity
  8
Visible
100
AcDbSpline
210
0.0
220
0.0
230
1.0
 70
    12
 71
     3
 72
     8
 73
     4
 74
     0
 42
0.000000001
 43
0.0000000001
 40
-1.0
 40
-1.0
 40
-1.0
 40
-1.0
 40
0.0
 40
0.0
 40
0.0
 40
0.0
 10
623.252815065538
 20
185.5794521788831
 30
-0.000000000001819
 41
1.0
 10
623.3778306905369
 20
186.1304469705498
 30
-0.000000000001819
 41
1.0
 10
623.3685702738712
 20
187.4963584288831
 30
-0.000000000001819
 41
1.0
 10
623.2296640238709
 20
188.0890250955498
 30
-0.000000000001819
 41
1.0
  0
SPLINE
  5
541
330
70
100
AcDbEntity
  8
Visible
100
AcDbSpline
210
0.0
220
0.0
230
1.0
 70
    12
 71
     3
 72
     8
 73
     4
 74
     0
 42
0.000000001
 43
0.0000000001
 40
-1.0
 40
-1.0
 40
-1.0
 40
-1.0
 40
0.0
 40
0.0
 40
0.0
 40
0.0
 10
622.14619527387
 20
183.4402959288831
 30
-0.000000000001819
 41
1.0
 10
622.6138463155384
 20
183.8894261372164
 30
-0.000000000001819
 41
1.0
 10
623.0629765238718
 20
184.7645355122164
 30
-0.000000000001819
 41
1.0
 10
623.252815065538
 20
185.5794521788831
 30
-0.000000000001819
 41
1.0
  0
SPLINE
  5
542
330
70
100
AcDbEntity
  8
Visible
100
AcDbSpline
210
0.0
220
0.0
230
1.0
 70
    12
 71
     3
 72
     8
 73
     4
 74
     0
 42
0.000000001
 43
0.0000000001
 40
-1.0
 40
-1.0
 40
-1.0
 40
-1.0
 40
0.0
 40
0.0
 40
0.0
 40
0.0
 10
617.7336067322048
 20
182.7920667622165
 30
-0.000000000001819
 41
1.0
 10
619.1736015238712
 20
182.0466032205498
 30
-0.000000000001819
 41
1.0
 10
620.9747525655384
 20
182.3151553038831
 30
-0.000000000001819
 41
1.0
 10
622.14619527387
 20
183.4402959288831
 30
-0.000000000001819
 41
1.0
  0
SPLINE
  5
543
330
70
100
AcDbEntity
  8
Visible
100
AcDbSpline
210
0.0
220
0.0
230
1.0
 70
    12
 71
     3
 72
     8
 73
     4
 74
     0
 42
0.000000001
 43
0.0000000001
 40
-1.0
 40
-1.0
 40
-1.0
 40
-1.0
 40
0.0
 40
0.0
 40
0.0
 40
0.0
 10
616.2889817322048
 20
184.2366917622165
 30
-0.000000000001819
 41
1.0
 10
616.5575338155377
 20
183.7181084288831
 30
-0.000000000001819
 41
1.0
 10
617.2103931905385
 20
183.0606188455498
 30
-0.000000000001819
 41
1.0
 10
617.7336067322048
 20
182.7920667622165
 30
-0.000000000001819
 41
1.0
  0
SPLINE
  5
544
330
70
100
AcDbEntity
  8
Visible
100
AcDbSpline
210
0.0
220
0.0
230
1.0
 70
    12
 71
     3
 72
     8
 73
     4
 74
     0
 42
0.000000001
 43
0.0000000001
 40
-1.0
 40
-1.0
 40
-1.0
 40
-1.0
 40
0.0
 40
0.0
 40
0.0
 40
0.0
 10
615.7518775655371
 20
186.8064573872165
 30
-0.000000000001819
 41
1.0
 10
615.7472473572034
 20
185.7090980122164
 30
-0.000000000001819
 41
1.0
 10
615.8954140238711
 20
185.0053063455498
 30
-0.000000000001819
 41
1.0
 10
616.2889817322048
 20
184.2366917622165
 30
-0.000000000001819
 41
1.0
  0
SPLINE
  5
545
330
70
100
AcDbEntity
  8
Visible
100
AcDbSpline
210
0.0
220
0.0
230
1.0
 70
    12
 71
     3
 72
     8
 73
     4
 74
     0
 42
0.000000001
 43
0.0000000001
 40
-1.0
 40
-1.0
 40
-1.0
 40
-1.0
 40
0.0
 40
0.0
 40
0.0
 40
0.0
 10
617.0112942322048
 20
190.1957698872164
 30
-0.000000000001819
 41
1.0
 10
616.163966107204
 20
189.4132646788831
 30
-0.000000000001819
 41
1.0
 10
615.7565077738709
 20
188.3159053038831
 30
-0.000000000001819
 41
1.0
 10
615.7518775655371
 20
186.8064573872165
 30
-0.000000000001819
 41
1.0
  0
SPLINE
  5
546
330
70
100
AcDbEntity
  8
Visible
100
AcDbSpline
210
0.0
220
0.0
230
1.0
 70
    12
 71
     3
 72
     8
 73
     4
 74
     0
 42
0.000000001
 43
0.0000000001
 40
-1.0
 40
-1.0
 40
-1.0
 40
-1.0
 40
0.0
 40
0.0
 40
0.0
 40
0.0
 10
619.6319921488703
 20
191.1403323872164
 30
-0.000000000001819
 41
1.0
 10
618.5114817322046
 20
191.1681136372164
 30
-0.000000000001819
 41
1.0
 10
617.779908815537
 20
190.9041917622164
 30
-0.000000000001819
 41
1.0
 10
617.0112942322048
 20
190.1957698872164
 30
-0.000000000001819
 41
1.0
  0
SPLINE
  5
547
330
70
100
AcDbEntity
  8
Visible
100
AcDbSpline
210
0.0
220
0.0
230
1.0
 70
    12
 71
     3
 72
     8
 73
     4
 74
     0
 42
0.000000001
 43
0.0000000001
 40
-1.0
 40
-1.0
 40
-1.0
 40
-1.0
 40
0.0
 40
0.0
 40
0.0
 40
0.0
 10
654.6039556905379
 20
191.2097855122164
 30
-0.000000000001819
 41
1.0
 10
654.168716107204
 20
191.3348011372164
 30
-0.000000000001819
 41
1.0
 10
653.10839839887
 20
191.3764730122164
 30
-0.000000000001819
 41
1.0
 10
652.6916796488713
 20
191.2792386372164
 30
-0.000000000001819
 41
1.0
  0
SPLINE
  5
548
330
70
100
AcDbEntity
  8
Visible
100
AcDbSpline
210
0.0
220
0.0
230
1.0
 70
    12
 71
     3
 72
     8
 73
     4
 74
     0
 42
0.000000001
 43
0.0000000001
 40
-1.0
 40
-1.0
 40
-1.0
 40
-1.0
 40
0.0
 40
0.0
 40
0.0
 40
0.0
 10
656.6921796488713
 20
189.5845823872164
 30
-0.000000000001819
 41
1.0
 10
656.2800911072045
 20
190.3578271788831
 30
-0.000000000001819
 41
1.0
 10
655.5299973572036
 20
190.9412334288831
 30
-0.000000000001819
 41
1.0
 10
654.6039556905379
 20
191.2097855122164
 30
-0.000000000001819
 41
1.0
  0
SPLINE
  5
549
330
70
100
AcDbEntity
  8
Visible
100
AcDbSpline
210
0.0
220
0.0
230
1.0
 70
    12
 71
     3
 72
     8
 73
     4
 74
     0
 42
0.000000001
 43
0.0000000001
 40
-1.0
 40
-1.0
 40
-1.0
 40
-1.0
 40
0.0
 40
0.0
 40
0.0
 40
0.0
 10
657.0209244405377
 20
188.3946188455498
 30
-0.000000000001819
 41
1.0
 10
657.0209244405377
 20
188.7048428038831
 30
-0.000000000001819
 41
1.0
 10
656.868127565538
 20
189.2558375955498
 30
-0.000000000001819
 41
1.0
 10
656.6921796488713
 20
189.5845823872164
 30
-0.000000000001819
 41
1.0
  0
LINE
  5
54A
330
70
100
AcDbEntity
  8
Visible
100
AcDbLine
 10
657.020924
 20
188.149218
 30
0.0
 11
657.020924
 21
188.394619
 31
0.0
210
0.0
220
1.0
230
0.0
  0
LINE
  5
54B
330
70
100
AcDbEntity
  8
Visible
100
AcDbLine
 10
653.515857
 20
188.158478
 30
0.0
 11
657.020924
 21
188.149218
 31
0.0
210
0.0
220
1.0
230
0.0
  0
LINE
  5
54C
330
70
100
AcDbEntity
  8
Visible
100
AcDbLine
 10
650.006159
 20
188.172369
 30
0.0
 11
653.515857
 21
188.158478
 31
0.0
210
0.0
220
1.0
230
0.0
  0
LINE
  5
54D
330
70
100
AcDbEntity
  8
Visible
100
AcDbLine
 10
650.020049
 20
188.357577
 30
0.0
 11
650.006159
 21
188.172369
 31
0.0
210
0.0
220
1.0
230
0.0
  0
SPLINE
  5
54E
330
70
100
AcDbEntity
  8
Visible
100
AcDbSpline
210
0.0
220
0.0
230
1.0
 70
    12
 71
     3
 72
     8
 73
     4
 74
     0
 42
0.000000001
 43
0.0000000001
 40
-1.0
 40
-1.0
 40
-1.0
 40
-1.0
 40
0.0
 40
0.0
 40
0.0
 40
0.0
 10
650.1635858988702
 20
188.9409834288831
 30
-0.000000000001819
 41
1.0
 10
650.094132773871
 20
188.7233636372164
 30
-0.000000000001819
 41
1.0
 10
650.0293098572037
 20
188.4594417622164
 30
-0.000000000001819
 41
1.0
 10
650.0200494405381
 20
188.3575771788831
 30
-0.000000000001819
 41
1.0
  0
SPLINE
  5
54F
330
70
100
AcDbEntity
  8
Visible
100
AcDbSpline
210
0.0
220
0.0
230
1.0
 70
    12
 71
     3
 72
     8
 73
     4
 74
     0
 42
0.000000001
 43
0.0000000001
 40
-1.0
 40
-1.0
 40
-1.0
 40
-1.0
 40
0.0
 40
0.0
 40
0.0
 40
0.0
 10
652.6916796488713
 20
191.2792386372164
 30
-0.000000000001819
 41
1.0
 10
651.4739348572038
 20
191.0014261372164
 30
-0.000000000001819
 41
1.0
 10
650.5525233988719
 20
190.1494678038831
 30
-0.000000000001819
 41
1.0
 10
650.1635858988702
 20
188.9409834288831
 30
-0.000000000001819
 41
1.0
  0
SPLINE
  5
550
330
70
100
AcDbEntity
  8
Visible
100
AcDbSpline
210
0.0
220
0.0
230
1.0
 70
    12
 71
     3
 72
     8
 73
     4
 74
     0
 42
0.000000001
 43
0.0000000001
 40
-1.0
 40
-1.0
 40
-1.0
 40
-1.0
 40
0.0
 40
0.0
 40
0.0
 40
0.0
 10
717.7924088155378
 20
191.0199469705498
 30
-0.000000000001819
 41
1.0
 10
717.5331171488705
 20
191.1032907205498
 30
-0.000000000001819
 41
1.0
 10
717.3340181905368
 20
191.1264417622165
 30
-0.000000000001819
 41
1.0
 10
716.820065065538
 20
191.1403323872164
 30
-0.000000000001819
 41
1.0
  0
SPLINE
  5
551
330
70
100
AcDbEntity
  8
Visible
100
AcDbSpline
210
0.0
220
0.0
230
1.0
 70
    12
 71
     3
 72
     8
 73
     4
 74
     0
 42
0.000000001
 43
0.0000000001
 40
-1.0
 40
-1.0
 40
-1.0
 40
-1.0
 40
0.0
 40
0.0
 40
0.0
 40
0.0
 10
720.2834608988705
 20
188.5427855122164
 30
-0.000000000001819
 41
1.0
 10
719.9084140238719
 20
189.7466396788831
 30
-0.000000000001819
 41
1.0
 10
719.0240442322046
 20
190.6263792622164
 30
-0.000000000001819
 41
1.0
 10
717.7924088155378
 20
191.0199469705498
 30
-0.000000000001819
 41
1.0
  0
SPLINE
  5
552
330
70
100
AcDbEntity
  8
Visible
100
AcDbSpline
210
0.0
220
0.0
230
1.0
 70
    12
 71
     3
 72
     8
 73
     4
 74
     0
 42
0.000000001
 43
0.0000000001
 40
-1.0
 40
-1.0
 40
-1.0
 40
-1.0
 40
0.0
 40
0.0
 40
0.0
 40
0.0
 10
720.5242317322045
 20
186.7370042622164
 30
-0.000000000001819
 41
1.0
 10
720.5242317322045
 20
187.5334000955498
 30
-0.000000000001819
 41
1.0
 10
720.4686692322048
 20
187.9501188455498
 30
-0.000000000001819
 41
1.0
 10
720.2834608988705
 20
188.5427855122164
 30
-0.000000000001819
 41
1.0
  0
SPLINE
  5
553
330
70
100
AcDbEntity
  8
Visible
100
AcDbSpline
210
0.0
220
0.0
230
1.0
 70
    12
 71
     3
 72
     8
 73
     4
 74
     0
 42
0.000000001
 43
0.0000000001
 40
-1.0
 40
-1.0
 40
-1.0
 40
-1.0
 40
0.0
 40
0.0
 40
0.0
 40
0.0
 10
720.2834608988705
 20
185.0701292622164
 30
-0.000000000001819
 41
1.0
 10
720.487190065538
 20
185.6998375955498
 30
-0.000000000001819
 41
1.0
 10
720.5242317322045
 20
185.9591292622164
 30
-0.000000000001819
 41
1.0
 10
720.5242317322045
 20
186.7370042622164
 30
-0.000000000001819
 41
1.0
  0
SPLINE
  5
554
330
70
100
AcDbEntity
  8
Visible
100
AcDbSpline
210
0.0
220
0.0
230
1.0
 70
    12
 71
     3
 72
     8
 73
     4
 74
     0
 42
0.000000001
 43
0.0000000001
 40
-1.0
 40
-1.0
 40
-1.0
 40
-1.0
 40
0.0
 40
0.0
 40
0.0
 40
0.0
 10
717.6303515238705
 20
182.4957334288831
 30
-0.000000000001819
 41
1.0
 10
718.9314400655384
 20
182.8383688455498
 30
-0.000000000001819
 41
1.0
 10
719.8574817322041
 20
183.7366292622164
 30
-0.000000000001819
 41
1.0
 10
720.2834608988705
 20
185.0701292622164
 30
-0.000000000001819
 41
1.0
  0
SPLINE
  5
555
330
70
100
AcDbEntity
  8
Visible
100
AcDbSpline
210
0.0
220
0.0
230
1.0
 70
    12
 71
     3
 72
     8
 73
     4
 74
     0
 42
0.000000001
 43
0.0000000001
 40
-1.0
 40
-1.0
 40
-1.0
 40
-1.0
 40
0.0
 40
0.0
 40
0.0
 40
0.0
 10
715.6671431905379
 20
182.4911032205498
 30
-0.000000000001819
 41
1.0
 10
716.1857265238705
 20
182.3429365538831
 30
-0.000000000001819
 41
1.0
 10
717.0654661072039
 20
182.3429365538831
 30
-0.000000000001819
 41
1.0
 10
717.6303515238705
 20
182.4957334288831
 30
-0.000000000001819
 41
1.0
  0
SPLINE
  5
556
330
70
100
AcDbEntity
  8
Visible
100
AcDbSpline
210
0.0
220
0.0
230
1.0
 70
    12
 71
     3
 72
     8
 73
     4
 74
     0
 42
0.000000001
 43
0.0000000001
 40
-1.0
 40
-1.0
 40
-1.0
 40
-1.0
 40
0.0
 40
0.0
 40
0.0
 40
0.0
 10
714.1067629822046
 20
183.4217750955498
 30
-0.000000000001819
 41
1.0
 10
714.6068254822039
 20
182.9263428038831
 30
-0.000000000001819
 41
1.0
 10
715.0235442322045
 20
182.6763115538831
 30
-0.000000000001819
 41
1.0
 10
715.6671431905379
 20
182.4911032205498
 30
-0.000000000001819
 41
1.0
  0
SPLINE
  5
557
330
70
100
AcDbEntity
  8
Visible
100
AcDbSpline
210
0.0
220
0.0
230
1.0
 70
    12
 71
     3
 72
     8
 73
     4
 74
     0
 42
0.000000001
 43
0.0000000001
 40
-1.0
 40
-1.0
 40
-1.0
 40
-1.0
 40
0.0
 40
0.0
 40
0.0
 40
0.0
 10
713.4261223572048
 20
184.3524469705498
 30
-0.000000000001819
 41
1.0
 10
713.6344817322042
 20
183.9218375955498
 30
-0.000000000001819
 41
1.0
 10
713.7085650655372
 20
183.8153428038831
 30
-0.000000000001819
 41
1.0
 10
714.1067629822046
 20
183.4217750955498
 30
-0.000000000001819
 41
1.0
  0
SPLINE
  5
558
330
70
100
AcDbEntity
  8
Visible
100
AcDbSpline
210
0.0
220
0.0
230
1.0
 70
    12
 71
     3
 72
     8
 73
     4
 74
     0
 42
0.000000001
 43
0.0000000001
 40
-1.0
 40
-1.0
 40
-1.0
 40
-1.0
 40
0.0
 40
0.0
 40
0.0
 40
0.0
 10
712.9445806905368
 20
187.3296709288831
 30
-0.000000000001819
 41
1.0
 10
712.842716107205
 20
186.2600928038831
 30
-0.000000000001819
 41
1.0
 10
713.0140338155379
 20
185.1951448872164
 30
-0.000000000001819
 41
1.0
 10
713.4261223572048
 20
184.3524469705498
 30
-0.000000000001819
 41
1.0
  0
SPLINE
  5
559
330
70
100
AcDbEntity
  8
Visible
100
AcDbSpline
210
0.0
220
0.0
230
1.0
 70
    12
 71
     3
 72
     8
 73
     4
 74
     0
 42
0.000000001
 43
0.0000000001
 40
-1.0
 40
-1.0
 40
-1.0
 40
-1.0
 40
0.0
 40
0.0
 40
0.0
 40
0.0
 10
713.4261223572048
 20
189.1678636372164
 30
-0.000000000001819
 41
1.0
 10
713.1483098572044
 20
188.5983480122164
 30
-0.000000000001819
 41
1.0
 10
713.0186640238717
 20
188.1075459288831
 30
-0.000000000001819
 41
1.0
 10
712.9445806905368
 20
187.3296709288831
 30
-0.000000000001819
 41
1.0
  0
SPLINE
  5
55A
330
70
100
AcDbEntity
  8
Visible
100
AcDbSpline
210
0.0
220
0.0
230
1.0
 70
    12
 71
     3
 72
     8
 73
     4
 74
     0
 42
0.000000001
 43
0.0000000001
 40
-1.0
 40
-1.0
 40
-1.0
 40
-1.0
 40
0.0
 40
0.0
 40
0.0
 40
0.0
 10
714.1067629822046
 20
190.0939053038831
 30
-0.000000000001819
 41
1.0
 10
713.7085650655372
 20
189.7003375955498
 30
-0.000000000001819
 41
1.0
 10
713.6344817322042
 20
189.5984730122165
 30
-0.000000000001819
 41
1.0
 10
713.4261223572048
 20
189.1678636372164
 30
-0.000000000001819
 41
1.0
  0
SPLINE
  5
55B
330
70
100
AcDbEntity
  8
Visible
100
AcDbSpline
210
0.0
220
0.0
230
1.0
 70
    12
 71
     3
 72
     8
 73
     4
 74
     0
 42
0.000000001
 43
0.0000000001
 40
-1.0
 40
-1.0
 40
-1.0
 40
-1.0
 40
0.0
 40
0.0
 40
0.0
 40
0.0
 10
714.9216796488708
 20
190.7282438455498
 30
-0.000000000001819
 41
1.0
 10
714.6346067322046
 20
190.5800771788831
 30
-0.000000000001819
 41
1.0
 10
714.4493983988704
 20
190.4365407205498
 30
-0.000000000001819
 41
1.0
 10
714.1067629822046
 20
190.0939053038831
 30
-0.000000000001819
 41
1.0
  0
SPLINE
  5
55C
330
70
100
AcDbEntity
  8
Visible
100
AcDbSpline
210
0.0
220
0.0
230
1.0
 70
    12
 71
     3
 72
     8
 73
     4
 74
     0
 42
0.000000001
 43
0.0000000001
 40
-1.0
 40
-1.0
 40
-1.0
 40
-1.0
 40
0.0
 40
0.0
 40
0.0
 40
0.0
 10
716.820065065538
 20
191.1403323872164
 30
-0.000000000001819
 41
1.0
 10
715.9634765238715
 20
191.1588532205498
 30
-0.000000000001819
 41
1.0
 10
715.6254713155377
 20
191.0847698872164
 30
-0.000000000001819
 41
1.0
 10
714.9216796488708
 20
190.7282438455498
 30
-0.000000000001819
 41
1.0
  0
SPLINE
  5
55D
330
70
100
AcDbEntity
  8
Visible
100
AcDbSpline
210
0.0
220
0.0
230
1.0
 70
    12
 71
     3
 72
     8
 73
     4
 74
     0
 42
0.000000001
 43
0.0000000001
 40
-1.0
 40
-1.0
 40
-1.0
 40
-1.0
 40
0.0
 40
0.0
 40
0.0
 40
0.0
 10
661.211262982204
 20
149.6721865538831
 30
-0.000000000001819
 41
1.0
 10
658.2340390238714
 20
149.8620250955498
 30
-0.000000000001819
 41
1.0
 10
655.5253671488717
 20
149.1906448872164
 30
-0.000000000001819
 41
1.0
 10
653.3306483988708
 20
147.7274990538831
 30
-0.000000000001819
 41
1.0
  0
SPLINE
  5
55E
330
70
100
AcDbEntity
  8
Visible
100
AcDbSpline
210
0.0
220
0.0
230
1.0
 70
    12
 71
     3
 72
     8
 73
     4
 74
     0
 42
0.000000001
 43
0.0000000001
 40
-1.0
 40
-1.0
 40
-1.0
 40
-1.0
 40
0.0
 40
0.0
 40
0.0
 40
0.0
 10
664.8922786072053
 20
148.9545042622164
 30
-0.000000000001819
 41
1.0
 10
663.7486171488708
 20
149.3527021788831
 30
-0.000000000001819
 41
1.0
 10
662.5401327738709
 20
149.5842125955498
 30
-0.000000000001819
 41
1.0
 10
661.211262982204
 20
149.6721865538831
 30
-0.000000000001819
 41
1.0
  0
SPLINE
  5
55F
330
70
100
AcDbEntity
  8
Visible
100
AcDbSpline
210
0.0
220
0.0
230
1.0
 70
    12
 71
     3
 72
     8
 73
     4
 74
     0
 42
0.000000001
 43
0.0000000001
 40
-1.0
 40
-1.0
 40
-1.0
 40
-1.0
 40
0.0
 40
0.0
 40
0.0
 40
0.0
 10
667.3231379822046
 20
147.7506500955498
 30
-0.000000000001819
 41
1.0
 10
666.7536223572042
 20
148.1303271788831
 30
-0.000000000001819
 41
1.0
 10
665.5451379822043
 20
148.7276240538831
 30
-0.000000000001819
 41
1.0
 10
664.8922786072053
 20
148.9545042622164
 30
-0.000000000001819
 41
1.0
  0
SPLINE
  5
560
330
70
100
AcDbEntity
  8
Visible
100
AcDbSpline
210
0.0
220
0.0
230
1.0
 70
    12
 71
     3
 72
     8
 73
     4
 74
     0
 42
0.000000001
 43
0.0000000001
 40
-1.0
 40
-1.0
 40
-1.0
 40
-1.0
 40
0.0
 40
0.0
 40
0.0
 40
0.0
 10
671.726466107204
 20
139.9580094705498
 30
-0.000000000001819
 41
1.0
 10
671.5597786072049
 20
143.3288011372165
 30
-0.000000000001819
 41
1.0
 10
670.1151536072047
 20
145.8846761372164
 30
-0.000000000001819
 41
1.0
 10
667.3231379822046
 20
147.7506500955498
 30
-0.000000000001819
 41
1.0
  0
LINE
  5
561
330
70
100
AcDbEntity
  8
Visible
100
AcDbLine
 10
671.758878
 20
139.346822
 30
0.0
 11
671.726466
 21
139.958009
 31
0.0
210
0.0
220
1.0
230
0.0
  0
LINE
  5
562
330
70
100
AcDbEntity
  8
Visible
100
AcDbLine
 10
660.062971
 20
139.346822
 30
0.0
 11
671.758878
 21
139.346822
 31
0.0
210
0.0
220
1.0
230
0.0
  0
SPLINE
  5
563
330
70
100
AcDbEntity
  8
Visible
100
AcDbSpline
210
0.0
220
0.0
230
1.0
 70
    12
 71
     3
 72
     8
 73
     4
 74
     0
 42
0.000000001
 43
0.0000000001
 40
-1.0
 40
-1.0
 40
-1.0
 40
-1.0
 40
0.0
 40
0.0
 40
0.0
 40
0.0
 10
648.3624348572048
 20
139.4070146788831
 30
-0.000000000001819
 41
1.0
 10
648.3624348572048
 20
139.3607125955498
 30
-0.000000000001819
 41
1.0
 10
650.7331015238706
 20
139.3468219705498
 30
-0.000000000001819
 41
1.0
 10
660.0629713155377
 20
139.3468219705498
 30
-0.000000000001819
 41
1.0
  0
SPLINE
  5
564
330
70
100
AcDbEntity
  8
Visible
100
AcDbSpline
210
0.0
220
0.0
230
1.0
 70
    12
 71
     3
 72
     8
 73
     4
 74
     0
 42
0.000000001
 43
0.0000000001
 40
-1.0
 40
-1.0
 40
-1.0
 40
-1.0
 40
0.0
 40
0.0
 40
0.0
 40
0.0
 10
648.501341107205
 20
140.1339573872165
 30
-0.000000000001819
 41
1.0
 10
648.4226275655382
 20
139.7635407205498
 30
-0.000000000001819
 41
1.0
 10
648.3624348572048
 20
139.4347959288831
 30
-0.000000000001819
 41
1.0
 10
648.3624348572048
 20
139.4070146788831
 30
-0.000000000001819
 41
1.0
  0
SPLINE
  5
565
330
70
100
AcDbEntity
  8
Visible
100
AcDbSpline
210
0.0
220
0.0
230
1.0
 70
    12
 71
     3
 72
     8
 73
     4
 74
     0
 42
0.000000001
 43
0.0000000001
 40
-1.0
 40
-1.0
 40
-1.0
 40
-1.0
 40
0.0
 40
0.0
 40
0.0
 40
0.0
 10
653.3306483988708
 20
147.7274990538831
 30
-0.000000000001819
 41
1.0
 10
650.7794036072046
 20
146.0235823872164
 30
-0.000000000001819
 41
1.0
 10
649.1866119405367
 20
143.5186396788831
 30
-0.000000000001819
 41
1.0
 10
648.501341107205
 20
140.1339573872165
 30
-0.000000000001819
 41
1.0
  0
SPLINE
  5
566
330
70
100
AcDbEntity
  8
Visible
100
AcDbSpline
210
0.0
220
0.0
230
1.0
 70
    12
 71
     3
 72
     8
 73
     4
 74
     0
 42
0.000000001
 43
0.0000000001
 40
-1.0
 40
-1.0
 40
-1.0
 40
-1.0
 40
0.0
 40
0.0
 40
0.0
 40
0.0
 10
734.4843098572036
 20
190.9782750955498
 30
-0.000000000001819
 41
1.0
 10
734.086111940538
 20
191.1125511372164
 30
-0.000000000001819
 41
1.0
 10
733.9842473572043
 20
191.1310719705498
 30
-0.000000000001819
 41
1.0
 10
733.3962108988707
 20
191.1403323872164
 30
-0.000000000001819
 41
1.0
  0
SPLINE
  5
567
330
70
100
AcDbEntity
  8
Visible
100
AcDbSpline
210
0.0
220
0.0
230
1.0
 70
    12
 71
     3
 72
     8
 73
     4
 74
     0
 42
0.000000001
 43
0.0000000001
 40
-1.0
 40
-1.0
 40
-1.0
 40
-1.0
 40
0.0
 40
0.0
 40
0.0
 40
0.0
 10
736.9938827738715
 20
188.0890250955498
 30
-0.000000000001819
 41
1.0
 10
736.6605077738713
 20
189.5336500955498
 30
-0.000000000001819
 41
1.0
 10
735.7900286072036
 20
190.5337750955498
 30
-0.000000000001819
 41
1.0
 10
734.4843098572036
 20
190.9782750955498
 30
-0.000000000001819
 41
1.0
  0
SPLINE
  5
568
330
70
100
AcDbEntity
  8
Visible
100
AcDbSpline
210
0.0
220
0.0
230
1.0
 70
    12
 71
     3
 72
     8
 73
     4
 74
     0
 42
0.000000001
 43
0.0000000001
 40
-1.0
 40
-1.0
 40
-1.0
 40
-1.0
 40
0.0
 40
0.0
 40
0.0
 40
0.0
 10
737.0957473572034
 20
186.7601553038831
 30
-0.000000000001819
 41
1.0
 10
737.0957473572034
 20
187.5148792622164
 30
-0.000000000001819
 41
1.0
 10
737.077226523872
 20
187.7324990538831
 30
-0.000000000001819
 41
1.0
 10
736.9938827738715
 20
188.0890250955498
 30
-0.000000000001819
 41
1.0
  0
SPLINE
  5
569
330
70
100
AcDbEntity
  8
Visible
100
AcDbSpline
210
0.0
220
0.0
230
1.0
 70
    12
 71
     3
 72
     8
 73
     4
 74
     0
 42
0.000000001
 43
0.0000000001
 40
-1.0
 40
-1.0
 40
-1.0
 40
-1.0
 40
0.0
 40
0.0
 40
0.0
 40
0.0
 10
736.9753619405383
 20
185.4127646788831
 30
-0.000000000001819
 41
1.0
 10
737.0864869405377
 20
185.8202230122165
 30
-0.000000000001819
 41
1.0
 10
737.0957473572034
 20
185.9313480122165
 30
-0.000000000001819
 41
1.0
 10
737.0957473572034
 20
186.7601553038831
 30
-0.000000000001819
 41
1.0
  0
SPLINE
  5
56A
330
70
100
AcDbEntity
  8
Visible
100
AcDbSpline
210
0.0
220
0.0
230
1.0
 70
    12
 71
     3
 72
     8
 73
     4
 74
     0
 42
0.000000001
 43
0.0000000001
 40
-1.0
 40
-1.0
 40
-1.0
 40
-1.0
 40
0.0
 40
0.0
 40
0.0
 40
0.0
 10
733.8731223572048
 20
182.4262803038831
 30
-0.000000000001819
 41
1.0
 10
735.4659140238709
 20
182.7040928038831
 30
-0.000000000001819
 41
1.0
 10
736.5169713155373
 20
183.7181084288831
 30
-0.000000000001819
 41
1.0
 10
736.9753619405383
 20
185.4127646788831
 30
-0.000000000001819
 41
1.0
  0
SPLINE
  5
56B
330
70
100
AcDbEntity
  8
Visible
100
AcDbSpline
210
0.0
220
0.0
230
1.0
 70
    12
 71
     3
 72
     8
 73
     4
 74
     0
 42
0.000000001
 43
0.0000000001
 40
-1.0
 40
-1.0
 40
-1.0
 40
-1.0
 40
0.0
 40
0.0
 40
0.0
 40
0.0
 10
730.807924440538
 20
183.2921292622165
 30
-0.000000000001819
 41
1.0
 10
731.5996900655372
 20
182.5512959288831
 30
-0.000000000001819
 41
1.0
 10
732.7433515238717
 20
182.2271813455498
 30
-0.000000000001819
 41
1.0
 10
733.8731223572048
 20
182.4262803038831
 30
-0.000000000001819
 41
1.0
  0
SPLINE
  5
56C
330
70
100
AcDbEntity
  8
Visible
100
AcDbSpline
210
0.0
220
0.0
230
1.0
 70
    12
 71
     3
 72
     8
 73
     4
 74
     0
 42
0.000000001
 43
0.0000000001
 40
-1.0
 40
-1.0
 40
-1.0
 40
-1.0
 40
0.0
 40
0.0
 40
0.0
 40
0.0
 10
729.6920442322043
 20
185.2090355122165
 30
-0.000000000001819
 41
1.0
 10
729.9004036072037
 20
184.3894886372164
 30
-0.000000000001819
 41
1.0
 10
730.2152577738707
 20
183.8431240538831
 30
-0.000000000001819
 41
1.0
 10
730.807924440538
 20
183.2921292622165
 30
-0.000000000001819
 41
1.0
  0
SPLINE
  5
56D
330
70
100
AcDbEntity
  8
Visible
100
AcDbSpline
210
0.0
220
0.0
230
1.0
 70
    12
 71
     3
 72
     8
 73
     4
 74
     0
 42
0.000000001
 43
0.0000000001
 40
-1.0
 40
-1.0
 40
-1.0
 40
-1.0
 40
0.0
 40
0.0
 40
0.0
 40
0.0
 10
729.942075482204
 20
189.0474782205498
 30
-0.000000000001819
 41
1.0
 10
729.4790546488711
 20
188.0242021788831
 30
-0.000000000001819
 41
1.0
 10
729.3725598572036
 20
186.4545615538831
 30
-0.000000000001819
 41
1.0
 10
729.6920442322043
 20
185.2090355122165
 30
-0.000000000001819
 41
1.0
  0
SPLINE
  5
56E
330
70
100
AcDbEntity
  8
Visible
100
AcDbSpline
210
0.0
220
0.0
230
1.0
 70
    12
 71
     3
 72
     8
 73
     4
 74
     0
 42
0.000000001
 43
0.0000000001
 40
-1.0
 40
-1.0
 40
-1.0
 40
-1.0
 40
0.0
 40
0.0
 40
0.0
 40
0.0
 10
731.8960233988709
 20
190.9134521788831
 30
-0.000000000001819
 41
1.0
 10
731.0394348572044
 20
190.5661865538831
 30
-0.000000000001819
 41
1.0
 10
730.3171223572044
 20
189.8762855122164
 30
-0.000000000001819
 41
1.0
 10
729.942075482204
 20
189.0474782205498
 30
-0.000000000001819
 41
1.0
  0
SPLINE
  5
56F
330
70
100
AcDbEntity
  8
Visible
100
AcDbSpline
210
0.0
220
0.0
230
1.0
 70
    12
 71
     3
 72
     8
 73
     4
 74
     0
 42
0.000000001
 43
0.0000000001
 40
-1.0
 40
-1.0
 40
-1.0
 40
-1.0
 40
0.0
 40
0.0
 40
0.0
 40
0.0
 10
733.3962108988707
 20
191.1403323872164
 30
-0.000000000001819
 41
1.0
 10
732.692419232204
 20
191.1588532205498
 30
-0.000000000001819
 41
1.0
 10
732.3868254822046
 20
191.1125511372164
 30
-0.000000000001819
 41
1.0
 10
731.8960233988709
 20
190.9134521788831
 30
-0.000000000001819
 41
1.0
  0
LINE
  5
570
330
70
100
AcDbEntity
  8
Visible
100
AcDbLine
 10
197.975086
 20
363.313211
 30
0.0
 11
169.784307
 21
353.052606
 31
0.0
210
0.3420201433256678
220
-0.9396926207859088
230
0.0
  0
LINE
  5
571
330
70
100
AcDbEntity
  8
Visible
100
AcDbLine
 10
169.784307
 20
353.052606
 30
0.0
 11
164.654005
 21
367.147996
 31
0.0
210
0.3420201433256678
220
-0.9396926207859088
230
0.0
  0
LINE
  5
572
330
70
100
AcDbEntity
  8
Visible
100
AcDbLine
 10
192.844784
 20
377.4086
 30
0.0
 11
197.975086
 21
363.313211
 31
0.0
210
0.3420201433256678
220
-0.9396926207859088
230
0.0
  0
CIRCLE
  5
573
330
70
100
AcDbEntity
  8
Visible
100
AcDbCircle
 10
-862.669345
 20
349.839471
 30
0.0
 40
2.5
210
0.0
220
0.0
230
-1.0
  0
CIRCLE
  5
574
330
70
100
AcDbEntity
  8
Visible
100
AcDbCircle
 10
-322.726161
 20
312.942889
 30
0.0
 40
2.5
210
0.0
220
0.0
230
-1.0
  0
CIRCLE
  5
575
330
70
100
AcDbEntity
  8
Visible
100
AcDbCircle
 10
-77.525146
 20
314.152129
 30
0.0
 40
2.5
210
0.0
220
0.0
230
-1.0
  0
CIRCLE
  5
576
330
70
100
AcDbEntity
  8
Visible
100
AcDbCircle
 10
-795.14625
 20
447.643518
 30
0.0
 40
2.5
210
0.0
220
0.0
230
-1.0
  0
CIRCLE
  5
577
330
70
100
AcDbEntity
  8
Visible
100
AcDbCircle
 10
-520.078866
 20
326.243622
 30
0.0
 40
2.5
210
0.0
220
0.0
230
-1.0
  0
CIRCLE
  5
578
330
70
100
AcDbEntity
  8
Visible
100
AcDbCircle
 10
-566.165308
 20
492.002603
 30
0.0
 40
2.5
210
0.0
220
0.0
230
-1.0
  0
LINE
  5
579
330
70
100
AcDbEntity
  8
Visible
100
AcDbLine
 10
164.654005
 20
367.147996
 30
0.0
 11
14.303186
 21
312.424773
 31
0.0
210
0.3420201433256678
220
-0.9396926207859088
230
0.0
  0
ARC
  5
57A
330
70
100
AcDbEntity
  8
Visible
100
AcDbCircle
 10
-176.323202
 20
411.669492
 30
0.0
 40
190.0
210
0.0
220
0.0
230
-1.0
100
AcDbArc
 50
258.636809
 51
328.510612
  0
LINE
  5
57B
330
70
100
AcDbEntity
  8
Visible
100
AcDbLine
 10
213.758435
 20
225.393881
 30
0.0
 11
879.237458
 21
335.336174
 31
0.0
210
0.3420201433256678
220
-0.9396926207859088
230
0.0
  0
ARC
  5
57C
330
70
100
AcDbEntity
  8
Visible
100
AcDbCircle
 10
-875.977492
 20
355.068701
 30
0.0
 40
20.0
210
0.0
220
0.0
230
-1.0
100
AcDbArc
 50
139.410507
 51
260.619027
  0
LINE
  5
57D
330
70
100
AcDbEntity
  8
Visible
100
AcDbLine
 10
891.165304
 20
368.081401
 30
0.0
 11
728.084837
 21
558.42128
 31
0.0
210
0.3420201433256678
220
-0.9396926207859088
230
0.0
  0
ARC
  5
57E
330
70
100
AcDbEntity
  8
Visible
100
AcDbCircle
 10
-712.897024
 20
545.40858
 30
0.0
 40
20.0
210
0.0
220
0.0
230
-1.0
100
AcDbArc
 50
70.0
 51
139.410507
  0
LINE
  5
57F
330
70
100
AcDbEntity
  8
Visible
100
AcDbLine
 10
706.056621
 20
564.202433
 30
0.0
 11
324.40175
 21
425.29142
 31
0.0
210
0.3420201433256678
220
-0.9396926207859088
230
0.0
  0
LINE
  5
580
330
70
100
AcDbEntity
  8
Visible
100
AcDbLine
 10
324.40175
 20
425.29142
 30
0.0
 11
353.473463
 21
345.417547
 31
0.0
210
0.3420201433256678
220
-0.9396926207859088
230
0.0
  0
ARC
  5
581
330
70
100
AcDbEntity
  8
Visible
100
AcDbCircle
 10
348.775
 20
343.707447
 30
0.0
 40
4.999999999999999
100
AcDbArc
 50
290.0
 51
20.0
  0
LINE
  5
582
330
70
100
AcDbEntity
  8
Visible
100
AcDbLine
 10
350.4851
 20
339.008983
 30
0.0
 11
265.912764
 21
308.227171
 31
0.0
210
0.3420201433256678
220
-0.9396926207859088
230
0.0
  0
ARC
  5
583
330
70
100
AcDbEntity
  8
Visible
100
AcDbCircle
 10
264.202664
 20
312.925634
 30
0.0
 40
4.999999999999999
100
AcDbArc
 50
200.0
 51
290.0
  0
LINE
  5
584
330
70
100
AcDbEntity
  8
Visible
100
AcDbLine
 10
259.504201
 20
311.215533
 30
0.0
 11
230.432488
 21
391.089406
 31
0.0
210
0.3420201433256678
220
-0.9396926207859088
230
0.0
  0
LINE
  5
585
330
70
100
AcDbEntity
  8
Visible
100
AcDbLine
 10
230.432488
 20
391.089406
 30
0.0
 11
192.844784
 21
377.4086
 31
0.0
210
0.3420201433256678
220
-0.9396926207859088
230
0.0
  0
LINE
  5
586
330
70
100
AcDbEntity
  8
Visible
100
AcDbLine
 10
406.654755
 20
319.943581
 30
0.0
 11
410.179043
 21
321.226317
 31
0.0
210
0.3420201433256678
220
-0.9396926207859088
230
0.0
  0
LINE
  5
587
330
70
100
AcDbEntity
  8
Visible
100
AcDbLine
 10
410.179043
 20
321.226317
 30
0.0
 11
416.972792
 21
302.560645
 31
0.0
210
0.3420201433256678
220
-0.9396926207859088
230
0.0
  0
LINE
  5
588
330
70
100
AcDbEntity
  8
Visible
100
AcDbLine
 10
416.972792
 20
302.560645
 30
0.0
 11
413.448504
 21
301.277909
 31
0.0
210
0.3420201433256678
220
-0.9396926207859088
230
0.0
  0
LINE
  5
589
330
70
100
AcDbEntity
  8
Visible
100
AcDbLine
 10
413.448504
 20
301.277909
 30
0.0
 11
406.654755
 21
319.943581
 31
0.0
210
0.3420201433256678
220
-0.9396926207859088
230
0.0
  0
SPLINE
  5
58A
330
70
100
AcDbEntity
  8
Visible
100
AcDbSpline
210
0.0
220
0.0
230
1.0
 70
    12
 71
     3
 72
     8
 73
     4
 74
     0
 42
0.000000001
 43
0.0000000001
 40
-1.0
 40
-1.0
 40
-1.0
 40
-1.0
 40
0.0
 40
0.0
 40
0.0
 40
0.0
 10
473.0271892233958
 20
328.239984730204
 30
0.000000000001819
 41
1.0
 10
472.8242931148288
 20
328.1070082085539
 30
0.000000000001819
 41
1.0
 10
472.5229082608966
 20
327.9332573503912
 30
0.000000000001819
 41
1.0
 10
472.3567874793443
 20
327.8481575066617
 30
0.000000000001819
 41
1.0
  0
SPLINE
  5
58B
330
70
100
AcDbEntity
  8
Visible
100
AcDbSpline
210
0.0
220
0.0
230
1.0
 70
    12
 71
     3
 72
     8
 73
     4
 74
     0
 42
0.000000001
 43
0.0000000001
 40
-1.0
 40
-1.0
 40
-1.0
 40
-1.0
 40
0.0
 40
0.0
 40
0.0
 40
0.0
 10
472.3567874793443
 20
327.8481575066617
 30
0.000000000001819
 41
1.0
 10
471.4897921662377
 20
327.4143402644763
 30
0.000000000001819
 41
1.0
 10
470.1413586015278
 20
327.0171705150515
 30
0.000000000001819
 41
1.0
 10
469.2093867453459
 20
326.9243287397403
 30
0.000000000001819
 41
1.0
  0
SPLINE
  5
58C
330
70
100
AcDbEntity
  8
Visible
100
AcDbSpline
210
0.0
220
0.0
230
1.0
 70
    12
 71
     3
 72
     8
 73
     4
 74
     0
 42
0.000000001
 43
0.0000000001
 40
-1.0
 40
-1.0
 40
-1.0
 40
-1.0
 40
0.0
 40
0.0
 40
0.0
 40
0.0
 10
469.2093867453459
 20
326.9243287397403
 30
0.000000000001819
 41
1.0
 10
466.8956772717356
 20
326.6882732298095
 30
0.000000000001819
 41
1.0
 10
464.8276861047088
 20
327.5911805698151
 30
0.000000000001819
 41
1.0
 10
463.3464526282677
 20
329.4812465159939
 30
0.000000000001819
 41
1.0
  0
SPLINE
  5
58D
330
70
100
AcDbEntity
  8
Visible
100
AcDbSpline
210
0.0
220
0.0
230
1.0
 70
    12
 71
     3
 72
     8
 73
     4
 74
     0
 42
0.000000001
 43
0.0000000001
 40
-1.0
 40
-1.0
 40
-1.0
 40
-1.0
 40
0.0
 40
0.0
 40
0.0
 40
0.0
 10
463.3464526282677
 20
329.4812465159939
 30
0.000000000001819
 41
1.0
 10
462.9016458901459
 20
330.0535274570661
 30
0.000000000001819
 41
1.0
 10
462.7066679041672
 20
329.898796072398
 30
0.000000000001819
 41
1.0
 10
464.8995580963492
 20
330.6969428293665
 30
0.000000000001819
 41
1.0
  0
SPLINE
  5
58E
330
70
100
AcDbEntity
  8
Visible
100
AcDbSpline
210
0.0
220
0.0
230
1.0
 70
    12
 71
     3
 72
     8
 73
     4
 74
     0
 42
0.000000001
 43
0.0000000001
 40
-1.0
 40
-1.0
 40
-1.0
 40
-1.0
 40
0.0
 40
0.0
 40
0.0
 40
0.0
 10
464.8995580963492
 20
330.6969428293665
 30
0.000000000001819
 41
1.0
 10
466.6660529733853
 20
331.339894383591
 30
0.000000000001819
 41
1.0
 10
466.7981657760083
 20
331.3830521465211
 30
0.000000000001819
 41
1.0
 10
466.8468422558289
 20
331.3170037348505
 30
0.000000000001819
 41
1.0
  0
SPLINE
  5
58F
330
70
100
AcDbEntity
  8
Visible
100
AcDbSpline
210
0.0
220
0.0
230
1.0
 70
    12
 71
     3
 72
     8
 73
     4
 74
     0
 42
0.000000001
 43
0.0000000001
 40
-1.0
 40
-1.0
 40
-1.0
 40
-1.0
 40
0.0
 40
0.0
 40
0.0
 40
0.0
 10
466.8468422558289
 20
331.3170037348505
 30
0.000000000001819
 41
1.0
 10
466.8741477942985
 20
331.282595854972
 30
0.000000000001819
 41
1.0
 10
467.0233285035137
 20
331.1299438714613
 30
0.000000000001819
 41
1.0
 10
467.1752765608143
 20
330.9832264850725
 30
0.000000000001819
 41
1.0
  0
SPLINE
  5
590
330
70
100
AcDbEntity
  8
Visible
100
AcDbSpline
210
0.0
220
0.0
230
1.0
 70
    12
 71
     3
 72
     8
 73
     4
 74
     0
 42
0.000000001
 43
0.0000000001
 40
-1.0
 40
-1.0
 40
-1.0
 40
-1.0
 40
0.0
 40
0.0
 40
0.0
 40
0.0
 10
467.1752765608143
 20
330.9832264850725
 30
0.000000000001819
 41
1.0
 10
467.5183474081277
 20
330.6498491362445
 30
0.000000000001819
 41
1.0
 10
468.1952913809091
 20
330.3197349121415
 30
0.000000000001819
 41
1.0
 10
468.6569582949596
 20
330.2561817818591
 30
0.000000000001819
 41
1.0
  0
SPLINE
  5
591
330
70
100
AcDbEntity
  8
Visible
100
AcDbSpline
210
0.0
220
0.0
230
1.0
 70
    12
 71
     3
 72
     8
 73
     4
 74
     0
 42
0.000000001
 43
0.0000000001
 40
-1.0
 40
-1.0
 40
-1.0
 40
-1.0
 40
0.0
 40
0.0
 40
0.0
 40
0.0
 10
468.6569582949596
 20
330.2561817818591
 30
0.000000000001819
 41
1.0
 10
469.2523376154349
 20
330.1772402451934
 30
0.000000000001819
 41
1.0
 10
469.6245696924324
 20
330.2240290752357
 30
0.000000000001819
 41
1.0
 10
470.2799829310497
 20
330.4675073500257
 30
0.000000000001819
 41
1.0
  0
SPLINE
  5
592
330
70
100
AcDbEntity
  8
Visible
100
AcDbSpline
210
0.0
220
0.0
230
1.0
 70
    12
 71
     3
 72
     8
 73
     4
 74
     0
 42
0.000000001
 43
0.0000000001
 40
-1.0
 40
-1.0
 40
-1.0
 40
-1.0
 40
0.0
 40
0.0
 40
0.0
 40
0.0
 10
470.2799829310497
 20
330.4675073500257
 30
0.000000000001819
 41
1.0
 10
470.9543836845987
 20
330.7129691502841
 30
0.000000000001819
 41
1.0
 10
471.2221444812694
 20
330.8843365820298
 30
0.000000000001819
 41
1.0
 10
471.6452926509701
 20
331.3192097135307
 30
0.000000000001819
 41
1.0
  0
SPLINE
  5
593
330
70
100
AcDbEntity
  8
Visible
100
AcDbSpline
210
0.0
220
0.0
230
1.0
 70
    12
 71
     3
 72
     8
 73
     4
 74
     0
 42
0.000000001
 43
0.0000000001
 40
-1.0
 40
-1.0
 40
-1.0
 40
-1.0
 40
0.0
 40
0.0
 40
0.0
 40
0.0
 10
471.6452926509701
 20
331.3192097135307
 30
0.000000000001819
 41
1.0
 10
472.0213799239354
 20
331.7073898906797
 30
0.000000000001819
 41
1.0
 10
472.3672984346522
 20
332.4492145308454
 30
0.000000000001819
 41
1.0
 10
472.4395215515778
 20
333.0224390873523
 30
0.000000000001819
 41
1.0
  0
SPLINE
  5
594
330
70
100
AcDbEntity
  8
Visible
100
AcDbSpline
210
0.0
220
0.0
230
1.0
 70
    12
 71
     3
 72
     8
 73
     4
 74
     0
 42
0.000000001
 43
0.0000000001
 40
-1.0
 40
-1.0
 40
-1.0
 40
-1.0
 40
0.0
 40
0.0
 40
0.0
 40
0.0
 10
472.4395215515778
 20
333.0224390873523
 30
0.000000000001819
 41
1.0
 10
472.5583257678845
 20
333.9279691240899
 30
0.000000000001819
 41
1.0
 10
472.4429772655039
 20
334.7187103522106
 30
0.000000000001819
 41
1.0
 10
472.0375693889472
 20
335.8325593387153
 30
0.000000000001819
 41
1.0
  0
SPLINE
  5
595
330
70
100
AcDbEntity
  8
Visible
100
AcDbSpline
210
0.0
220
0.0
230
1.0
 70
    12
 71
     3
 72
     8
 73
     4
 74
     0
 42
0.000000001
 43
0.0000000001
 40
-1.0
 40
-1.0
 40
-1.0
 40
-1.0
 40
0.0
 40
0.0
 40
0.0
 40
0.0
 10
472.0375693889472
 20
335.8325593387153
 30
0.000000000001819
 41
1.0
 10
471.7319298570128
 20
336.6722970511974
 30
0.000000000001819
 41
1.0
 10
471.4833647248433
 20
337.1386189631116
 30
0.000000000001819
 41
1.0
 10
471.0464761093153
 20
337.6891450411672
 30
0.000000000001819
 41
1.0
  0
SPLINE
  5
596
330
70
100
AcDbEntity
  8
Visible
100
AcDbSpline
210
0.0
220
0.0
230
1.0
 70
    12
 71
     3
 72
     8
 73
     4
 74
     0
 42
0.000000001
 43
0.0000000001
 40
-1.0
 40
-1.0
 40
-1.0
 40
-1.0
 40
0.0
 40
0.0
 40
0.0
 40
0.0
 10
471.0464761093153
 20
337.6891450411672
 30
0.000000000001819
 41
1.0
 10
470.2637173398179
 20
338.6755042643481
 30
0.000000000001819
 41
1.0
 10
469.265521299867
 20
339.1301331730279
 30
0.000000000001819
 41
1.0
 10
468.0934301693087
 20
339.033660330605
 30
0.000000000001819
 41
1.0
  0
SPLINE
  5
597
330
70
100
AcDbEntity
  8
Visible
100
AcDbSpline
210
0.0
220
0.0
230
1.0
 70
    12
 71
     3
 72
     8
 73
     4
 74
     0
 42
0.000000001
 43
0.0000000001
 40
-1.0
 40
-1.0
 40
-1.0
 40
-1.0
 40
0.0
 40
0.0
 40
0.0
 40
0.0
 10
468.0934301693087
 20
339.033660330605
 30
0.000000000001819
 41
1.0
 10
467.6579010494424
 20
338.9983248145741
 30
0.000000000001819
 41
1.0
 10
466.8082776681858
 20
338.6792324638796
 30
0.000000000001819
 41
1.0
 10
466.3985343793974
 20
338.3970592537334
 30
0.000000000001819
 41
1.0
  0
SPLINE
  5
598
330
70
100
AcDbEntity
  8
Visible
100
AcDbSpline
210
0.0
220
0.0
230
1.0
 70
    12
 71
     3
 72
     8
 73
     4
 74
     0
 42
0.000000001
 43
0.0000000001
 40
-1.0
 40
-1.0
 40
-1.0
 40
-1.0
 40
0.0
 40
0.0
 40
0.0
 40
0.0
 10
466.3985343793974
 20
338.3970592537334
 30
0.000000000001819
 41
1.0
 10
465.6439124899261
 20
337.8711037435369
 30
0.000000000001819
 41
1.0
 10
465.256435820078
 20
337.202845736681
 30
0.000000000001819
 41
1.0
 10
465.1748228110172
 20
336.2763606388248
 30
0.000000000001819
 41
1.0
  0
LINE
  5
599
330
70
100
AcDbEntity
  8
Visible
100
AcDbLine
 10
465.174823
 20
336.276361
 30
0.0
 11
465.140911
 21
335.909247
 31
0.0
210
0.3420201433256678
220
-0.9396926207859088
230
0.0
  0
LINE
  5
59A
330
70
100
AcDbEntity
  8
Visible
100
AcDbLine
 10
465.140911
 20
335.909247
 30
0.0
 11
463.252589
 21
335.221954
 31
0.0
210
0.3420201433256678
220
-0.9396926207859088
230
0.0
  0
SPLINE
  5
59B
330
70
100
AcDbEntity
  8
Visible
100
AcDbSpline
210
0.0
220
0.0
230
1.0
 70
    12
 71
     3
 72
     8
 73
     4
 74
     0
 42
0.000000001
 43
0.0000000001
 40
-1.0
 40
-1.0
 40
-1.0
 40
-1.0
 40
0.0
 40
0.0
 40
0.0
 40
0.0
 10
463.252588597843
 20
335.2219543370424
 30
0.000000000001819
 41
1.0
 10
461.6296758167245
 20
334.6312623919053
 30
0.000000000001819
 41
1.0
 10
461.3567482662711
 20
334.5417796170095
 30
0.000000000001819
 41
1.0
 10
461.3377447720576
 20
334.5939912882518
 30
0.000000000001819
 41
1.0
  0
SPLINE
  5
59C
330
70
100
AcDbEntity
  8
Visible
100
AcDbSpline
210
0.0
220
0.0
230
1.0
 70
    12
 71
     3
 72
     8
 73
     4
 74
     0
 42
0.000000001
 43
0.0000000001
 40
-1.0
 40
-1.0
 40
-1.0
 40
-1.0
 40
0.0
 40
0.0
 40
0.0
 40
0.0
 10
461.3377447720576
 20
334.5939912882518
 30
0.000000000001819
 41
1.0
 10
461.2886524120058
 20
334.7288714389615
 30
0.000000000001819
 41
1.0
 10
461.2797267568549
 20
335.4844369438665
 30
0.000000000001819
 41
1.0
 10
461.3199413996044
 20
335.9425367079321
 30
0.000000000001819
 41
1.0
  0
SPLINE
  5
59D
330
70
100
AcDbEntity
  8
Visible
100
AcDbSpline
210
0.0
220
0.0
230
1.0
 70
    12
 71
     3
 72
     8
 73
     4
 74
     0
 42
0.000000001
 43
0.0000000001
 40
-1.0
 40
-1.0
 40
-1.0
 40
-1.0
 40
0.0
 40
0.0
 40
0.0
 40
0.0
 10
461.3199413996044
 20
335.9425367079321
 30
0.000000000001819
 41
1.0
 10
461.4394016042751
 20
337.3065504304036
 30
0.000000000001819
 41
1.0
 10
462.0584558150203
 20
338.7735636636585
 30
0.000000000001819
 41
1.0
 10
462.9193567381898
 20
339.7521002210305
 30
0.000000000001819
 41
1.0
  0
SPLINE
  5
59E
330
70
100
AcDbEntity
  8
Visible
100
AcDbSpline
210
0.0
220
0.0
230
1.0
 70
    12
 71
     3
 72
     8
 73
     4
 74
     0
 42
0.000000001
 43
0.0000000001
 40
-1.0
 40
-1.0
 40
-1.0
 40
-1.0
 40
0.0
 40
0.0
 40
0.0
 40
0.0
 10
462.9193567381898
 20
339.7521002210305
 30
0.000000000001819
 41
1.0
 10
463.8103145686364
 20
340.7563586923561
 30
0.000000000001819
 41
1.0
 10
464.8457661518677
 20
341.404237311141
 30
0.000000000001819
 41
1.0
 10
466.4061976713019
 20
341.922914288923
 30
0.000000000001819
 41
1.0
  0
SPLINE
  5
59F
330
70
100
AcDbEntity
  8
Visible
100
AcDbSpline
210
0.0
220
0.0
230
1.0
 70
    12
 71
     3
 72
     8
 73
     4
 74
     0
 42
0.000000001
 43
0.0000000001
 40
-1.0
 40
-1.0
 40
-1.0
 40
-1.0
 40
0.0
 40
0.0
 40
0.0
 40
0.0
 10
466.4061976713019
 20
341.922914288923
 30
0.000000000001819
 41
1.0
 10
467.6414899690353
 20
342.3331049975946
 30
0.000000000001819
 41
1.0
 10
468.4591368346755
 20
342.4286821624282
 30
0.000000000001819
 41
1.0
 10
469.6415774520882
 20
342.3071904944436
 30
0.000000000001819
 41
1.0
  0
SPLINE
  5
5A0
330
70
100
AcDbEntity
  8
Visible
100
AcDbSpline
210
0.0
220
0.0
230
1.0
 70
    12
 71
     3
 72
     8
 73
     4
 74
     0
 42
0.000000001
 43
0.0000000001
 40
-1.0
 40
-1.0
 40
-1.0
 40
-1.0
 40
0.0
 40
0.0
 40
0.0
 40
0.0
 10
469.6415774520882
 20
342.3071904944436
 30
0.000000000001819
 41
1.0
 10
471.7979799443237
 20
342.0819470327101
 30
0.000000000001819
 41
1.0
 10
473.5705528131038
 20
340.8941310930349
 30
0.000000000001819
 41
1.0
 10
474.8532571328651
 20
338.8184770530151
 30
0.000000000001819
 41
1.0
  0
SPLINE
  5
5A1
330
70
100
AcDbEntity
  8
Visible
100
AcDbSpline
210
0.0
220
0.0
230
1.0
 70
    12
 71
     3
 72
     8
 73
     4
 74
     0
 42
0.000000001
 43
0.0000000001
 40
-1.0
 40
-1.0
 40
-1.0
 40
-1.0
 40
0.0
 40
0.0
 40
0.0
 40
0.0
 10
474.8532571328651
 20
338.8184770530151
 30
0.000000000001819
 41
1.0
 10
476.040975940119
 20
336.8954909757872
 30
0.000000000001819
 41
1.0
 10
476.5081127953963
 20
334.3801010757415
 30
0.000000000001819
 41
1.0
 10
476.0347839988535
 20
332.4044079695414
 30
0.000000000001819
 41
1.0
  0
SPLINE
  5
5A2
330
70
100
AcDbEntity
  8
Visible
100
AcDbSpline
210
0.0
220
0.0
230
1.0
 70
    12
 71
     3
 72
     8
 73
     4
 74
     0
 42
0.000000001
 43
0.0000000001
 40
-1.0
 40
-1.0
 40
-1.0
 40
-1.0
 40
0.0
 40
0.0
 40
0.0
 40
0.0
 10
476.0347839988535
 20
332.4044079695414
 30
0.000000000001819
 41
1.0
 10
475.6313907685089
 20
330.7103922968476
 30
0.000000000001819
 41
1.0
 10
474.5799587076544
 20
329.2535367990658
 30
0.000000000001819
 41
1.0
 10
473.0271892233958
 20
328.239984730204
 30
0.000000000001819
 41
1.0
  0
SPLINE
  5
5A3
330
70
100
AcDbEntity
  8
Visible
100
AcDbSpline
210
0.0
220
0.0
230
1.0
 70
    12
 71
     3
 72
     8
 73
     4
 74
     0
 42
0.000000001
 43
0.0000000001
 40
-1.0
 40
-1.0
 40
-1.0
 40
-1.0
 40
0.0
 40
0.0
 40
0.0
 40
0.0
 10
503.3025046583934
 20
340.392592283325
 30
0.000000000001819
 41
1.0
 10
502.6413485740358
 20
339.5015389960995
 30
0.000000000001819
 41
1.0
 10
501.6213812728765
 20
338.6622016034771
 30
0.000000000001819
 41
1.0
 10
500.50481287613
 20
338.0882735396704
 30
0.000000000001819
 41
1.0
  0
SPLINE
  5
5A4
330
70
100
AcDbEntity
  8
Visible
100
AcDbSpline
210
0.0
220
0.0
230
1.0
 70
    12
 71
     3
 72
     8
 73
     4
 74
     0
 42
0.000000001
 43
0.0000000001
 40
-1.0
 40
-1.0
 40
-1.0
 40
-1.0
 40
0.0
 40
0.0
 40
0.0
 40
0.0
 10
500.50481287613
 20
338.0882735396704
 30
0.000000000001819
 41
1.0
 10
500.0020995588693
 20
337.8313903839639
 30
0.000000000001819
 41
1.0
 10
498.7011427711295
 20
337.4120818498536
 30
0.000000000001819
 41
1.0
 10
498.093158371641
 20
337.3090503805074
 30
0.000000000001819
 41
1.0
  0
SPLINE
  5
5A5
330
70
100
AcDbEntity
  8
Visible
100
AcDbSpline
210
0.0
220
0.0
230
1.0
 70
    12
 71
     3
 72
     8
 73
     4
 74
     0
 42
0.000000001
 43
0.0000000001
 40
-1.0
 40
-1.0
 40
-1.0
 40
-1.0
 40
0.0
 40
0.0
 40
0.0
 40
0.0
 10
498.093158371641
 20
337.3090503805074
 30
0.000000000001819
 41
1.0
 10
497.0900033085635
 20
337.1410263888051
 30
0.000000000001819
 41
1.0
 10
495.9424024305481
 20
337.1667966595128
 30
0.000000000001819
 41
1.0
 10
495.0680970453704
 20
337.3758035562082
 30
0.000000000001819
 41
1.0
  0
SPLINE
  5
5A6
330
70
100
AcDbEntity
  8
Visible
100
AcDbSpline
210
0.0
220
0.0
230
1.0
 70
    12
 71
     3
 72
     8
 73
     4
 74
     0
 42
0.000000001
 43
0.0000000001
 40
-1.0
 40
-1.0
 40
-1.0
 40
-1.0
 40
0.0
 40
0.0
 40
0.0
 40
0.0
 10
495.0680970453704
 20
337.3758035562082
 30
0.000000000001819
 41
1.0
 10
494.4738854691804
 20
337.5192258593088
 30
0.000000000001819
 41
1.0
 10
493.5203988581161
 20
337.9457813861809
 30
0.000000000001819
 41
1.0
 10
493.0008897009629
 20
338.3036330082682
 30
0.000000000001819
 41
1.0
  0
SPLINE
  5
5A7
330
70
100
AcDbEntity
  8
Visible
100
AcDbSpline
210
0.0
220
0.0
230
1.0
 70
    12
 71
     3
 72
     8
 73
     4
 74
     0
 42
0.000000001
 43
0.0000000001
 40
-1.0
 40
-1.0
 40
-1.0
 40
-1.0
 40
0.0
 40
0.0
 40
0.0
 40
0.0
 10
493.0008897009629
 20
338.3036330082682
 30
0.000000000001819
 41
1.0
 10
492.2471479287069
 20
338.8176718052869
 30
0.000000000001819
 41
1.0
 10
491.4549353499515
 20
339.6675512739598
 30
0.000000000001819
 41
1.0
 10
490.8917566739456
 20
340.5515186179691
 30
0.000000000001819
 41
1.0
  0
SPLINE
  5
5A8
330
70
100
AcDbEntity
  8
Visible
100
AcDbSpline
210
0.0
220
0.0
230
1.0
 70
    12
 71
     3
 72
     8
 73
     4
 74
     0
 42
0.000000001
 43
0.0000000001
 40
-1.0
 40
-1.0
 40
-1.0
 40
-1.0
 40
0.0
 40
0.0
 40
0.0
 40
0.0
 10
490.8917566739456
 20
340.5515186179691
 30
0.000000000001819
 41
1.0
 10
490.6558765172031
 20
340.9288375523456
 30
0.000000000001819
 41
1.0
 10
490.5826458677147
 20
341.0894236377262
 30
0.000000000001819
 41
1.0
 10
490.2136613550683
 20
342.1032002543498
 30
0.000000000001819
 41
1.0
  0
SPLINE
  5
5A9
330
70
100
AcDbEntity
  8
Visible
100
AcDbSpline
210
0.0
220
0.0
230
1.0
 70
    12
 71
     3
 72
     8
 73
     4
 74
     0
 42
0.000000001
 43
0.0000000001
 40
-1.0
 40
-1.0
 40
-1.0
 40
-1.0
 40
0.0
 40
0.0
 40
0.0
 40
0.0
 10
490.2136613550683
 20
342.1032002543498
 30
0.000000000001819
 41
1.0
 10
489.9872030490241
 20
342.7253893366551
 30
0.000000000001819
 41
1.0
 10
489.7959684040397
 20
343.2914156760649
 30
0.000000000001819
 41
1.0
 10
489.7939688992883
 20
343.3645983877064
 30
0.000000000001819
 41
1.0
  0
LINE
  5
5AA
330
70
100
AcDbEntity
  8
Visible
100
AcDbLine
 10
489.793969
 20
343.364598
 30
0.0
 11
489.780084
 21
343.497511
 31
0.0
210
0.3420201433256678
220
-0.9396926207859088
230
0.0
  0
LINE
  5
5AB
330
70
100
AcDbEntity
  8
Visible
100
AcDbLine
 10
489.780084
 20
343.497511
 30
0.0
 11
499.96136
 21
347.203192
 31
0.0
210
0.3420201433256678
220
-0.9396926207859088
230
0.0
  0
LINE
  5
5AC
330
70
100
AcDbEntity
  8
Visible
100
AcDbLine
 10
499.96136
 20
347.203192
 30
0.0
 11
499.902766
 21
347.364178
 31
0.0
210
0.3420201433256678
220
-0.9396926207859088
230
0.0
  0
SPLINE
  5
5AD
330
70
100
AcDbEntity
  8
Visible
100
AcDbSpline
210
0.0
220
0.0
230
1.0
 70
    12
 71
     3
 72
     8
 73
     4
 74
     0
 42
0.000000001
 43
0.0000000001
 40
-1.0
 40
-1.0
 40
-1.0
 40
-1.0
 40
0.0
 40
0.0
 40
0.0
 40
0.0
 10
499.9027660061292
 20
347.3641783501999
 30
0.000000000001819
 41
1.0
 10
499.7950795389187
 20
347.6600444872401
 30
0.000000000001819
 41
1.0
 10
499.4025004513223
 20
348.1971337258165
 30
0.000000000001819
 41
1.0
 10
499.0443931607314
 20
348.5447477160228
 30
0.000000000001819
 41
1.0
  0
SPLINE
  5
5AE
330
70
100
AcDbEntity
  8
Visible
100
AcDbSpline
210
0.0
220
0.0
230
1.0
 70
    12
 71
     3
 72
     8
 73
     4
 74
     0
 42
0.000000001
 43
0.0000000001
 40
-1.0
 40
-1.0
 40
-1.0
 40
-1.0
 40
0.0
 40
0.0
 40
0.0
 40
0.0
 10
499.0443931607314
 20
348.5447477160228
 30
0.000000000001819
 41
1.0
 10
498.7539498648893
 20
348.828296820026
 30
0.000000000001819
 41
1.0
 10
498.6182379537186
 20
348.9168679380509
 30
0.000000000001819
 41
1.0
 10
498.1850123638596
 20
349.1188843483096
 30
0.000000000001819
 41
1.0
  0
SPLINE
  5
5AF
330
70
100
AcDbEntity
  8
Visible
100
AcDbSpline
210
0.0
220
0.0
230
1.0
 70
    12
 71
     3
 72
     8
 73
     4
 74
     0
 42
0.000000001
 43
0.0000000001
 40
-1.0
 40
-1.0
 40
-1.0
 40
-1.0
 40
0.0
 40
0.0
 40
0.0
 40
0.0
 10
498.1850123638596
 20
349.1188843483096
 30
0.000000000001819
 41
1.0
 10
497.599070873368
 20
349.3885008361953
 30
0.000000000001819
 41
1.0
 10
497.2410434791836
 20
349.465138842851
 30
0.000000000001819
 41
1.0
 10
496.6421289672871
 20
349.4590284736323
 30
0.000000000001819
 41
1.0
  0
SPLINE
  5
5B0
330
70
100
AcDbEntity
  8
Visible
100
AcDbSpline
210
0.0
220
0.0
230
1.0
 70
    12
 71
     3
 72
     8
 73
     4
 74
     0
 42
0.000000001
 43
0.0000000001
 40
-1.0
 40
-1.0
 40
-1.0
 40
-1.0
 40
0.0
 40
0.0
 40
0.0
 40
0.0
 10
496.6421289672871
 20
349.4590284736323
 30
0.000000000001819
 41
1.0
 10
496.2659298393519
 20
349.450214673454
 30
0.000000000001819
 41
1.0
 10
496.1361844838629
 20
349.4276280499735
 30
0.000000000001819
 41
1.0
 10
495.6164352185769
 20
349.2581642472883
 30
0.000000000001819
 41
1.0
  0
SPLINE
  5
5B1
330
70
100
AcDbEntity
  8
Visible
100
AcDbSpline
210
0.0
220
0.0
230
1.0
 70
    12
 71
     3
 72
     8
 73
     4
 74
     0
 42
0.000000001
 43
0.0000000001
 40
-1.0
 40
-1.0
 40
-1.0
 40
-1.0
 40
0.0
 40
0.0
 40
0.0
 40
0.0
 10
495.6164352185769
 20
349.2581642472883
 30
0.000000000001819
 41
1.0
 10
495.1156734682208
 20
349.0906839700701
 30
0.000000000001819
 41
1.0
 10
494.9665566761304
 20
349.0265551667399
 30
0.000000000001819
 41
1.0
 10
494.6687389721865
 20
348.8294658210416
 30
0.000000000001819
 41
1.0
  0
SPLINE
  5
5B2
330
70
100
AcDbEntity
  8
Visible
100
AcDbSpline
210
0.0
220
0.0
230
1.0
 70
    12
 71
     3
 72
     8
 73
     4
 74
     0
 42
0.000000001
 43
0.0000000001
 40
-1.0
 40
-1.0
 40
-1.0
 40
-1.0
 40
0.0
 40
0.0
 40
0.0
 40
0.0
 10
494.6687389721865
 20
348.8294658210416
 30
0.000000000001819
 41
1.0
 10
493.9149009053326
 20
348.3284324228985
 30
0.000000000001819
 41
1.0
 10
493.4732290387764
 20
347.6601584367609
 30
0.000000000001819
 41
1.0
 10
493.3160498916532
 20
346.7652978914157
 30
0.000000000001819
 41
1.0
  0
LINE
  5
5B3
330
70
100
AcDbEntity
  8
Visible
100
AcDbLine
 10
493.31605
 20
346.765298
 30
0.0
 11
493.267869
 21
346.491539
 31
0.0
210
0.3420201433256678
220
-0.9396926207859088
230
0.0
  0
LINE
  5
5B4
330
70
100
AcDbEntity
  8
Visible
100
AcDbLine
 10
493.267869
 20
346.491539
 30
0.0
 11
491.375196
 21
345.802662
 31
0.0
210
0.3420201433256678
220
-0.9396926207859088
230
0.0
  0
SPLINE
  5
5B5
330
70
100
AcDbEntity
  8
Visible
100
AcDbSpline
210
0.0
220
0.0
230
1.0
 70
    12
 71
     3
 72
     8
 73
     4
 74
     0
 42
0.000000001
 43
0.0000000001
 40
-1.0
 40
-1.0
 40
-1.0
 40
-1.0
 40
0.0
 40
0.0
 40
0.0
 40
0.0
 10
491.3751961059351
 20
345.8026619152574
 30
0.000000000001819
 41
1.0
 10
489.8001440234548
 20
345.2293898398161
 30
0.000000000001819
 41
1.0
 10
489.4837067469652
 20
345.124070819742
 30
0.000000000001819
 41
1.0
 10
489.46470325275
 20
345.1762824909843
 30
0.000000000001819
 41
1.0
  0
SPLINE
  5
5B6
330
70
100
AcDbEntity
  8
Visible
100
AcDbSpline
210
0.0
220
0.0
230
1.0
 70
    12
 71
     3
 72
     8
 73
     4
 74
     0
 42
0.000000001
 43
0.0000000001
 40
-1.0
 40
-1.0
 40
-1.0
 40
-1.0
 40
0.0
 40
0.0
 40
0.0
 40
0.0
 10
489.46470325275
 20
345.1762824909843
 30
0.000000000001819
 41
1.0
 10
489.4266962643232
 20
345.2807058334693
 30
0.000000000001819
 41
1.0
 10
489.4470916316768
 20
345.8744855501441
 30
0.000000000001819
 41
1.0
 10
489.50904515816
 20
346.3946986335086
 30
0.000000000001819
 41
1.0
  0
SPLINE
  5
5B7
330
70
100
AcDbEntity
  8
Visible
100
AcDbSpline
210
0.0
220
0.0
230
1.0
 70
    12
 71
     3
 72
     8
 73
     4
 74
     0
 42
0.000000001
 43
0.0000000001
 40
-1.0
 40
-1.0
 40
-1.0
 40
-1.0
 40
0.0
 40
0.0
 40
0.0
 40
0.0
 10
489.50904515816
 20
346.3946986335086
 30
0.000000000001819
 41
1.0
 10
489.7300175436976
 20
348.2785415176763
 30
0.000000000001819
 41
1.0
 10
490.7782024591088
 20
350.0150749442164
 30
0.000000000001819
 41
1.0
 10
492.3645640420654
 20
351.1394008329153
 30
0.000000000001819
 41
1.0
  0
SPLINE
  5
5B8
330
70
100
AcDbEntity
  8
Visible
100
AcDbSpline
210
0.0
220
0.0
230
1.0
 70
    12
 71
     3
 72
     8
 73
     4
 74
     0
 42
0.000000001
 43
0.0000000001
 40
-1.0
 40
-1.0
 40
-1.0
 40
-1.0
 40
0.0
 40
0.0
 40
0.0
 40
0.0
 10
492.3645640420654
 20
351.1394008329153
 30
0.000000000001819
 41
1.0
 10
493.1464754907247
 20
351.685143659944
 30
0.000000000001819
 41
1.0
 10
494.6467452577653
 20
352.3149623999502
 30
0.000000000001819
 41
1.0
 10
495.5968888476982
 20
352.4932559820954
 30
0.000000000001819
 41
1.0
  0
SPLINE
  5
5B9
330
70
100
AcDbEntity
  8
Visible
100
AcDbSpline
210
0.0
220
0.0
230
1.0
 70
    12
 71
     3
 72
     8
 73
     4
 74
     0
 42
0.000000001
 43
0.0000000001
 40
-1.0
 40
-1.0
 40
-1.0
 40
-1.0
 40
0.0
 40
0.0
 40
0.0
 40
0.0
 10
495.5968888476982
 20
352.4932559820954
 30
0.000000000001819
 41
1.0
 10
498.8322047113578
 20
353.0943129744551
 30
0.000000000001819
 41
1.0
 10
501.594559720861
 20
351.813430711708
 30
0.000000000001819
 41
1.0
 10
503.311465204475
 20
348.9103400129611
 30
0.000000000001819
 41
1.0
  0
SPLINE
  5
5BA
330
70
100
AcDbEntity
  8
Visible
100
AcDbSpline
210
0.0
220
0.0
230
1.0
 70
    12
 71
     3
 72
     8
 73
     4
 74
     0
 42
0.000000001
 43
0.0000000001
 40
-1.0
 40
-1.0
 40
-1.0
 40
-1.0
 40
0.0
 40
0.0
 40
0.0
 40
0.0
 10
503.311465204475
 20
348.9103400129611
 30
0.000000000001819
 41
1.0
 10
503.587719796782
 20
348.4491688755502
 30
0.000000000001819
 41
1.0
 10
504.1498745420358
 20
347.0129639947149
 30
0.000000000001819
 41
1.0
 10
504.2952320138502
 20
346.410530270678
 30
0.000000000001819
 41
1.0
  0
SPLINE
  5
5BB
330
70
100
AcDbEntity
  8
Visible
100
AcDbSpline
210
0.0
220
0.0
230
1.0
 70
    12
 71
     3
 72
     8
 73
     4
 74
     0
 42
0.000000001
 43
0.0000000001
 40
-1.0
 40
-1.0
 40
-1.0
 40
-1.0
 40
0.0
 40
0.0
 40
0.0
 40
0.0
 10
504.2952320138502
 20
346.410530270678
 30
0.000000000001819
 41
1.0
 10
504.6029829055042
 20
345.1182434695829
 30
0.000000000001819
 41
1.0
 10
504.6168192270234
 20
343.807673079767
 30
0.000000000001819
 41
1.0
 10
504.3283909963029
 20
342.6236008999945
 30
0.000000000001819
 41
1.0
  0
SPLINE
  5
5BC
330
70
100
AcDbEntity
  8
Visible
100
AcDbSpline
210
0.0
220
0.0
230
1.0
 70
    12
 71
     3
 72
     8
 73
     4
 74
     0
 42
0.000000001
 43
0.0000000001
 40
-1.0
 40
-1.0
 40
-1.0
 40
-1.0
 40
0.0
 40
0.0
 40
0.0
 40
0.0
 10
504.3283909963029
 20
342.6236008999945
 30
0.000000000001819
 41
1.0
 10
504.1770665498952
 20
341.996948990115
 30
0.000000000001819
 41
1.0
 10
503.6655070549841
 20
340.8844119803407
 30
0.000000000001819
 41
1.0
 10
503.3025046583934
 20
340.392592283325
 30
0.000000000001819
 41
1.0
  0
SPLINE
  5
5BD
330
70
100
AcDbEntity
  8
Visible
100
AcDbSpline
210
0.0
220
0.0
230
1.0
 70
    12
 71
     3
 72
     8
 73
     4
 74
     0
 42
0.000000001
 43
0.0000000001
 40
-1.0
 40
-1.0
 40
-1.0
 40
-1.0
 40
0.0
 40
0.0
 40
0.0
 40
0.0
 10
554.2847100547078
 20
422.4081286586656
 30
0.000000000001819
 41
1.0
 10
565.4671200801949
 20
408.9860480498582
 30
0.000000000001819
 41
1.0
 10
574.6356866164314
 20
397.9697197258929
 30
0.000000000001819
 41
1.0
 10
574.6645757794194
 20
397.9309608734106
 30
0.000000000001819
 41
1.0
  0
SPLINE
  5
5BE
330
70
100
AcDbEntity
  8
Visible
100
AcDbSpline
210
0.0
220
0.0
230
1.0
 70
    12
 71
     3
 72
     8
 73
     4
 74
     0
 42
0.000000001
 43
0.0000000001
 40
-1.0
 40
-1.0
 40
-1.0
 40
-1.0
 40
0.0
 40
0.0
 40
0.0
 40
0.0
 10
574.6645757794194
 20
397.9309608734106
 30
0.000000000001819
 41
1.0
 10
574.7073176621179
 20
397.8676798098249
 30
0.000000000001819
 41
1.0
 10
574.2433472180582
 20
397.6938810138177
 30
0.000000000001819
 41
1.0
 10
565.310800463003
 20
394.4426998787863
 30
0.000000000001819
 41
1.0
  0
LINE
  5
5BF
330
70
100
AcDbEntity
  8
Visible
100
AcDbLine
 10
565.3108
 20
394.4427
 30
0.0
 11
555.908349
 21
391.020487
 31
0.0
210
0.3420201433256678
220
-0.9396926207859088
230
0.0
  0
LINE
  5
5C0
330
70
100
AcDbEntity
  8
Visible
100
AcDbLine
 10
555.908349
 20
391.020487
 30
0.0
 11
555.636477
 21
391.374852
 31
0.0
210
0.3420201433256678
220
-0.9396926207859088
230
0.0
  0
SPLINE
  5
5C1
330
70
100
AcDbEntity
  8
Visible
100
AcDbSpline
210
0.0
220
0.0
230
1.0
 70
    12
 71
     3
 72
     8
 73
     4
 74
     0
 42
0.000000001
 43
0.0000000001
 40
-1.0
 40
-1.0
 40
-1.0
 40
-1.0
 40
0.0
 40
0.0
 40
0.0
 40
0.0
 10
555.6364770056225
 20
391.3748516643413
 30
0.000000000001819
 41
1.0
 10
555.4860965935586
 20
391.5714132748367
 30
0.000000000001819
 41
1.0
 10
549.3924986870061
 20
399.6221532401787
 30
0.000000000001819
 41
1.0
 10
542.0895229858688
 20
409.2627899799003
 30
0.000000000001819
 41
1.0
  0
LINE
  5
5C2
330
70
100
AcDbEntity
  8
Visible
100
AcDbLine
 10
542.089523
 20
409.26279
 30
0.0
 11
528.818792
 21
426.797948
 31
0.0
210
0.3420201433256678
220
-0.9396926207859088
230
0.0
  0
LINE
  5
5C3
330
70
100
AcDbEntity
  8
Visible
100
AcDbLine
 10
528.818792
 20
426.797948
 30
0.0
 11
528.82599
 21
426.53449
 31
0.0
210
0.3420201433256678
220
-0.9396926207859088
230
0.0
  0
SPLINE
  5
5C4
330
70
100
AcDbEntity
  8
Visible
100
AcDbSpline
210
0.0
220
0.0
230
1.0
 70
    12
 71
     3
 72
     8
 73
     4
 74
     0
 42
0.000000001
 43
0.0000000001
 40
-1.0
 40
-1.0
 40
-1.0
 40
-1.0
 40
0.0
 40
0.0
 40
0.0
 40
0.0
 10
528.8259898169562
 20
426.5344897895565
 30
0.000000000001819
 41
1.0
 10
528.8327561745409
 20
426.3940589633939
 30
0.000000000001819
 41
1.0
 10
529.3325549789024
 20
416.4108172889846
 30
0.000000000001819
 41
1.0
 10
529.9358166932143
 20
404.3563209039139
 30
0.000000000001819
 41
1.0
  0
SPLINE
  5
5C5
330
70
100
AcDbEntity
  8
Visible
100
AcDbSpline
210
0.0
220
0.0
230
1.0
 70
    12
 71
     3
 72
     8
 73
     4
 74
     0
 42
0.000000001
 43
0.0000000001
 40
-1.0
 40
-1.0
 40
-1.0
 40
-1.0
 40
0.0
 40
0.0
 40
0.0
 40
0.0
 10
529.9358166932143
 20
404.3563209039139
 30
0.000000000001819
 41
1.0
 10
530.5406620320427
 20
392.2974735462389
 30
0.000000000001819
 41
1.0
 10
531.0384773109363
 20
382.3332193867618
 30
0.000000000001819
 41
1.0
 10
531.0464273920879
 20
382.2030741303238
 30
0.000000000001819
 41
1.0
  0
LINE
  5
5C6
330
70
100
AcDbEntity
  8
Visible
100
AcDbLine
 10
531.046427
 20
382.203074
 30
0.0
 11
531.051242
 21
381.97324
 31
0.0
210
0.3420201433256678
220
-0.9396926207859088
230
0.0
  0
LINE
  5
5C7
330
70
100
AcDbEntity
  8
Visible
100
AcDbLine
 10
531.051242
 20
381.97324
 30
0.0
 11
521.696651
 21
378.568448
 31
0.0
210
0.3420201433256678
220
-0.9396926207859088
230
0.0
  0
SPLINE
  5
5C8
330
70
100
AcDbEntity
  8
Visible
100
AcDbSpline
210
0.0
220
0.0
230
1.0
 70
    12
 71
     3
 72
     8
 73
     4
 74
     0
 42
0.000000001
 43
0.0000000001
 40
-1.0
 40
-1.0
 40
-1.0
 40
-1.0
 40
0.0
 40
0.0
 40
0.0
 40
0.0
 10
521.6966510851689
 20
378.5684477124155
 30
0.000000000001819
 41
1.0
 10
514.230382097503
 20
375.8509480398802
 30
0.000000000001819
 41
1.0
 10
512.3416600866203
 20
375.1782915414856
 30
0.000000000001819
 41
1.0
 10
512.3448113563735
 20
375.2237847929887
 30
0.000000000001819
 41
1.0
  0
SPLINE
  5
5C9
330
70
100
AcDbEntity
  8
Visible
100
AcDbSpline
210
0.0
220
0.0
230
1.0
 70
    12
 71
     3
 72
     8
 73
     4
 74
     0
 42
0.000000001
 43
0.0000000001
 40
-1.0
 40
-1.0
 40
-1.0
 40
-1.0
 40
0.0
 40
0.0
 40
0.0
 40
0.0
 10
512.3448113563735
 20
375.2237847929887
 30
0.000000000001819
 41
1.0
 10
512.3424279299561
 20
375.2574088502488
 30
0.000000000001819
 41
1.0
 10
512.2879652745577
 20
389.5811449692697
 30
0.000000000001819
 41
1.0
 10
512.226641223704
 20
407.0509698455589
 30
0.000000000001819
 41
1.0
  0
SPLINE
  5
5CA
330
70
100
AcDbEntity
  8
Visible
100
AcDbSpline
210
0.0
220
0.0
230
1.0
 70
    12
 71
     3
 72
     8
 73
     4
 74
     0
 42
0.000000001
 43
0.0000000001
 40
-1.0
 40
-1.0
 40
-1.0
 40
-1.0
 40
0.0
 40
0.0
 40
0.0
 40
0.0
 10
512.226641223704
 20
407.0509698455589
 30
0.000000000001819
 41
1.0
 10
512.1609662002465
 20
424.5192110973302
 30
0.000000000001819
 41
1.0
 10
512.1096548146033
 20
438.8884404678542
 30
0.000000000001819
 41
1.0
 10
512.1116063815079
 20
438.977843346342
 30
0.000000000001819
 41
1.0
  0
LINE
  5
5CB
330
70
100
AcDbEntity
  8
Visible
100
AcDbLine
 10
512.111606
 20
438.977843
 30
0.0
 11
512.121844
 21
439.139245
 31
0.0
210
0.3420201433256678
220
-0.9396926207859088
230
0.0
  0
LINE
  5
5CC
330
70
100
AcDbEntity
  8
Visible
100
AcDbLine
 10
512.121844
 20
439.139245
 30
0.0
 11
533.785337
 21
447.024112
 31
0.0
210
0.3420201433256678
220
-0.9396926207859088
230
0.0
  0
LINE
  5
5CD
330
70
100
AcDbEntity
  8
Visible
100
AcDbLine
 10
533.785337
 20
447.024112
 30
0.0
 11
533.873188
 21
446.918121
 31
0.0
210
0.3420201433256678
220
-0.9396926207859088
230
0.0
  0
SPLINE
  5
5CE
330
70
100
AcDbEntity
  8
Visible
100
AcDbSpline
210
0.0
220
0.0
230
1.0
 70
    12
 71
     3
 72
     8
 73
     4
 74
     0
 42
0.000000001
 43
0.0000000001
 40
-1.0
 40
-1.0
 40
-1.0
 40
-1.0
 40
0.0
 40
0.0
 40
0.0
 40
0.0
 10
533.873187818921
 20
446.9181206992816
 30
0.000000000001819
 41
1.0
 10
533.9186970497066
 20
446.8607742328177
 30
0.000000000001819
 41
1.0
 10
543.1066510018244
 20
435.8317928919904
 30
0.000000000001819
 41
1.0
 10
554.2847100547078
 20
422.4081286586656
 30
0.000000000001819
 41
1.0
  0
SPLINE
  5
5CF
330
70
100
AcDbEntity
  8
Visible
100
AcDbSpline
210
0.0
220
0.0
230
1.0
 70
    12
 71
     3
 72
     8
 73
     4
 74
     0
 42
0.000000001
 43
0.0000000001
 40
-1.0
 40
-1.0
 40
-1.0
 40
-1.0
 40
0.0
 40
0.0
 40
0.0
 40
0.0
 10
642.653315595604
 20
454.7194916628704
 30
0.000000000001819
 41
1.0
 10
653.8661984085974
 20
441.2543012289784
 30
0.000000000001819
 41
1.0
 10
663.0695887049423
 20
430.1964467044444
 30
0.000000000001819
 41
1.0
 10
663.1032287414837
 20
430.1446349341522
 30
0.000000000001819
 41
1.0
  0
LINE
  5
5D0
330
70
100
AcDbEntity
  8
Visible
100
AcDbLine
 10
663.103229
 20
430.144635
 30
0.0
 11
663.164174
 21
430.058415
 31
0.0
210
0.3420201433256678
220
-0.9396926207859088
230
0.0
  0
LINE
  5
5D1
330
70
100
AcDbEntity
  8
Visible
100
AcDbLine
 10
663.164174
 20
430.058415
 30
0.0
 11
644.367973
 21
423.217157
 31
0.0
210
0.3420201433256678
220
-0.9396926207859088
230
0.0
  0
LINE
  5
5D2
330
70
100
AcDbEntity
  8
Visible
100
AcDbLine
 10
644.367973
 20
423.217157
 30
0.0
 11
644.269436
 21
423.338969
 31
0.0
210
0.3420201433256678
220
-0.9396926207859088
230
0.0
  0
SPLINE
  5
5D3
330
70
100
AcDbEntity
  8
Visible
100
AcDbSpline
210
0.0
220
0.0
230
1.0
 70
    12
 71
     3
 72
     8
 73
     4
 74
     0
 42
0.000000001
 43
0.0000000001
 40
-1.0
 40
-1.0
 40
-1.0
 40
-1.0
 40
0.0
 40
0.0
 40
0.0
 40
0.0
 10
644.2694359860198
 20
423.3389686207269
 30
0.000000000001819
 41
1.0
 10
644.2191758816806
 20
423.4093680050014
 30
0.000000000001819
 41
1.0
 10
638.1469489164774
 20
431.4284674385512
 30
0.000000000001819
 41
1.0
 10
630.7814440158108
 20
441.1596748010469
 30
0.000000000001819
 41
1.0
  0
SPLINE
  5
5D4
330
70
100
AcDbEntity
  8
Visible
100
AcDbSpline
210
0.0
220
0.0
230
1.0
 70
    12
 71
     3
 72
     8
 73
     4
 74
     0
 42
0.000000001
 43
0.0000000001
 40
-1.0
 40
-1.0
 40
-1.0
 40
-1.0
 40
0.0
 40
0.0
 40
0.0
 40
0.0
 10
630.7814440158108
 20
441.1596748010469
 30
0.000000000001819
 41
1.0
 10
623.4159391151425
 20
450.8908821635422
 30
0.000000000001819
 41
1.0
 10
617.3634994667736
 20
458.8826920379033
 30
0.000000000001819
 41
1.0
 10
617.3318429557002
 20
458.9155162932638
 30
0.000000000001819
 41
1.0
  0
SPLINE
  5
5D5
330
70
100
AcDbEntity
  8
Visible
100
AcDbSpline
210
0.0
220
0.0
230
1.0
 70
    12
 71
     3
 72
     8
 73
     4
 74
     0
 42
0.000000001
 43
0.0000000001
 40
-1.0
 40
-1.0
 40
-1.0
 40
-1.0
 40
0.0
 40
0.0
 40
0.0
 40
0.0
 10
617.3318429557002
 20
458.9155162932638
 30
0.000000000001819
 41
1.0
 10
617.2954355710717
 20
458.9613934664348
 30
0.000000000001819
 41
1.0
 10
617.6688009203353
 20
451.139593203794
 30
0.000000000001819
 41
1.0
 10
618.3981920644819
 20
436.6131207690223
 30
0.000000000001819
 41
1.0
  0
SPLINE
  5
5D6
330
70
100
AcDbEntity
  8
Visible
100
AcDbSpline
210
0.0
220
0.0
230
1.0
 70
    12
 71
     3
 72
     8
 73
     4
 74
     0
 42
0.000000001
 43
0.0000000001
 40
-1.0
 40
-1.0
 40
-1.0
 40
-1.0
 40
0.0
 40
0.0
 40
0.0
 40
0.0
 10
618.3981920644819
 20
436.6131207690223
 30
0.000000000001819
 41
1.0
 10
619.0169540401493
 20
424.3129704134039
 30
0.000000000001819
 41
1.0
 10
619.5136175540392
 20
414.2300402907817
 30
0.000000000001819
 41
1.0
 10
619.5041317862123
 20
414.2019509296928
 30
0.000000000001819
 41
1.0
  0
SPLINE
  5
5D7
330
70
100
AcDbEntity
  8
Visible
100
AcDbSpline
210
0.0
220
0.0
230
1.0
 70
    12
 71
     3
 72
     8
 73
     4
 74
     0
 42
0.000000001
 43
0.0000000001
 40
-1.0
 40
-1.0
 40
-1.0
 40
-1.0
 40
0.0
 40
0.0
 40
0.0
 40
0.0
 10
619.5041317862123
 20
414.2019509296928
 30
0.000000000001819
 41
1.0
 10
619.4974133664746
 20
414.1797961657252
 30
0.000000000001819
 41
1.0
 10
615.2844881626842
 20
412.6365620627757
 30
0.000000000001819
 41
1.0
 10
610.1487568659941
 20
410.772236104382
 30
0.000000000001819
 41
1.0
  0
LINE
  5
5D8
330
70
100
AcDbEntity
  8
Visible
100
AcDbLine
 10
610.148757
 20
410.772236
 30
0.0
 11
600.806819
 21
407.386831
 31
0.0
210
0.3420201433256678
220
-0.9396926207859088
230
0.0
  0
LINE
  5
5D9
330
70
100
AcDbEntity
  8
Visible
100
AcDbLine
 10
600.806819
 20
407.386831
 30
0.0
 11
600.689401
 21
439.347328
 31
0.0
210
0.3420201433256678
220
-0.9396926207859088
230
0.0
  0
LINE
  5
5DA
330
70
100
AcDbEntity
  8
Visible
100
AcDbLine
 10
600.689401
 20
439.347328
 30
0.0
 11
600.567631
 21
471.306242
 31
0.0
210
0.3420201433256678
220
-0.9396926207859088
230
0.0
  0
LINE
  5
5DB
330
70
100
AcDbEntity
  8
Visible
100
AcDbLine
 10
600.567631
 20
471.306242
 30
0.0
 11
622.265932
 21
479.203778
 31
0.0
210
0.3420201433256678
220
-0.9396926207859088
230
0.0
  0
LINE
  5
5DC
330
70
100
AcDbEntity
  8
Visible
100
AcDbLine
 10
622.265932
 20
479.203778
 30
0.0
 11
642.653316
 21
454.719492
 31
0.0
210
0.3420201433256678
220
-0.9396926207859088
230
0.0
  0
LINE
  5
5DD
330
70
100
AcDbEntity
  8
Visible
100
AcDbLine
 10
545.324603
 20
370.415278
 30
0.0
 11
548.844539
 21
371.696431
 31
0.0
210
0.3420201433256678
220
-0.9396926207859088
230
0.0
  0
LINE
  5
5DE
330
70
100
AcDbEntity
  8
Visible
100
AcDbLine
 10
548.844539
 20
371.696431
 30
0.0
 11
555.638289
 21
353.030758
 31
0.0
210
0.3420201433256678
220
-0.9396926207859088
230
0.0
  0
LINE
  5
5DF
330
70
100
AcDbEntity
  8
Visible
100
AcDbLine
 10
555.638289
 20
353.030758
 30
0.0
 11
552.114001
 21
351.748022
 31
0.0
210
0.3420201433256678
220
-0.9396926207859088
230
0.0
  0
LINE
  5
5E0
330
70
100
AcDbEntity
  8
Visible
100
AcDbLine
 10
552.114001
 20
351.748022
 30
0.0
 11
549.778155
 21
358.165707
 31
0.0
210
0.3420201433256678
220
-0.9396926207859088
230
0.0
  0
LINE
  5
5E1
330
70
100
AcDbEntity
  8
Visible
100
AcDbLine
 10
549.778155
 20
358.165707
 30
0.0
 11
549.623199
 21
357.779174
 31
0.0
210
0.3420201433256678
220
-0.9396926207859088
230
0.0
  0
SPLINE
  5
5E2
330
70
100
AcDbEntity
  8
Visible
100
AcDbSpline
210
0.0
220
0.0
230
1.0
 70
    12
 71
     3
 72
     8
 73
     4
 74
     0
 42
0.000000001
 43
0.0000000001
 40
-1.0
 40
-1.0
 40
-1.0
 40
-1.0
 40
0.0
 40
0.0
 40
0.0
 40
0.0
 10
549.6231991037584
 20
357.7791743245362
 30
0.000000000001819
 41
1.0
 10
549.2018103306691
 20
356.7438030566204
 30
0.000000000001819
 41
1.0
 10
548.3211220906668
 20
355.7925560584372
 30
0.000000000001819
 41
1.0
 10
547.1887494073071
 20
355.153747327246
 30
0.000000000001819
 41
1.0
  0
SPLINE
  5
5E3
330
70
100
AcDbEntity
  8
Visible
100
AcDbSpline
210
0.0
220
0.0
230
1.0
 70
    12
 71
     3
 72
     8
 73
     4
 74
     0
 42
0.000000001
 43
0.0000000001
 40
-1.0
 40
-1.0
 40
-1.0
 40
-1.0
 40
0.0
 40
0.0
 40
0.0
 40
0.0
 10
547.1887494073071
 20
355.153747327246
 30
0.000000000001819
 41
1.0
 10
546.5555228912235
 20
354.7951602392959
 30
0.000000000001819
 41
1.0
 10
545.2533823799167
 20
354.3655661354601
 30
0.000000000001819
 41
1.0
 10
544.6279781107295
 20
354.3103953647528
 30
0.000000000001819
 41
1.0
  0
SPLINE
  5
5E4
330
70
100
AcDbEntity
  8
Visible
100
AcDbSpline
210
0.0
220
0.0
230
1.0
 70
    12
 71
     3
 72
     8
 73
     4
 74
     0
 42
0.000000001
 43
0.0000000001
 40
-1.0
 40
-1.0
 40
-1.0
 40
-1.0
 40
0.0
 40
0.0
 40
0.0
 40
0.0
 10
544.6279781107295
 20
354.3103953647528
 30
0.000000000001819
 41
1.0
 10
543.5555754283869
 20
354.2107872318584
 30
0.000000000001819
 41
1.0
 10
542.7497338398625
 20
354.3264561576934
 30
0.000000000001819
 41
1.0
 10
541.8943680317697
 20
354.7000321699866
 30
0.000000000001819
 41
1.0
  0
SPLINE
  5
5E5
330
70
100
AcDbEntity
  8
Visible
100
AcDbSpline
210
0.0
220
0.0
230
1.0
 70
    12
 71
     3
 72
     8
 73
     4
 74
     0
 42
0.000000001
 43
0.0000000001
 40
-1.0
 40
-1.0
 40
-1.0
 40
-1.0
 40
0.0
 40
0.0
 40
0.0
 40
0.0
 10
541.8943680317697
 20
354.7000321699866
 30
0.000000000001819
 41
1.0
 10
540.581254422721
 20
355.2617718728289
 30
0.000000000001819
 41
1.0
 10
539.6026699275044
 20
356.2852583861295
 30
0.000000000001819
 41
1.0
 10
538.8565266922069
 20
357.8614462543324
 30
0.000000000001819
 41
1.0
  0
SPLINE
  5
5E6
330
70
100
AcDbEntity
  8
Visible
100
AcDbSpline
210
0.0
220
0.0
230
1.0
 70
    12
 71
     3
 72
     8
 73
     4
 74
     0
 42
0.000000001
 43
0.0000000001
 40
-1.0
 40
-1.0
 40
-1.0
 40
-1.0
 40
0.0
 40
0.0
 40
0.0
 40
0.0
 10
538.8565266922069
 20
357.8614462543324
 30
0.000000000001819
 41
1.0
 10
538.7104652941834
 20
358.1679818827656
 30
0.000000000001819
 41
1.0
 10
538.0580279721344
 20
359.9063873987125
 30
0.000000000001819
 41
1.0
 10
537.0793480201373
 20
362.5952884676967
 30
0.000000000001819
 41
1.0
  0
LINE
  5
5E7
330
70
100
AcDbEntity
  8
Visible
100
AcDbLine
 10
537.079348
 20
362.595288
 30
0.0
 11
535.530563
 21
366.85054
 31
0.0
210
0.3420201433256678
220
-0.9396926207859088
230
0.0
  0
LINE
  5
5E8
330
70
100
AcDbEntity
  8
Visible
100
AcDbLine
 10
535.530563
 20
366.85054
 30
0.0
 11
539.054851
 21
368.133276
 31
0.0
210
0.3420201433256678
220
-0.9396926207859088
230
0.0
  0
LINE
  5
5E9
330
70
100
AcDbEntity
  8
Visible
100
AcDbLine
 10
539.054851
 20
368.133276
 30
0.0
 11
540.484864
 21
364.204347
 31
0.0
210
0.3420201433256678
220
-0.9396926207859088
230
0.0
  0
SPLINE
  5
5EA
330
70
100
AcDbEntity
  8
Visible
100
AcDbSpline
210
0.0
220
0.0
230
1.0
 70
    12
 71
     3
 72
     8
 73
     4
 74
     0
 42
0.000000001
 43
0.0000000001
 40
-1.0
 40
-1.0
 40
-1.0
 40
-1.0
 40
0.0
 40
0.0
 40
0.0
 40
0.0
 10
540.4848639901647
 20
364.2043472723749
 30
0.000000000001819
 41
1.0
 10
542.174591350651
 20
359.561859504403
 30
0.000000000001819
 41
1.0
 10
542.2494056246559
 20
359.396922446419
 30
0.000000000001819
 41
1.0
 10
542.9181434288693
 20
358.7238332506918
 30
0.000000000001819
 41
1.0
  0
SPLINE
  5
5EB
330
70
100
AcDbEntity
  8
Visible
100
AcDbSpline
210
0.0
220
0.0
230
1.0
 70
    12
 71
     3
 72
     8
 73
     4
 74
     0
 42
0.000000001
 43
0.0000000001
 40
-1.0
 40
-1.0
 40
-1.0
 40
-1.0
 40
0.0
 40
0.0
 40
0.0
 40
0.0
 10
542.9181434288693
 20
358.7238332506918
 30
0.000000000001819
 41
1.0
 10
543.4903280753442
 20
358.1535677936504
 30
0.000000000001819
 41
1.0
 10
544.2661606944384
 20
357.8495913637316
 30
0.000000000001819
 41
1.0
 10
545.0695868979819
 20
357.8759368885767
 30
0.000000000001819
 41
1.0
  0
SPLINE
  5
5EC
330
70
100
AcDbEntity
  8
Visible
100
AcDbSpline
210
0.0
220
0.0
230
1.0
 70
    12
 71
     3
 72
     8
 73
     4
 74
     0
 42
0.000000001
 43
0.0000000001
 40
-1.0
 40
-1.0
 40
-1.0
 40
-1.0
 40
0.0
 40
0.0
 40
0.0
 40
0.0
 10
545.0695868979819
 20
357.8759368885767
 30
0.000000000001819
 41
1.0
 10
545.5510091703017
 20
357.8934845925255
 30
0.000000000001819
 41
1.0
 10
546.4489091304294
 20
358.1611650738773
 30
0.000000000001819
 41
1.0
 10
546.9061291961879
 20
358.4211994993379
 30
0.000000000001819
 41
1.0
  0
SPLINE
  5
5ED
330
70
100
AcDbEntity
  8
Visible
100
AcDbSpline
210
0.0
220
0.0
230
1.0
 70
    12
 71
     3
 72
     8
 73
     4
 74
     0
 42
0.000000001
 43
0.0000000001
 40
-1.0
 40
-1.0
 40
-1.0
 40
-1.0
 40
0.0
 40
0.0
 40
0.0
 40
0.0
 10
546.9061291961879
 20
358.4211994993379
 30
0.000000000001819
 41
1.0
 10
548.0048778222863
 20
359.0576248041111
 30
0.000000000001819
 41
1.0
 10
548.5492775518414
 20
360.1476231282504
 30
0.000000000001819
 41
1.0
 10
548.4290183830871
 20
361.4933692412815
 30
0.000000000001819
 41
1.0
  0
SPLINE
  5
5EE
330
70
100
AcDbEntity
  8
Visible
100
AcDbSpline
210
0.0
220
0.0
230
1.0
 70
    12
 71
     3
 72
     8
 73
     4
 74
     0
 42
0.000000001
 43
0.0000000001
 40
-1.0
 40
-1.0
 40
-1.0
 40
-1.0
 40
0.0
 40
0.0
 40
0.0
 40
0.0
 10
548.4290183830871
 20
361.4933692412815
 30
0.000000000001819
 41
1.0
 10
548.3901316963547
 20
361.8980416519735
 30
0.000000000001819
 41
1.0
 10
548.3885480718363
 20
361.9023926245768
 30
0.000000000001819
 41
1.0
 10
546.8559834602784
 20
366.1536927591801
 30
0.000000000001819
 41
1.0
  0
LINE
  5
5EF
330
70
100
AcDbEntity
  8
Visible
100
AcDbLine
 10
546.855983
 20
366.153693
 30
0.0
 11
545.324603
 21
370.415278
 31
0.0
210
0.3420201433256678
220
-0.9396926207859088
230
0.0
  0
SPLINE
  5
5F0
330
70
100
AcDbEntity
  8
Visible
100
AcDbSpline
210
0.0
220
0.0
230
1.0
 70
    12
 71
     3
 72
     8
 73
     4
 74
     0
 42
0.000000001
 43
0.0000000001
 40
-1.0
 40
-1.0
 40
-1.0
 40
-1.0
 40
0.0
 40
0.0
 40
0.0
 40
0.0
 10
494.1067023655523
 20
369.9899549562524
 30
0.000000000001819
 41
1.0
 10
491.5423954586404
 20
367.721307712452
 30
0.000000000001819
 41
1.0
 10
488.2809893197317
 20
365.7163104008518
 30
0.000000000001819
 41
1.0
 10
484.7662511958206
 20
364.2448831156871
 30
0.000000000001819
 41
1.0
  0
SPLINE
  5
5F1
330
70
100
AcDbEntity
  8
Visible
100
AcDbSpline
210
0.0
220
0.0
230
1.0
 70
    12
 71
     3
 72
     8
 73
     4
 74
     0
 42
0.000000001
 43
0.0000000001
 40
-1.0
 40
-1.0
 40
-1.0
 40
-1.0
 40
0.0
 40
0.0
 40
0.0
 40
0.0
 10
484.7662511958206
 20
364.2448831156871
 30
0.000000000001819
 41
1.0
 10
482.5591563208235
 20
363.3233095220203
 30
0.000000000001819
 41
1.0
 10
480.1285143014029
 20
362.5421028373899
 30
0.000000000001819
 41
1.0
 10
477.9489810522918
 20
362.0592415919068
 30
0.000000000001819
 41
1.0
  0
SPLINE
  5
5F2
330
70
100
AcDbEntity
  8
Visible
100
AcDbSpline
210
0.0
220
0.0
230
1.0
 70
    12
 71
     3
 72
     8
 73
     4
 74
     0
 42
0.000000001
 43
0.0000000001
 40
-1.0
 40
-1.0
 40
-1.0
 40
-1.0
 40
0.0
 40
0.0
 40
0.0
 40
0.0
 10
477.9489810522918
 20
362.0592415919068
 30
0.000000000001819
 41
1.0
 10
471.86171471144
 20
360.7108740388735
 30
0.000000000001819
 41
1.0
 10
465.8530543423439
 20
361.0959849372257
 30
0.000000000001819
 41
1.0
 10
460.6200352598698
 20
363.1677051416027
 30
0.000000000001819
 41
1.0
  0
SPLINE
  5
5F3
330
70
100
AcDbEntity
  8
Visible
100
AcDbSpline
210
0.0
220
0.0
230
1.0
 70
    12
 71
     3
 72
     8
 73
     4
 74
     0
 42
0.000000001
 43
0.0000000001
 40
-1.0
 40
-1.0
 40
-1.0
 40
-1.0
 40
0.0
 40
0.0
 40
0.0
 40
0.0
 10
460.6200352598698
 20
363.1677051416027
 30
0.000000000001819
 41
1.0
 10
454.2527402838859
 20
365.6888715215937
 30
0.000000000001819
 41
1.0
 10
449.0548817831658
 20
370.6016965207614
 30
0.000000000001819
 41
1.0
 10
445.7933183649002
 20
377.1801114288005
 30
0.000000000001819
 41
1.0
  0
SPLINE
  5
5F4
330
70
100
AcDbEntity
  8
Visible
100
AcDbSpline
210
0.0
220
0.0
230
1.0
 70
    12
 71
     3
 72
     8
 73
     4
 74
     0
 42
0.000000001
 43
0.0000000001
 40
-1.0
 40
-1.0
 40
-1.0
 40
-1.0
 40
0.0
 40
0.0
 40
0.0
 40
0.0
 10
445.7933183649002
 20
377.1801114288005
 30
0.000000000001819
 41
1.0
 10
445.0305710410902
 20
378.7206917142753
 30
0.000000000001819
 41
1.0
 10
444.8599554733991
 20
379.1217650164185
 30
0.000000000001819
 41
1.0
 10
444.0887303332346
 20
381.2406886743401
 30
0.000000000001819
 41
1.0
  0
SPLINE
  5
5F5
330
70
100
AcDbEntity
  8
Visible
100
AcDbSpline
210
0.0
220
0.0
230
1.0
 70
    12
 71
     3
 72
     8
 73
     4
 74
     0
 42
0.000000001
 43
0.0000000001
 40
-1.0
 40
-1.0
 40
-1.0
 40
-1.0
 40
0.0
 40
0.0
 40
0.0
 40
0.0
 10
444.0887303332346
 20
381.2406886743401
 30
0.000000000001819
 41
1.0
 10
443.33017418921
 20
383.3248045514333
 30
0.000000000001819
 41
1.0
 10
443.1025002010319
 20
384.0450984574336
 30
0.000000000001819
 41
1.0
 10
442.6842795148022
 20
385.681511995158
 30
0.000000000001819
 41
1.0
  0
LINE
  5
5F6
330
70
100
AcDbEntity
  8
Visible
100
AcDbLine
 10
442.68428
 20
385.681512
 30
0.0
 11
442.496948
 21
386.426344
 31
0.0
210
0.3420201433256678
220
-0.9396926207859088
230
0.0
  0
LINE
  5
5F7
330
70
100
AcDbEntity
  8
Visible
100
AcDbLine
 10
442.496948
 20
386.426344
 30
0.0
 11
482.249001
 21
400.944182
 31
0.0
210
0.3420201433256678
220
-0.9396926207859088
230
0.0
  0
LINE
  5
5F8
330
70
100
AcDbEntity
  8
Visible
100
AcDbLine
 10
482.249001
 20
400.944182
 30
0.0
 11
482.172603
 21
401.11347
 31
0.0
210
0.3420201433256678
220
-0.9396926207859088
230
0.0
  0
SPLINE
  5
5F9
330
70
100
AcDbEntity
  8
Visible
100
AcDbSpline
210
0.0
220
0.0
230
1.0
 70
    12
 71
     3
 72
     8
 73
     4
 74
     0
 42
0.000000001
 43
0.0000000001
 40
-1.0
 40
-1.0
 40
-1.0
 40
-1.0
 40
0.0
 40
0.0
 40
0.0
 40
0.0
 10
482.1726034562325
 20
401.1134699408071
 30
0.000000000001819
 41
1.0
 10
481.7890303391031
 20
401.9642610663509
 30
0.000000000001819
 41
1.0
 10
481.031497706921
 20
403.2603711048459
 30
0.000000000001819
 41
1.0
 10
480.5008073024528
 20
403.9738507154174
 30
0.000000000001819
 41
1.0
  0
SPLINE
  5
5FA
330
70
100
AcDbEntity
  8
Visible
100
AcDbSpline
210
0.0
220
0.0
230
1.0
 70
    12
 71
     3
 72
     8
 73
     4
 74
     0
 42
0.000000001
 43
0.0000000001
 40
-1.0
 40
-1.0
 40
-1.0
 40
-1.0
 40
0.0
 40
0.0
 40
0.0
 40
0.0
 10
480.5008073024528
 20
403.9738507154174
 30
0.000000000001819
 41
1.0
 10
479.2391858780647
 20
405.6531343890033
 30
0.000000000001819
 41
1.0
 10
478.0303677772463
 20
406.6864426539527
 30
0.000000000001819
 41
1.0
 10
476.3959701424628
 20
407.4810874347917
 30
0.000000000001819
 41
1.0
  0
SPLINE
  5
5FB
330
70
100
AcDbEntity
  8
Visible
100
AcDbSpline
210
0.0
220
0.0
230
1.0
 70
    12
 71
     3
 72
     8
 73
     4
 74
     0
 42
0.000000001
 43
0.0000000001
 40
-1.0
 40
-1.0
 40
-1.0
 40
-1.0
 40
0.0
 40
0.0
 40
0.0
 40
0.0
 10
476.3959701424628
 20
407.4810874347917
 30
0.000000000001819
 41
1.0
 10
474.0268661882037
 20
408.6291689479871
 30
0.000000000001819
 41
1.0
 10
471.5314397959955
 20
408.8788387451335
 30
0.000000000001819
 41
1.0
 10
468.8420429503712
 20
408.2399665157258
 30
0.000000000001819
 41
1.0
  0
SPLINE
  5
5FC
330
70
100
AcDbEntity
  8
Visible
100
AcDbSpline
210
0.0
220
0.0
230
1.0
 70
    12
 71
     3
 72
     8
 73
     4
 74
     0
 42
0.000000001
 43
0.0000000001
 40
-1.0
 40
-1.0
 40
-1.0
 40
-1.0
 40
0.0
 40
0.0
 40
0.0
 40
0.0
 10
468.8420429503712
 20
408.2399665157258
 30
0.000000000001819
 41
1.0
 10
467.9718164711012
 20
408.0316320055872
 30
0.000000000001819
 41
1.0
 10
466.2425128013128
 20
407.3677253902446
 30
0.000000000001819
 41
1.0
 10
465.4676877147794
 20
406.9378911782759
 30
0.000000000001819
 41
1.0
  0
SPLINE
  5
5FD
330
70
100
AcDbEntity
  8
Visible
100
AcDbSpline
210
0.0
220
0.0
230
1.0
 70
    12
 71
     3
 72
     8
 73
     4
 74
     0
 42
0.000000001
 43
0.0000000001
 40
-1.0
 40
-1.0
 40
-1.0
 40
-1.0
 40
0.0
 40
0.0
 40
0.0
 40
0.0
 10
465.4676877147794
 20
406.9378911782759
 30
0.000000000001819
 41
1.0
 10
463.9235722378816
 20
406.0900919485797
 30
0.000000000001819
 41
1.0
 10
462.6552635144981
 20
404.9583437139313
 30
0.000000000001819
 41
1.0
 10
461.8241154733405
 20
403.6949944325802
 30
0.000000000001819
 41
1.0
  0
SPLINE
  5
5FE
330
70
100
AcDbEntity
  8
Visible
100
AcDbSpline
210
0.0
220
0.0
230
1.0
 70
    12
 71
     3
 72
     8
 73
     4
 74
     0
 42
0.000000001
 43
0.0000000001
 40
-1.0
 40
-1.0
 40
-1.0
 40
-1.0
 40
0.0
 40
0.0
 40
0.0
 40
0.0
 10
461.8241154733405
 20
403.6949944325802
 30
0.000000000001819
 41
1.0
 10
461.0692854342978
 20
402.5333331041911
 30
0.000000000001819
 41
1.0
 10
460.5178952183068
 20
401.0022549847326
 30
0.000000000001819
 41
1.0
 10
460.3418883490703
 20
399.5634589468195
 30
0.000000000001819
 41
1.0
  0
LINE
  5
5FF
330
70
100
AcDbEntity
  8
Visible
100
AcDbLine
 10
460.341888
 20
399.563459
 30
0.0
 11
460.278751
 21
399.03296
 31
0.0
210
0.3420201433256678
220
-0.9396926207859088
230
0.0
  0
LINE
  5
600
330
70
100
AcDbEntity
  8
Visible
100
AcDbLine
 10
460.278751
 20
399.03296
 30
0.0
 11
441.556516
 21
392.218624
 31
0.0
210
0.3420201433256678
220
-0.9396926207859088
230
0.0
  0
LINE
  5
601
330
70
100
AcDbEntity
  8
Visible
100
AcDbLine
 10
441.556516
 20
392.218624
 30
0.0
 11
441.514014
 21
392.80922
 31
0.0
210
0.3420201433256678
220
-0.9396926207859088
230
0.0
  0
SPLINE
  5
602
330
70
100
AcDbEntity
  8
Visible
100
AcDbSpline
210
0.0
220
0.0
230
1.0
 70
    12
 71
     3
 72
     8
 73
     4
 74
     0
 42
0.000000001
 43
0.0000000001
 40
-1.0
 40
-1.0
 40
-1.0
 40
-1.0
 40
0.0
 40
0.0
 40
0.0
 40
0.0
 10
441.5140142114433
 20
392.8092204820186
 30
0.000000000001819
 41
1.0
 10
441.2233320642008
 20
396.5861842875193
 30
0.000000000001819
 41
1.0
 10
441.7538799118647
 20
400.3811915736068
 30
0.000000000001819
 41
1.0
 10
443.1013227611146
 20
404.1384635190552
 30
0.000000000001819
 41
1.0
  0
SPLINE
  5
603
330
70
100
AcDbEntity
  8
Visible
100
AcDbSpline
210
0.0
220
0.0
230
1.0
 70
    12
 71
     3
 72
     8
 73
     4
 74
     0
 42
0.000000001
 43
0.0000000001
 40
-1.0
 40
-1.0
 40
-1.0
 40
-1.0
 40
0.0
 40
0.0
 40
0.0
 40
0.0
 10
443.1013227611146
 20
404.1384635190552
 30
0.000000000001819
 41
1.0
 10
443.4361079623613
 20
405.0733305575759
 30
0.000000000001819
 41
1.0
 10
444.526443108145
 20
407.41156182338
 30
0.000000000001819
 41
1.0
 10
445.015927735496
 20
408.2598412693427
 30
0.000000000001819
 41
1.0
  0
SPLINE
  5
604
330
70
100
AcDbEntity
  8
Visible
100
AcDbSpline
210
0.0
220
0.0
230
1.0
 70
    12
 71
     3
 72
     8
 73
     4
 74
     0
 42
0.000000001
 43
0.0000000001
 40
-1.0
 40
-1.0
 40
-1.0
 40
-1.0
 40
0.0
 40
0.0
 40
0.0
 40
0.0
 10
445.015927735496
 20
408.2598412693427
 30
0.000000000001819
 41
1.0
 10
447.8761495551116
 20
413.1540761410697
 30
0.000000000001819
 41
1.0
 10
452.0606822103728
 20
417.0767481247594
 30
0.000000000001819
 41
1.0
 10
457.3112826309952
 20
419.7761887563342
 30
0.000000000001819
 41
1.0
  0
SPLINE
  5
605
330
70
100
AcDbEntity
  8
Visible
100
AcDbSpline
210
0.0
220
0.0
230
1.0
 70
    12
 71
     3
 72
     8
 73
     4
 74
     0
 42
0.000000001
 43
0.0000000001
 40
-1.0
 40
-1.0
 40
-1.0
 40
-1.0
 40
0.0
 40
0.0
 40
0.0
 40
0.0
 10
457.3112826309952
 20
419.7761887563342
 30
0.000000000001819
 41
1.0
 10
458.884287270881
 20
420.5852291335482
 30
0.000000000001819
 41
1.0
 10
459.4301263925081
 20
420.8183898800507
 30
0.000000000001819
 41
1.0
 10
461.6605917136039
 20
421.6351402302825
 30
0.000000000001819
 41
1.0
  0
SPLINE
  5
606
330
70
100
AcDbEntity
  8
Visible
100
AcDbSpline
210
0.0
220
0.0
230
1.0
 70
    12
 71
     3
 72
     8
 73
     4
 74
     0
 42
0.000000001
 43
0.0000000001
 40
-1.0
 40
-1.0
 40
-1.0
 40
-1.0
 40
0.0
 40
0.0
 40
0.0
 40
0.0
 10
461.6605917136039
 20
421.6351402302825
 30
0.000000000001819
 41
1.0
 10
463.8969916318219
 20
422.449123232429
 30
0.000000000001819
 41
1.0
 10
464.3894513379218
 20
422.5987997182828
 30
0.000000000001819
 41
1.0
 10
466.1255533238564
 20
423.0138851140423
 30
0.000000000001819
 41
1.0
  0
SPLINE
  5
607
330
70
100
AcDbEntity
  8
Visible
100
AcDbSpline
210
0.0
220
0.0
230
1.0
 70
    12
 71
     3
 72
     8
 73
     4
 74
     0
 42
0.000000001
 43
0.0000000001
 40
-1.0
 40
-1.0
 40
-1.0
 40
-1.0
 40
0.0
 40
0.0
 40
0.0
 40
0.0
 10
466.1255533238564
 20
423.0138851140423
 30
0.000000000001819
 41
1.0
 10
469.8730682726036
 20
423.899914623198
 30
0.000000000001819
 41
1.0
 10
473.446720089305
 20
424.1264519878309
 30
0.000000000001819
 41
1.0
 10
477.0407348958851
 20
423.7149160871354
 30
0.000000000001819
 41
1.0
  0
SPLINE
  5
608
330
70
100
AcDbEntity
  8
Visible
100
AcDbSpline
210
0.0
220
0.0
230
1.0
 70
    12
 71
     3
 72
     8
 73
     4
 74
     0
 42
0.000000001
 43
0.0000000001
 40
-1.0
 40
-1.0
 40
-1.0
 40
-1.0
 40
0.0
 40
0.0
 40
0.0
 40
0.0
 10
477.0407348958851
 20
423.7149160871354
 30
0.000000000001819
 41
1.0
 10
480.1897028562125
 20
423.3483457027404
 30
0.000000000001819
 41
1.0
 10
482.76834144237
 20
422.6263714587125
 30
0.000000000001819
 41
1.0
 10
485.544149270634
 20
421.3356035271894
 30
0.000000000001819
 41
1.0
  0
SPLINE
  5
609
330
70
100
AcDbEntity
  8
Visible
100
AcDbSpline
210
0.0
220
0.0
230
1.0
 70
    12
 71
     3
 72
     8
 73
     4
 74
     0
 42
0.000000001
 43
0.0000000001
 40
-1.0
 40
-1.0
 40
-1.0
 40
-1.0
 40
0.0
 40
0.0
 40
0.0
 40
0.0
 10
485.544149270634
 20
421.3356035271894
 30
0.000000000001819
 41
1.0
 10
488.2843495161687
 20
420.0614396841806
 30
0.000000000001819
 41
1.0
 10
490.5079837247358
 20
418.5549148965701
 30
0.000000000001819
 41
1.0
 10
492.7670013871757
 20
416.4502753989618
 30
0.000000000001819
 41
1.0
  0
SPLINE
  5
60A
330
70
100
AcDbEntity
  8
Visible
100
AcDbSpline
210
0.0
220
0.0
230
1.0
 70
    12
 71
     3
 72
     8
 73
     4
 74
     0
 42
0.000000001
 43
0.0000000001
 40
-1.0
 40
-1.0
 40
-1.0
 40
-1.0
 40
0.0
 40
0.0
 40
0.0
 40
0.0
 10
492.7670013871757
 20
416.4502753989618
 30
0.000000000001819
 41
1.0
 10
495.8332361130888
 20
413.5899101847225
 30
0.000000000001819
 41
1.0
 10
498.1448329702488
 20
410.2577846569966
 30
0.000000000001819
 41
1.0
 10
500.1861893097248
 20
405.7728435596236
 30
0.000000000001819
 41
1.0
  0
SPLINE
  5
60B
330
70
100
AcDbEntity
  8
Visible
100
AcDbSpline
210
0.0
220
0.0
230
1.0
 70
    12
 71
     3
 72
     8
 73
     4
 74
     0
 42
0.000000001
 43
0.0000000001
 40
-1.0
 40
-1.0
 40
-1.0
 40
-1.0
 40
0.0
 40
0.0
 40
0.0
 40
0.0
 10
500.1861893097248
 20
405.7728435596236
 30
0.000000000001819
 41
1.0
 10
500.6006351153082
 20
404.8643060666663
 30
0.000000000001819
 41
1.0
 10
501.8754528521331
 20
401.361773120821
 30
0.000000000001819
 41
1.0
 10
502.1340474666103
 20
400.4211472572761
 30
0.000000000001819
 41
1.0
  0
SPLINE
  5
60C
330
70
100
AcDbEntity
  8
Visible
100
AcDbSpline
210
0.0
220
0.0
230
1.0
 70
    12
 71
     3
 72
     8
 73
     4
 74
     0
 42
0.000000001
 43
0.0000000001
 40
-1.0
 40
-1.0
 40
-1.0
 40
-1.0
 40
0.0
 40
0.0
 40
0.0
 40
0.0
 10
502.1340474666103
 20
400.4211472572761
 30
0.000000000001819
 41
1.0
 10
503.4622601793343
 20
395.6076599999456
 30
0.000000000001819
 41
1.0
 10
503.8336752184241
 20
391.7171869850854
 30
0.000000000001819
 41
1.0
 10
503.3605856921949
 20
387.5883225528114
 30
0.000000000001819
 41
1.0
  0
SPLINE
  5
60D
330
70
100
AcDbEntity
  8
Visible
100
AcDbSpline
210
0.0
220
0.0
230
1.0
 70
    12
 71
     3
 72
     8
 73
     4
 74
     0
 42
0.000000001
 43
0.0000000001
 40
-1.0
 40
-1.0
 40
-1.0
 40
-1.0
 40
0.0
 40
0.0
 40
0.0
 40
0.0
 10
503.3605856921949
 20
387.5883225528114
 30
0.000000000001819
 41
1.0
 10
502.5576212121777
 20
380.6293428216823
 30
0.000000000001819
 41
1.0
 10
499.4512492264657
 20
374.7191720357664
 30
0.000000000001819
 41
1.0
 10
494.1067023655523
 20
369.9899549562524
 30
0.000000000001819
 41
1.0
  0
LINE
  5
60E
330
70
100
AcDbEntity
  8
Visible
100
AcDbLine
 10
453.997688
 20
337.175
 30
0.0
 11
457.517624
 21
338.456152
 31
0.0
210
0.3420201433256678
220
-0.9396926207859088
230
0.0
  0
LINE
  5
60F
330
70
100
AcDbEntity
  8
Visible
100
AcDbLine
 10
457.517624
 20
338.456152
 30
0.0
 11
464.311374
 21
319.79048
 31
0.0
210
0.3420201433256678
220
-0.9396926207859088
230
0.0
  0
LINE
  5
610
330
70
100
AcDbEntity
  8
Visible
100
AcDbLine
 10
464.311374
 20
319.79048
 30
0.0
 11
460.787086
 21
318.507744
 31
0.0
210
0.3420201433256678
220
-0.9396926207859088
230
0.0
  0
LINE
  5
611
330
70
100
AcDbEntity
  8
Visible
100
AcDbLine
 10
460.787086
 20
318.507744
 30
0.0
 11
458.460741
 21
324.899322
 31
0.0
210
0.3420201433256678
220
-0.9396926207859088
230
0.0
  0
LINE
  5
612
330
70
100
AcDbEntity
  8
Visible
100
AcDbLine
 10
458.460741
 20
324.899322
 30
0.0
 11
458.217215
 21
324.377078
 31
0.0
210
0.3420201433256678
220
-0.9396926207859088
230
0.0
  0
SPLINE
  5
613
330
70
100
AcDbEntity
  8
Visible
100
AcDbSpline
210
0.0
220
0.0
230
1.0
 70
    12
 71
     3
 72
     8
 73
     4
 74
     0
 42
0.000000001
 43
0.0000000001
 40
-1.0
 40
-1.0
 40
-1.0
 40
-1.0
 40
0.0
 40
0.0
 40
0.0
 40
0.0
 10
458.2172147846449
 20
324.3770779492384
 30
0.000000000001819
 41
1.0
 10
458.0843820765294
 20
324.0922172874148
 30
0.000000000001819
 41
1.0
 10
457.8890681067277
 20
323.735341658235
 30
0.000000000001819
 41
1.0
 10
457.7803257502036
 20
323.5873606518703
 30
0.000000000001819
 41
1.0
  0
SPLINE
  5
614
330
70
100
AcDbEntity
  8
Visible
100
AcDbSpline
210
0.0
220
0.0
230
1.0
 70
    12
 71
     3
 72
     8
 73
     4
 74
     0
 42
0.000000001
 43
0.0000000001
 40
-1.0
 40
-1.0
 40
-1.0
 40
-1.0
 40
0.0
 40
0.0
 40
0.0
 40
0.0
 10
457.7803257502036
 20
323.5873606518703
 30
0.000000000001819
 41
1.0
 10
457.3228176384673
 20
322.9625963917683
 30
0.000000000001819
 41
1.0
 10
456.6062027374227
 20
322.3322175390868
 30
0.000000000001819
 41
1.0
 10
455.8994095880279
 20
321.9320722920056
 30
0.000000000001819
 41
1.0
  0
SPLINE
  5
615
330
70
100
AcDbEntity
  8
Visible
100
AcDbSpline
210
0.0
220
0.0
230
1.0
 70
    12
 71
     3
 72
     8
 73
     4
 74
     0
 42
0.000000001
 43
0.0000000001
 40
-1.0
 40
-1.0
 40
-1.0
 40
-1.0
 40
0.0
 40
0.0
 40
0.0
 40
0.0
 10
455.8994095880279
 20
321.9320722920056
 30
0.000000000001819
 41
1.0
 10
455.3974960726663
 20
321.6459160516429
 30
0.000000000001819
 41
1.0
 10
454.2444883327298
 20
321.2262555544275
 30
0.000000000001819
 41
1.0
 10
453.7081030203625
 20
321.1295745624334
 30
0.000000000001819
 41
1.0
  0
SPLINE
  5
616
330
70
100
AcDbEntity
  8
Visible
100
AcDbSpline
210
0.0
220
0.0
230
1.0
 70
    12
 71
     3
 72
     8
 73
     4
 74
     0
 42
0.000000001
 43
0.0000000001
 40
-1.0
 40
-1.0
 40
-1.0
 40
-1.0
 40
0.0
 40
0.0
 40
0.0
 40
0.0
 10
453.7081030203625
 20
321.1295745624334
 30
0.000000000001819
 41
1.0
 10
451.94151226764
 20
320.8117941884698
 30
0.000000000001819
 41
1.0
 10
450.3028595359428
 20
321.2796841645304
 30
0.000000000001819
 41
1.0
 10
449.0698711871264
 20
322.4470887575721
 30
0.000000000001819
 41
1.0
  0
SPLINE
  5
617
330
70
100
AcDbEntity
  8
Visible
100
AcDbSpline
210
0.0
220
0.0
230
1.0
 70
    12
 71
     3
 72
     8
 73
     4
 74
     0
 42
0.000000001
 43
0.0000000001
 40
-1.0
 40
-1.0
 40
-1.0
 40
-1.0
 40
0.0
 40
0.0
 40
0.0
 40
0.0
 10
449.0698711871264
 20
322.4470887575721
 30
0.000000000001819
 41
1.0
 10
448.4173695290392
 20
323.0620316849345
 30
0.000000000001819
 41
1.0
 10
447.9294050279877
 20
323.766425428631
 30
0.000000000001819
 41
1.0
 10
447.4872537829814
 20
324.7240073437956
 30
0.000000000001819
 41
1.0
  0
SPLINE
  5
618
330
70
100
AcDbEntity
  8
Visible
100
AcDbSpline
210
0.0
220
0.0
230
1.0
 70
    12
 71
     3
 72
     8
 73
     4
 74
     0
 42
0.000000001
 43
0.0000000001
 40
-1.0
 40
-1.0
 40
-1.0
 40
-1.0
 40
0.0
 40
0.0
 40
0.0
 40
0.0
 10
447.4872537829814
 20
324.7240073437956
 30
0.000000000001819
 41
1.0
 10
447.33920885949
 20
325.049530487161
 30
0.000000000001819
 41
1.0
 10
446.6313446793174
 20
326.940220044231
 30
0.000000000001819
 41
1.0
 10
445.722344206104
 20
329.4376783186599
 30
0.000000000001819
 41
1.0
  0
LINE
  5
619
330
70
100
AcDbEntity
  8
Visible
100
AcDbLine
 10
445.722344
 20
329.437678
 30
0.0
 11
444.203648
 21
333.610261
 31
0.0
210
0.3420201433256678
220
-0.9396926207859088
230
0.0
  0
LINE
  5
61A
330
70
100
AcDbEntity
  8
Visible
100
AcDbLine
 10
444.203648
 20
333.610261
 30
0.0
 11
447.723585
 21
334.891413
 31
0.0
210
0.3420201433256678
220
-0.9396926207859088
230
0.0
  0
LINE
  5
61B
330
70
100
AcDbEntity
  8
Visible
100
AcDbLine
 10
447.723585
 20
334.891413
 30
0.0
 11
449.258101
 21
330.729516
 31
0.0
210
0.3420201433256678
220
-0.9396926207859088
230
0.0
  0
SPLINE
  5
61C
330
70
100
AcDbEntity
  8
Visible
100
AcDbSpline
210
0.0
220
0.0
230
1.0
 70
    12
 71
     3
 72
     8
 73
     4
 74
     0
 42
0.000000001
 43
0.0000000001
 40
-1.0
 40
-1.0
 40
-1.0
 40
-1.0
 40
0.0
 40
0.0
 40
0.0
 40
0.0
 10
449.2581013082599
 20
330.7295160242297
 30
0.000000000001819
 41
1.0
 10
450.7356070040787
 20
326.724253781842
 30
0.000000000001819
 41
1.0
 10
450.7957847357556
 20
326.5589168229076
 30
0.000000000001819
 41
1.0
 10
451.0205795208767
 20
326.2120546967567
 30
0.000000000001819
 41
1.0
  0
SPLINE
  5
61D
330
70
100
AcDbEntity
  8
Visible
100
AcDbSpline
210
0.0
220
0.0
230
1.0
 70
    12
 71
     3
 72
     8
 73
     4
 74
     0
 42
0.000000001
 43
0.0000000001
 40
-1.0
 40
-1.0
 40
-1.0
 40
-1.0
 40
0.0
 40
0.0
 40
0.0
 40
0.0
 10
451.0205795208767
 20
326.2120546967567
 30
0.000000000001819
 41
1.0
 10
451.4610672449562
 20
325.5297997377456
 30
0.000000000001819
 41
1.0
 10
451.8607167153986
 20
325.1628143109392
 30
0.000000000001819
 41
1.0
 10
452.4510091784959
 20
324.8947814475723
 30
0.000000000001819
 41
1.0
  0
SPLINE
  5
61E
330
70
100
AcDbEntity
  8
Visible
100
AcDbSpline
210
0.0
220
0.0
230
1.0
 70
    12
 71
     3
 72
     8
 73
     4
 74
     0
 42
0.000000001
 43
0.0000000001
 40
-1.0
 40
-1.0
 40
-1.0
 40
-1.0
 40
0.0
 40
0.0
 40
0.0
 40
0.0
 10
452.4510091784959
 20
324.8947814475723
 30
0.000000000001819
 41
1.0
 10
452.8529781582292
 20
324.7109527503458
 30
0.000000000001819
 41
1.0
 10
453.2564988039157
 20
324.6311634739354
 30
0.000000000001819
 41
1.0
 10
453.752957519513
 20
324.6344745365054
 30
0.000000000001819
 41
1.0
  0
SPLINE
  5
61F
330
70
100
AcDbEntity
  8
Visible
100
AcDbSpline
210
0.0
220
0.0
230
1.0
 70
    12
 71
     3
 72
     8
 73
     4
 74
     0
 42
0.000000001
 43
0.0000000001
 40
-1.0
 40
-1.0
 40
-1.0
 40
-1.0
 40
0.0
 40
0.0
 40
0.0
 40
0.0
 10
453.752957519513
 20
324.6344745365054
 30
0.000000000001819
 41
1.0
 10
454.1204547022407
 20
324.6401210876479
 30
0.000000000001819
 41
1.0
 10
454.1888865403288
 20
324.655173510208
 30
0.000000000001819
 41
1.0
 10
454.885042156895
 20
324.9085534330547
 30
0.000000000001819
 41
1.0
  0
SPLINE
  5
620
330
70
100
AcDbEntity
  8
Visible
100
AcDbSpline
210
0.0
220
0.0
230
1.0
 70
    12
 71
     3
 72
     8
 73
     4
 74
     0
 42
0.000000001
 43
0.0000000001
 40
-1.0
 40
-1.0
 40
-1.0
 40
-1.0
 40
0.0
 40
0.0
 40
0.0
 40
0.0
 10
454.885042156895
 20
324.9085534330547
 30
0.000000000001819
 41
1.0
 10
455.537688047425
 20
325.146097110724
 30
0.000000000001819
 41
1.0
 10
455.6591153793743
 20
325.2050751395509
 30
0.000000000001819
 41
1.0
 10
455.914607080851
 20
325.3966138097958
 30
0.000000000001819
 41
1.0
  0
SPLINE
  5
621
330
70
100
AcDbEntity
  8
Visible
100
AcDbSpline
210
0.0
220
0.0
230
1.0
 70
    12
 71
     3
 72
     8
 73
     4
 74
     0
 42
0.000000001
 43
0.0000000001
 40
-1.0
 40
-1.0
 40
-1.0
 40
-1.0
 40
0.0
 40
0.0
 40
0.0
 40
0.0
 10
455.914607080851
 20
325.3966138097958
 30
0.000000000001819
 41
1.0
 10
456.79695884178
 20
326.0725338518255
 30
0.000000000001819
 41
1.0
 10
457.2057105772874
 20
327.0343225071488
 30
0.000000000001819
 41
1.0
 10
457.1100215574842
 20
328.2313357497601
 30
0.000000000001819
 41
1.0
  0
SPLINE
  5
622
330
70
100
AcDbEntity
  8
Visible
100
AcDbSpline
210
0.0
220
0.0
230
1.0
 70
    12
 71
     3
 72
     8
 73
     4
 74
     0
 42
0.000000001
 43
0.0000000001
 40
-1.0
 40
-1.0
 40
-1.0
 40
-1.0
 40
0.0
 40
0.0
 40
0.0
 40
0.0
 10
457.1100215574842
 20
328.2313357497601
 30
0.000000000001819
 41
1.0
 10
457.0834039659421
 20
328.6158369219529
 30
0.000000000001819
 41
1.0
 10
457.0818203414237
 20
328.6201878945562
 30
0.000000000001819
 41
1.0
 10
455.5413376072793
 20
332.8932428921766
 30
0.000000000001819
 41
1.0
  0
LINE
  5
623
330
70
100
AcDbEntity
  8
Visible
100
AcDbLine
 10
455.541338
 20
332.893243
 30
0.0
 11
453.997688
 21
337.175
 31
0.0
210
0.3420201433256678
220
-0.9396926207859088
230
0.0
  0
SPLINE
  5
624
330
70
100
AcDbEntity
  8
Visible
100
AcDbSpline
210
0.0
220
0.0
230
1.0
 70
    12
 71
     3
 72
     8
 73
     4
 74
     0
 42
0.000000001
 43
0.0000000001
 40
-1.0
 40
-1.0
 40
-1.0
 40
-1.0
 40
0.0
 40
0.0
 40
0.0
 40
0.0
 10
425.8377560475874
 20
310.9658883865113
 30
0.000000000001819
 41
1.0
 10
425.6688679179497
 20
310.8748539456606
 30
0.000000000001819
 41
1.0
 10
425.4841595224152
 20
310.7731340341347
 30
0.000000000001819
 41
1.0
 10
425.4264131550007
 20
310.7422613456788
 30
0.000000000001819
 41
1.0
  0
SPLINE
  5
625
330
70
100
AcDbEntity
  8
Visible
100
AcDbSpline
210
0.0
220
0.0
230
1.0
 70
    12
 71
     3
 72
     8
 73
     4
 74
     0
 42
0.000000001
 43
0.0000000001
 40
-1.0
 40
-1.0
 40
-1.0
 40
-1.0
 40
0.0
 40
0.0
 40
0.0
 40
0.0
 10
425.4264131550007
 20
310.7422613456788
 30
0.000000000001819
 41
1.0
 10
425.3686667875881
 20
310.7113886572224
 30
0.000000000001819
 41
1.0
 10
425.0455110913589
 20
310.5839148731807
 30
0.000000000001819
 41
1.0
 10
424.7077188528001
 20
310.4560411881894
 30
0.000000000001819
 41
1.0
  0
SPLINE
  5
626
330
70
100
AcDbEntity
  8
Visible
100
AcDbSpline
210
0.0
220
0.0
230
1.0
 70
    12
 71
     3
 72
     8
 73
     4
 74
     0
 42
0.000000001
 43
0.0000000001
 40
-1.0
 40
-1.0
 40
-1.0
 40
-1.0
 40
0.0
 40
0.0
 40
0.0
 40
0.0
 10
424.7077188528001
 20
310.4560411881894
 30
0.000000000001819
 41
1.0
 10
423.133066671271
 20
309.8681325704192
 30
0.000000000001819
 41
1.0
 10
421.5001244078412
 20
309.7517445769122
 30
0.000000000001819
 41
1.0
 10
419.98294694594
 20
310.1160269916695
 30
0.000000000001819
 41
1.0
  0
SPLINE
  5
627
330
70
100
AcDbEntity
  8
Visible
100
AcDbSpline
210
0.0
220
0.0
230
1.0
 70
    12
 71
     3
 72
     8
 73
     4
 74
     0
 42
0.000000001
 43
0.0000000001
 40
-1.0
 40
-1.0
 40
-1.0
 40
-1.0
 40
0.0
 40
0.0
 40
0.0
 40
0.0
 10
419.98294694594
 20
310.1160269916695
 30
0.000000000001819
 41
1.0
 10
419.2854797715517
 20
310.2859230727777
 30
0.000000000001819
 41
1.0
 10
418.1800610824685
 20
310.8050007893293
 30
0.000000000001819
 41
1.0
 10
417.5940716541281
 20
311.237202867344
 30
0.000000000001819
 41
1.0
  0
SPLINE
  5
628
330
70
100
AcDbEntity
  8
Visible
100
AcDbSpline
210
0.0
220
0.0
230
1.0
 70
    12
 71
     3
 72
     8
 73
     4
 74
     0
 42
0.000000001
 43
0.0000000001
 40
-1.0
 40
-1.0
 40
-1.0
 40
-1.0
 40
0.0
 40
0.0
 40
0.0
 40
0.0
 10
417.5940716541281
 20
311.237202867344
 30
0.000000000001819
 41
1.0
 10
416.7778006823446
 20
311.8418122871381
 30
0.000000000001819
 41
1.0
 10
416.0892595820187
 20
312.5963862387644
 30
0.000000000001819
 41
1.0
 10
415.5494193935482
 20
313.4839207327587
 30
0.000000000001819
 41
1.0
  0
SPLINE
  5
629
330
70
100
AcDbEntity
  8
Visible
100
AcDbSpline
210
0.0
220
0.0
230
1.0
 70
    12
 71
     3
 72
     8
 73
     4
 74
     0
 42
0.000000001
 43
0.0000000001
 40
-1.0
 40
-1.0
 40
-1.0
 40
-1.0
 40
0.0
 40
0.0
 40
0.0
 40
0.0
 10
415.5494193935482
 20
313.4839207327587
 30
0.000000000001819
 41
1.0
 10
415.3040374896972
 20
313.887345502756
 30
0.000000000001819
 41
1.0
 10
415.2244723421408
 20
314.0653354785518
 30
0.000000000001819
 41
1.0
 10
414.8665732011195
 20
315.0486552869506
 30
0.000000000001819
 41
1.0
  0
SPLINE
  5
62A
330
70
100
AcDbEntity
  8
Visible
100
AcDbSpline
210
0.0
220
0.0
230
1.0
 70
    12
 71
     3
 72
     8
 73
     4
 74
     0
 42
0.000000001
 43
0.0000000001
 40
-1.0
 40
-1.0
 40
-1.0
 40
-1.0
 40
0.0
 40
0.0
 40
0.0
 40
0.0
 10
414.8665732011195
 20
315.0486552869506
 30
0.000000000001819
 41
1.0
 10
414.5023395620264
 20
316.0493789857637
 30
0.000000000001819
 41
1.0
 10
414.454031024592
 20
316.209181248526
 30
0.000000000001819
 41
1.0
 10
414.394557219126
 20
316.670416303064
 30
0.000000000001819
 41
1.0
  0
SPLINE
  5
62B
330
70
100
AcDbEntity
  8
Visible
100
AcDbSpline
210
0.0
220
0.0
230
1.0
 70
    12
 71
     3
 72
     8
 73
     4
 74
     0
 42
0.000000001
 43
0.0000000001
 40
-1.0
 40
-1.0
 40
-1.0
 40
-1.0
 40
0.0
 40
0.0
 40
0.0
 40
0.0
 10
414.394557219126
 20
316.670416303064
 30
0.000000000001819
 41
1.0
 10
414.0131921752254
 20
319.423973910581
 30
0.000000000001819
 41
1.0
 10
415.0053745594687
 20
321.9235750843841
 30
0.000000000001819
 41
1.0
 10
417.1461813335699
 20
323.6094001488809
 30
0.000000000001819
 41
1.0
  0
SPLINE
  5
62C
330
70
100
AcDbEntity
  8
Visible
100
AcDbSpline
210
0.0
220
0.0
230
1.0
 70
    12
 71
     3
 72
     8
 73
     4
 74
     0
 42
0.000000001
 43
0.0000000001
 40
-1.0
 40
-1.0
 40
-1.0
 40
-1.0
 40
0.0
 40
0.0
 40
0.0
 40
0.0
 10
417.1461813335699
 20
323.6094001488809
 30
0.000000000001819
 41
1.0
 10
418.4999578430725
 20
324.6687814530687
 30
0.000000000001819
 41
1.0
 10
420.3926309256094
 20
325.3576581183097
 30
0.000000000001819
 41
1.0
 10
422.0845352385822
 20
325.4068139765777
 30
0.000000000001819
 41
1.0
  0
SPLINE
  5
62D
330
70
100
AcDbEntity
  8
Visible
100
AcDbSpline
210
0.0
220
0.0
230
1.0
 70
    12
 71
     3
 72
     8
 73
     4
 74
     0
 42
0.000000001
 43
0.0000000001
 40
-1.0
 40
-1.0
 40
-1.0
 40
-1.0
 40
0.0
 40
0.0
 40
0.0
 40
0.0
 10
422.0845352385822
 20
325.4068139765777
 30
0.000000000001819
 41
1.0
 10
423.0066374052712
 20
325.4320077364186
 30
0.000000000001819
 41
1.0
 10
424.0779362604553
 20
325.2503543160378
 30
0.000000000001819
 41
1.0
 10
424.9142985743328
 20
324.9289899749874
 30
0.000000000001819
 41
1.0
  0
SPLINE
  5
62E
330
70
100
AcDbEntity
  8
Visible
100
AcDbSpline
210
0.0
220
0.0
230
1.0
 70
    12
 71
     3
 72
     8
 73
     4
 74
     0
 42
0.000000001
 43
0.0000000001
 40
-1.0
 40
-1.0
 40
-1.0
 40
-1.0
 40
0.0
 40
0.0
 40
0.0
 40
0.0
 10
424.9142985743328
 20
324.9289899749874
 30
0.000000000001819
 41
1.0
 10
426.1771520790444
 20
324.43764965642
 30
0.000000000001819
 41
1.0
 10
427.3681504092165
 20
323.4668386324379
 30
0.000000000001819
 41
1.0
 10
428.205568193498
 20
322.2490780593689
 30
0.000000000001819
 41
1.0
  0
SPLINE
  5
62F
330
70
100
AcDbEntity
  8
Visible
100
AcDbSpline
210
0.0
220
0.0
230
1.0
 70
    12
 71
     3
 72
     8
 73
     4
 74
     0
 42
0.000000001
 43
0.0000000001
 40
-1.0
 40
-1.0
 40
-1.0
 40
-1.0
 40
0.0
 40
0.0
 40
0.0
 40
0.0
 10
428.205568193498
 20
322.2490780593689
 30
0.000000000001819
 41
1.0
 10
429.1510244080927
 20
320.8834003970614
 30
0.000000000001819
 41
1.0
 10
429.7703014909584
 20
318.9111941255291
 30
0.000000000001819
 41
1.0
 10
429.7517773751933
 20
317.3375498954702
 30
0.000000000001819
 41
1.0
  0
SPLINE
  5
630
330
70
100
AcDbEntity
  8
Visible
100
AcDbSpline
210
0.0
220
0.0
230
1.0
 70
    12
 71
     3
 72
     8
 73
     4
 74
     0
 42
0.000000001
 43
0.0000000001
 40
-1.0
 40
-1.0
 40
-1.0
 40
-1.0
 40
0.0
 40
0.0
 40
0.0
 40
0.0
 10
429.7517773751933
 20
317.3375498954702
 30
0.000000000001819
 41
1.0
 10
429.730949729419
 20
315.5265537391201
 30
0.000000000001819
 41
1.0
 10
429.0506618976851
 20
313.7810303213951
 30
0.000000000001819
 41
1.0
 10
427.8761389839528
 20
312.5405237509394
 30
0.000000000001819
 41
1.0
  0
SPLINE
  5
631
330
70
100
AcDbEntity
  8
Visible
100
AcDbSpline
210
0.0
220
0.0
230
1.0
 70
    12
 71
     3
 72
     8
 73
     4
 74
     0
 42
0.000000001
 43
0.0000000001
 40
-1.0
 40
-1.0
 40
-1.0
 40
-1.0
 40
0.0
 40
0.0
 40
0.0
 40
0.0
 10
427.8761389839528
 20
312.5405237509394
 30
0.000000000001819
 41
1.0
 10
427.2782000460556
 20
311.9089931332528
 30
0.000000000001819
 41
1.0
 10
426.5595856402597
 20
311.3517969922132
 30
0.000000000001819
 41
1.0
 10
425.8377560475874
 20
310.9658883865113
 30
0.000000000001819
 41
1.0
  0
SPLINE
  5
632
330
70
100
AcDbEntity
  8
Visible
100
AcDbSpline
210
0.0
220
0.0
230
1.0
 70
    12
 71
     3
 72
     8
 73
     4
 74
     0
 42
0.000000001
 43
0.0000000001
 40
-1.0
 40
-1.0
 40
-1.0
 40
-1.0
 40
0.0
 40
0.0
 40
0.0
 40
0.0
 10
487.7891915274412
 20
333.8050813938671
 30
0.000000000001819
 41
1.0
 10
487.4822879566236
 20
333.5652661447516
 30
0.000000000001819
 41
1.0
 10
486.8213879596805
 20
333.1473330855883
 30
0.000000000001819
 41
1.0
 10
486.4270490565577
 20
332.9446770851555
 30
0.000000000001819
 41
1.0
  0
SPLINE
  5
633
330
70
100
AcDbEntity
  8
Visible
100
AcDbSpline
210
0.0
220
0.0
230
1.0
 70
    12
 71
     3
 72
     8
 73
     4
 74
     0
 42
0.000000001
 43
0.0000000001
 40
-1.0
 40
-1.0
 40
-1.0
 40
-1.0
 40
0.0
 40
0.0
 40
0.0
 40
0.0
 10
486.4270490565577
 20
332.9446770851555
 30
0.000000000001819
 41
1.0
 10
486.1106277593498
 20
332.7851628683711
 30
0.000000000001819
 41
1.0
 10
484.516572182656
 20
332.2641024641721
 30
0.000000000001819
 41
1.0
 10
484.1142831983834
 20
332.1915917201772
 30
0.000000000001819
 41
1.0
  0
SPLINE
  5
634
330
70
100
AcDbEntity
  8
Visible
100
AcDbSpline
210
0.0
220
0.0
230
1.0
 70
    12
 71
     3
 72
     8
 73
     4
 74
     0
 42
0.000000001
 43
0.0000000001
 40
-1.0
 40
-1.0
 40
-1.0
 40
-1.0
 40
0.0
 40
0.0
 40
0.0
 40
0.0
 10
484.1142831983834
 20
332.1915917201772
 30
0.000000000001819
 41
1.0
 10
481.6744434571155
 20
331.7470255090998
 30
0.000000000001819
 41
1.0
 10
479.6025012184327
 20
332.6337126822596
 30
0.000000000001819
 41
1.0
 10
478.5105038084584
 20
334.5915384988798
 30
0.000000000001819
 41
1.0
  0
SPLINE
  5
635
330
70
100
AcDbEntity
  8
Visible
100
AcDbSpline
210
0.0
220
0.0
230
1.0
 70
    12
 71
     3
 72
     8
 73
     4
 74
     0
 42
0.000000001
 43
0.0000000001
 40
-1.0
 40
-1.0
 40
-1.0
 40
-1.0
 40
0.0
 40
0.0
 40
0.0
 40
0.0
 10
478.5105038084584
 20
334.5915384988798
 30
0.000000000001819
 41
1.0
 10
478.3980984262561
 20
334.7920671603101
 30
0.000000000001819
 41
1.0
 10
478.2868767676227
 20
335.002881391466
 30
0.000000000001819
 41
1.0
 10
478.2678732734093
 20
335.0550930627083
 30
0.000000000001819
 41
1.0
  0
LINE
  5
636
330
70
100
AcDbEntity
  8
Visible
100
AcDbLine
 10
478.267873
 20
335.055093
 30
0.0
 11
478.23145
 21
335.155165
 31
0.0
210
0.3420201433256678
220
-0.9396926207859088
230
0.0
  0
LINE
  5
637
330
70
100
AcDbEntity
  8
Visible
100
AcDbLine
 10
478.23145
 20
335.155165
 30
0.0
 11
481.568646
 21
336.369805
 31
0.0
210
0.3420201433256678
220
-0.9396926207859088
230
0.0
  0
LINE
  5
638
330
70
100
AcDbEntity
  8
Visible
100
AcDbLine
 10
481.568646
 20
336.369805
 30
0.0
 11
481.748715
 21
336.105212
 31
0.0
210
0.3420201433256678
220
-0.9396926207859088
230
0.0
  0
SPLINE
  5
639
330
70
100
AcDbEntity
  8
Visible
100
AcDbSpline
210
0.0
220
0.0
230
1.0
 70
    12
 71
     3
 72
     8
 73
     4
 74
     0
 42
0.000000001
 43
0.0000000001
 40
-1.0
 40
-1.0
 40
-1.0
 40
-1.0
 40
0.0
 40
0.0
 40
0.0
 40
0.0
 10
481.7487152733646
 20
336.1052118901034
 30
0.000000000001819
 41
1.0
 10
482.2679523638234
 20
335.328435236665
 30
0.000000000001819
 41
1.0
 10
483.1177515171766
 20
335.0513804235498
 30
0.000000000001819
 41
1.0
 10
484.2253139434542
 20
335.3116066003886
 30
0.000000000001819
 41
1.0
  0
SPLINE
  5
63A
330
70
100
AcDbEntity
  8
Visible
100
AcDbSpline
210
0.0
220
0.0
230
1.0
 70
    12
 71
     3
 72
     8
 73
     4
 74
     0
 42
0.000000001
 43
0.0000000001
 40
-1.0
 40
-1.0
 40
-1.0
 40
-1.0
 40
0.0
 40
0.0
 40
0.0
 40
0.0
 10
484.2253139434542
 20
335.3116066003886
 30
0.000000000001819
 41
1.0
 10
484.689700267747
 20
335.4165736573577
 30
0.000000000001819
 41
1.0
 10
485.2853676342001
 20
335.7023619553338
 30
0.000000000001819
 41
1.0
 10
485.5974060002409
 20
335.9686829410202
 30
0.000000000001819
 41
1.0
  0
SPLINE
  5
63B
330
70
100
AcDbEntity
  8
Visible
100
AcDbSpline
210
0.0
220
0.0
230
1.0
 70
    12
 71
     3
 72
     8
 73
     4
 74
     0
 42
0.000000001
 43
0.0000000001
 40
-1.0
 40
-1.0
 40
-1.0
 40
-1.0
 40
0.0
 40
0.0
 40
0.0
 40
0.0
 10
485.5974060002409
 20
335.9686829410202
 30
0.000000000001819
 41
1.0
 10
486.2286010530151
 20
336.5088431340323
 30
0.000000000001819
 41
1.0
 10
486.3518201590505
 20
337.1991760084479
 30
0.000000000001819
 41
1.0
 10
485.9212500623107
 20
337.786493392799
 30
0.000000000001819
 41
1.0
  0
SPLINE
  5
63C
330
70
100
AcDbEntity
  8
Visible
100
AcDbSpline
210
0.0
220
0.0
230
1.0
 70
    12
 71
     3
 72
     8
 73
     4
 74
     0
 42
0.000000001
 43
0.0000000001
 40
-1.0
 40
-1.0
 40
-1.0
 40
-1.0
 40
0.0
 40
0.0
 40
0.0
 40
0.0
 10
485.9212500623107
 20
337.786493392799
 30
0.000000000001819
 41
1.0
 10
485.6715331651393
 20
338.1341393415687
 30
0.000000000001819
 41
1.0
 10
485.2968697238757
 20
338.2835601589168
 30
0.000000000001819
 41
1.0
 10
484.6310910191277
 20
338.3122415912449
 30
0.000000000001819
 41
1.0
  0
SPLINE
  5
63D
330
70
100
AcDbEntity
  8
Visible
100
AcDbSpline
210
0.0
220
0.0
230
1.0
 70
    12
 71
     3
 72
     8
 73
     4
 74
     0
 42
0.000000001
 43
0.0000000001
 40
-1.0
 40
-1.0
 40
-1.0
 40
-1.0
 40
0.0
 40
0.0
 40
0.0
 40
0.0
 10
484.6310910191277
 20
338.3122415912449
 30
0.000000000001819
 41
1.0
 10
483.9550267446538
 20
338.3421067471404
 30
0.000000000001819
 41
1.0
 10
483.366797703431
 20
338.3201761120249
 30
0.000000000001819
 41
1.0
 10
482.5546855339617
 20
338.2364681414342
 30
0.000000000001819
 41
1.0
  0
SPLINE
  5
63E
330
70
100
AcDbEntity
  8
Visible
100
AcDbSpline
210
0.0
220
0.0
230
1.0
 70
    12
 71
     3
 72
     8
 73
     4
 74
     0
 42
0.000000001
 43
0.0000000001
 40
-1.0
 40
-1.0
 40
-1.0
 40
-1.0
 40
0.0
 40
0.0
 40
0.0
 40
0.0
 10
482.5546855339617
 20
338.2364681414342
 30
0.000000000001819
 41
1.0
 10
481.0882959115988
 20
338.0821530559078
 30
0.000000000001819
 41
1.0
 10
479.799880285751
 20
338.0615983146495
 30
0.000000000001819
 41
1.0
 10
479.1360531479076
 20
338.1796826254658
 30
0.000000000001819
 41
1.0
  0
SPLINE
  5
63F
330
70
100
AcDbEntity
  8
Visible
100
AcDbSpline
210
0.0
220
0.0
230
1.0
 70
    12
 71
     3
 72
     8
 73
     4
 74
     0
 42
0.000000001
 43
0.0000000001
 40
-1.0
 40
-1.0
 40
-1.0
 40
-1.0
 40
0.0
 40
0.0
 40
0.0
 40
0.0
 10
479.1360531479076
 20
338.1796826254658
 30
0.000000000001819
 41
1.0
 10
478.1351696562778
 20
338.3574009534736
 30
0.000000000001819
 41
1.0
 10
477.307077428095
 20
338.8049594793088
 30
0.000000000001819
 41
1.0
 10
476.7681009586503
 20
339.4464401018058
 30
0.000000000001819
 41
1.0
  0
SPLINE
  5
640
330
70
100
AcDbEntity
  8
Visible
100
AcDbSpline
210
0.0
220
0.0
230
1.0
 70
    12
 71
     3
 72
     8
 73
     4
 74
     0
 42
0.000000001
 43
0.0000000001
 40
-1.0
 40
-1.0
 40
-1.0
 40
-1.0
 40
0.0
 40
0.0
 40
0.0
 40
0.0
 10
476.7681009586503
 20
339.4464401018058
 30
0.000000000001819
 41
1.0
 10
476.4198633575524
 20
339.8617021074829
 30
0.000000000001819
 41
1.0
 10
476.2081055109629
 20
340.2675103038983
 30
0.000000000001819
 41
1.0
 10
475.9966676689145
 20
340.9296579415354
 30
0.000000000001819
 41
1.0
  0
SPLINE
  5
641
330
70
100
AcDbEntity
  8
Visible
100
AcDbSpline
210
0.0
220
0.0
230
1.0
 70
    12
 71
     3
 72
     8
 73
     4
 74
     0
 42
0.000000001
 43
0.0000000001
 40
-1.0
 40
-1.0
 40
-1.0
 40
-1.0
 40
0.0
 40
0.0
 40
0.0
 40
0.0
 10
475.9966676689145
 20
340.9296579415354
 30
0.000000000001819
 41
1.0
 10
475.7919642258875
 20
341.5597651464295
 30
0.000000000001819
 41
1.0
 10
475.7507260712991
 20
341.8896712209621
 30
0.000000000001819
 41
1.0
 10
475.8043615742426
 20
342.4462757096721
 30
0.000000000001819
 41
1.0
  0
SPLINE
  5
642
330
70
100
AcDbEntity
  8
Visible
100
AcDbSpline
210
0.0
220
0.0
230
1.0
 70
    12
 71
     3
 72
     8
 73
     4
 74
     0
 42
0.000000001
 43
0.0000000001
 40
-1.0
 40
-1.0
 40
-1.0
 40
-1.0
 40
0.0
 40
0.0
 40
0.0
 40
0.0
 10
475.8043615742426
 20
342.4462757096721
 30
0.000000000001819
 41
1.0
 10
475.9691871961658
 20
344.2406997360708
 30
0.000000000001819
 41
1.0
 10
477.3342891854262
 20
345.796939656806
 30
0.000000000001819
 41
1.0
 10
479.5987305268863
 20
346.7640224812576
 30
0.000000000001819
 41
1.0
  0
SPLINE
  5
643
330
70
100
AcDbEntity
  8
Visible
100
AcDbSpline
210
0.0
220
0.0
230
1.0
 70
    12
 71
     3
 72
     8
 73
     4
 74
     0
 42
0.000000001
 43
0.0000000001
 40
-1.0
 40
-1.0
 40
-1.0
 40
-1.0
 40
0.0
 40
0.0
 40
0.0
 40
0.0
 10
479.5987305268863
 20
346.7640224812576
 30
0.000000000001819
 41
1.0
 10
481.2405988643731
 20
347.4650883452818
 30
0.000000000001819
 41
1.0
 10
483.1710068686425
 20
347.6306166366862
 30
0.000000000001819
 41
1.0
 10
484.6359886385853
 20
347.1931355310053
 30
0.000000000001819
 41
1.0
  0
SPLINE
  5
644
330
70
100
AcDbEntity
  8
Visible
100
AcDbSpline
210
0.0
220
0.0
230
1.0
 70
    12
 71
     3
 72
     8
 73
     4
 74
     0
 42
0.000000001
 43
0.0000000001
 40
-1.0
 40
-1.0
 40
-1.0
 40
-1.0
 40
0.0
 40
0.0
 40
0.0
 40
0.0
 10
484.6359886385853
 20
347.1931355310053
 30
0.000000000001819
 41
1.0
 10
485.5486849338558
 20
346.9192639462062
 30
0.000000000001819
 41
1.0
 10
486.5081540798874
 20
346.3273554811181
 30
0.000000000001819
 41
1.0
 10
487.0494979964678
 20
345.7064459980697
 30
0.000000000001819
 41
1.0
  0
SPLINE
  5
645
330
70
100
AcDbEntity
  8
Visible
100
AcDbSpline
210
0.0
220
0.0
230
1.0
 70
    12
 71
     3
 72
     8
 73
     4
 74
     0
 42
0.000000001
 43
0.0000000001
 40
-1.0
 40
-1.0
 40
-1.0
 40
-1.0
 40
0.0
 40
0.0
 40
0.0
 40
0.0
 10
487.0494979964678
 20
345.7064459980697
 30
0.000000000001819
 41
1.0
 10
487.3185863302405
 20
345.4003422291498
 30
0.000000000001819
 41
1.0
 10
487.6458848495039
 20
344.893693819517
 30
0.000000000001819
 41
1.0
 10
487.7345678224992
 20
344.650039353719
 30
0.000000000001819
 41
1.0
  0
LINE
  5
646
330
70
100
AcDbEntity
  8
Visible
100
AcDbLine
 10
487.734568
 20
344.650039
 30
0.0
 11
487.789995
 21
344.497755
 31
0.0
210
0.3420201433256678
220
-0.9396926207859088
230
0.0
  0
LINE
  5
647
330
70
100
AcDbEntity
  8
Visible
100
AcDbLine
 10
487.789995
 20
344.497755
 30
0.0
 11
486.015982
 21
343.861922
 31
0.0
210
0.3420201433256678
220
-0.9396926207859088
230
0.0
  0
LINE
  5
648
330
70
100
AcDbEntity
  8
Visible
100
AcDbLine
 10
486.015982
 20
343.861922
 30
0.0
 11
484.240385
 21
343.23044
 31
0.0
210
0.3420201433256678
220
-0.9396926207859088
230
0.0
  0
LINE
  5
649
330
70
100
AcDbEntity
  8
Visible
100
AcDbLine
 10
484.240385
 20
343.23044
 30
0.0
 11
484.113743
 21
343.415932
 31
0.0
210
0.3420201433256678
220
-0.9396926207859088
230
0.0
  0
SPLINE
  5
64A
330
70
100
AcDbEntity
  8
Visible
100
AcDbSpline
210
0.0
220
0.0
230
1.0
 70
    12
 71
     3
 72
     8
 73
     4
 74
     0
 42
0.000000001
 43
0.0000000001
 40
-1.0
 40
-1.0
 40
-1.0
 40
-1.0
 40
0.0
 40
0.0
 40
0.0
 40
0.0
 10
484.1137428351776
 20
343.415932036281
 30
0.000000000001819
 41
1.0
 10
483.3614089153434
 20
344.5217670245074
 30
0.000000000001819
 41
1.0
 10
481.5776703596184
 20
344.6707723805339
 30
0.000000000001819
 41
1.0
 10
480.2218783660882
 20
343.7387689846982
 30
0.000000000001819
 41
1.0
  0
SPLINE
  5
64B
330
70
100
AcDbEntity
  8
Visible
100
AcDbSpline
210
0.0
220
0.0
230
1.0
 70
    12
 71
     3
 72
     8
 73
     4
 74
     0
 42
0.000000001
 43
0.0000000001
 40
-1.0
 40
-1.0
 40
-1.0
 40
-1.0
 40
0.0
 40
0.0
 40
0.0
 40
0.0
 10
480.2218783660882
 20
343.7387689846982
 30
0.000000000001819
 41
1.0
 10
479.508782677185
 20
343.2476372346114
 30
0.000000000001819
 41
1.0
 10
479.216643482945
 20
342.5746603127655
 30
0.000000000001819
 41
1.0
 10
479.4415181644726
 20
341.9568222030634
 30
0.000000000001819
 41
1.0
  0
SPLINE
  5
64C
330
70
100
AcDbEntity
  8
Visible
100
AcDbSpline
210
0.0
220
0.0
230
1.0
 70
    12
 71
     3
 72
     8
 73
     4
 74
     0
 42
0.000000001
 43
0.0000000001
 40
-1.0
 40
-1.0
 40
-1.0
 40
-1.0
 40
0.0
 40
0.0
 40
0.0
 40
0.0
 10
479.4415181644726
 20
341.9568222030634
 30
0.000000000001819
 41
1.0
 10
479.6446220036996
 20
341.3852611674824
 30
0.000000000001819
 41
1.0
 10
480.0442235362971
 20
341.1808613308053
 30
0.000000000001819
 41
1.0
 10
481.0146022818571
 20
341.1546432213035
 30
0.000000000001819
 41
1.0
  0
SPLINE
  5
64D
330
70
100
AcDbEntity
  8
Visible
100
AcDbSpline
210
0.0
220
0.0
230
1.0
 70
    12
 71
     3
 72
     8
 73
     4
 74
     0
 42
0.000000001
 43
0.0000000001
 40
-1.0
 40
-1.0
 40
-1.0
 40
-1.0
 40
0.0
 40
0.0
 40
0.0
 40
0.0
 10
481.0146022818571
 20
341.1546432213035
 30
0.000000000001819
 41
1.0
 10
481.7167723919519
 20
341.1342798125152
 30
0.000000000001819
 41
1.0
 10
482.4363304131784
 20
341.1744460985069
 30
0.000000000001819
 41
1.0
 10
483.4909293041582
 20
341.2823562756589
 30
0.000000000001819
 41
1.0
  0
SPLINE
  5
64E
330
70
100
AcDbEntity
  8
Visible
100
AcDbSpline
210
0.0
220
0.0
230
1.0
 70
    12
 71
     3
 72
     8
 73
     4
 74
     0
 42
0.000000001
 43
0.0000000001
 40
-1.0
 40
-1.0
 40
-1.0
 40
-1.0
 40
0.0
 40
0.0
 40
0.0
 40
0.0
 10
483.4909293041582
 20
341.2823562756589
 30
0.000000000001819
 41
1.0
 10
484.4300194810293
 20
341.3827162726088
 30
0.000000000001819
 41
1.0
 10
485.6962803429142
 20
341.4099894336068
 30
0.000000000001819
 41
1.0
 10
486.2402318147633
 20
341.3369665147811
 30
0.000000000001819
 41
1.0
  0
SPLINE
  5
64F
330
70
100
AcDbEntity
  8
Visible
100
AcDbSpline
210
0.0
220
0.0
230
1.0
 70
    12
 71
     3
 72
     8
 73
     4
 74
     0
 42
0.000000001
 43
0.0000000001
 40
-1.0
 40
-1.0
 40
-1.0
 40
-1.0
 40
0.0
 40
0.0
 40
0.0
 40
0.0
 10
486.2402318147633
 20
341.3369665147811
 30
0.000000000001819
 41
1.0
 10
487.4586799158496
 20
341.1842342159525
 30
0.000000000001819
 41
1.0
 10
488.4849972754527
 20
340.6117291460282
 30
0.000000000001819
 41
1.0
 10
489.0394580269712
 20
339.7787897496937
 30
0.000000000001819
 41
1.0
  0
SPLINE
  5
650
330
70
100
AcDbEntity
  8
Visible
100
AcDbSpline
210
0.0
220
0.0
230
1.0
 70
    12
 71
     3
 72
     8
 73
     4
 74
     0
 42
0.000000001
 43
0.0000000001
 40
-1.0
 40
-1.0
 40
-1.0
 40
-1.0
 40
0.0
 40
0.0
 40
0.0
 40
0.0
 10
489.0394580269712
 20
339.7787897496937
 30
0.000000000001819
 41
1.0
 10
489.3188638890296
 20
339.3631118637845
 30
0.000000000001819
 41
1.0
 10
489.6276546907174
 20
338.5688674028056
 30
0.000000000001819
 41
1.0
 10
489.7084994375327
 20
338.0759918164749
 30
0.000000000001819
 41
1.0
  0
SPLINE
  5
651
330
70
100
AcDbEntity
  8
Visible
100
AcDbSpline
210
0.0
220
0.0
230
1.0
 70
    12
 71
     3
 72
     8
 73
     4
 74
     0
 42
0.000000001
 43
0.0000000001
 40
-1.0
 40
-1.0
 40
-1.0
 40
-1.0
 40
0.0
 40
0.0
 40
0.0
 40
0.0
 10
489.7084994375327
 20
338.0759918164749
 30
0.000000000001819
 41
1.0
 10
489.9664860014909
 20
336.5142966770664
 30
0.000000000001819
 41
1.0
 10
489.2734812357702
 20
334.9661666302996
 30
0.000000000001819
 41
1.0
 10
487.7891915274412
 20
333.8050813938671
 30
0.000000000001819
 41
1.0
  0
SPLINE
  5
652
330
70
100
AcDbEntity
  8
Visible
100
AcDbSpline
210
0.0
220
0.0
230
1.0
 70
    12
 71
     3
 72
     8
 73
     4
 74
     0
 42
0.000000001
 43
0.0000000001
 40
-1.0
 40
-1.0
 40
-1.0
 40
-1.0
 40
0.0
 40
0.0
 40
0.0
 40
0.0
 10
517.949429688937
 20
344.4868684556145
 30
0.000000000001819
 41
1.0
 10
517.7805415592975
 20
344.3958340147633
 30
0.000000000001819
 41
1.0
 10
517.6132370541782
 20
344.3004486013092
 30
0.000000000001819
 41
1.0
 10
517.5815965223864
 20
344.27907765996
 30
0.000000000001819
 41
1.0
  0
SPLINE
  5
653
330
70
100
AcDbEntity
  8
Visible
100
AcDbSpline
210
0.0
220
0.0
230
1.0
 70
    12
 71
     3
 72
     8
 73
     4
 74
     0
 42
0.000000001
 43
0.0000000001
 40
-1.0
 40
-1.0
 40
-1.0
 40
-1.0
 40
0.0
 40
0.0
 40
0.0
 40
0.0
 10
517.5815965223864
 20
344.27907765996
 30
0.000000000001819
 41
1.0
 10
517.3711821921788
 20
344.153219458999
 30
0.000000000001819
 41
1.0
 10
516.0765599025125
 20
343.716507034474
 30
0.000000000001819
 41
1.0
 10
515.6948420576863
 20
343.6416288433434
 30
0.000000000001819
 41
1.0
  0
SPLINE
  5
654
330
70
100
AcDbEntity
  8
Visible
100
AcDbSpline
210
0.0
220
0.0
230
1.0
 70
    12
 71
     3
 72
     8
 73
     4
 74
     0
 42
0.000000001
 43
0.0000000001
 40
-1.0
 40
-1.0
 40
-1.0
 40
-1.0
 40
0.0
 40
0.0
 40
0.0
 40
0.0
 10
515.6948420576863
 20
343.6416288433434
 30
0.000000000001819
 41
1.0
 10
514.9021332833817
 20
343.491072659182
 30
0.000000000001819
 41
1.0
 10
513.8569882016618
 20
343.5196422365384
 30
0.000000000001819
 41
1.0
 10
513.0855385137329
 20
343.7168118975542
 30
0.000000000001819
 41
1.0
  0
SPLINE
  5
655
330
70
100
AcDbEntity
  8
Visible
100
AcDbSpline
210
0.0
220
0.0
230
1.0
 70
    12
 71
     3
 72
     8
 73
     4
 74
     0
 42
0.000000001
 43
0.0000000001
 40
-1.0
 40
-1.0
 40
-1.0
 40
-1.0
 40
0.0
 40
0.0
 40
0.0
 40
0.0
 10
513.0855385137329
 20
343.7168118975542
 30
0.000000000001819
 41
1.0
 10
512.7108910517545
 20
343.812037518193
 30
0.000000000001819
 41
1.0
 10
511.983319032246
 20
344.1187972754783
 30
0.000000000001819
 41
1.0
 10
511.642263668964
 20
344.3247967159546
 30
0.000000000001819
 41
1.0
  0
LINE
  5
656
330
70
100
AcDbEntity
  8
Visible
100
AcDbLine
 10
511.642264
 20
344.324797
 30
0.0
 11
511.399329
 21
344.477817
 31
0.0
210
0.3420201433256678
220
-0.9396926207859088
230
0.0
  0
LINE
  5
657
330
70
100
AcDbEntity
  8
Visible
100
AcDbLine
 10
511.399329
 20
344.477817
 30
0.0
 11
512.115127
 21
342.511177
 31
0.0
210
0.3420201433256678
220
-0.9396926207859088
230
0.0
  0
LINE
  5
658
330
70
100
AcDbEntity
  8
Visible
100
AcDbLine
 10
512.115127
 20
342.511177
 30
0.0
 11
508.54733
 21
341.212605
 31
0.0
210
0.3420201433256678
220
-0.9396926207859088
230
0.0
  0
LINE
  5
659
330
70
100
AcDbEntity
  8
Visible
100
AcDbLine
 10
508.54733
 20
341.212605
 30
0.0
 11
505.797358
 21
348.795166
 31
0.0
210
0.3420201433256678
220
-0.9396926207859088
230
0.0
  0
LINE
  5
65A
330
70
100
AcDbEntity
  8
Visible
100
AcDbLine
 10
505.797358
 20
348.795166
 30
0.0
 11
503.050153
 21
356.383663
 31
0.0
210
0.3420201433256678
220
-0.9396926207859088
230
0.0
  0
LINE
  5
65B
330
70
100
AcDbEntity
  8
Visible
100
AcDbLine
 10
503.050153
 20
356.383663
 30
0.0
 11
502.977611
 21
356.894342
 31
0.0
210
0.3420201433256678
220
-0.9396926207859088
230
0.0
  0
SPLINE
  5
65C
330
70
100
AcDbEntity
  8
Visible
100
AcDbSpline
210
0.0
220
0.0
230
1.0
 70
    12
 71
     3
 72
     8
 73
     4
 74
     0
 42
0.000000001
 43
0.0000000001
 40
-1.0
 40
-1.0
 40
-1.0
 40
-1.0
 40
0.0
 40
0.0
 40
0.0
 40
0.0
 10
502.9776105717482
 20
356.8943419440643
 30
0.000000000001819
 41
1.0
 10
502.6505685588126
 20
359.2143539571825
 30
0.000000000001819
 41
1.0
 10
503.2085813188514
 20
361.0927580208686
 30
0.000000000001819
 41
1.0
 10
504.6741715582247
 20
362.6165895664749
 30
0.000000000001819
 41
1.0
  0
SPLINE
  5
65D
330
70
100
AcDbEntity
  8
Visible
100
AcDbSpline
210
0.0
220
0.0
230
1.0
 70
    12
 71
     3
 72
     8
 73
     4
 74
     0
 42
0.000000001
 43
0.0000000001
 40
-1.0
 40
-1.0
 40
-1.0
 40
-1.0
 40
0.0
 40
0.0
 40
0.0
 40
0.0
 10
504.6741715582247
 20
362.6165895664749
 30
0.000000000001819
 41
1.0
 10
505.6141897901597
 20
363.5943582805112
 30
0.000000000001819
 41
1.0
 10
506.9340382171394
 20
364.3408215203495
 30
0.000000000001819
 41
1.0
 10
508.5585665813396
 20
364.8187720994624
 30
0.000000000001819
 41
1.0
  0
SPLINE
  5
65E
330
70
100
AcDbEntity
  8
Visible
100
AcDbSpline
210
0.0
220
0.0
230
1.0
 70
    12
 71
     3
 72
     8
 73
     4
 74
     0
 42
0.000000001
 43
0.0000000001
 40
-1.0
 40
-1.0
 40
-1.0
 40
-1.0
 40
0.0
 40
0.0
 40
0.0
 40
0.0
 10
508.5585665813396
 20
364.8187720994624
 30
0.000000000001819
 41
1.0
 10
510.5798332543599
 20
365.4115594250393
 30
0.000000000001819
 41
1.0
 10
512.2353621412676
 20
365.3982020630579
 30
0.000000000001819
 41
1.0
 10
513.8708955617748
 20
364.7764284420741
 30
0.000000000001819
 41
1.0
  0
SPLINE
  5
65F
330
70
100
AcDbEntity
  8
Visible
100
AcDbSpline
210
0.0
220
0.0
230
1.0
 70
    12
 71
     3
 72
     8
 73
     4
 74
     0
 42
0.000000001
 43
0.0000000001
 40
-1.0
 40
-1.0
 40
-1.0
 40
-1.0
 40
0.0
 40
0.0
 40
0.0
 40
0.0
 10
513.8708955617748
 20
364.7764284420741
 30
0.000000000001819
 41
1.0
 10
514.9750985687278
 20
364.3554555492183
 30
0.000000000001819
 41
1.0
 10
516.1301213737861
 20
363.3074947626588
 30
0.000000000001819
 41
1.0
 10
516.6348018183234
 20
362.25934222472
 30
0.000000000001819
 41
1.0
  0
LINE
  5
660
330
70
100
AcDbEntity
  8
Visible
100
AcDbLine
 10
516.634802
 20
362.259342
 30
0.0
 11
516.766611
 21
361.991965
 31
0.0
210
0.3420201433256678
220
-0.9396926207859088
230
0.0
  0
LINE
  5
661
330
70
100
AcDbEntity
  8
Visible
100
AcDbLine
 10
516.766611
 20
361.991965
 30
0.0
 11
513.251025
 21
360.712397
 31
0.0
210
0.3420201433256678
220
-0.9396926207859088
230
0.0
  0
LINE
  5
662
330
70
100
AcDbEntity
  8
Visible
100
AcDbLine
 10
513.251025
 20
360.712397
 30
0.0
 11
513.101044
 21
360.894322
 31
0.0
210
0.3420201433256678
220
-0.9396926207859088
230
0.0
  0
SPLINE
  5
663
330
70
100
AcDbEntity
  8
Visible
100
AcDbSpline
210
0.0
220
0.0
230
1.0
 70
    12
 71
     3
 72
     8
 73
     4
 74
     0
 42
0.000000001
 43
0.0000000001
 40
-1.0
 40
-1.0
 40
-1.0
 40
-1.0
 40
0.0
 40
0.0
 40
0.0
 40
0.0
 10
513.1010442209172
 20
360.8943218075069
 30
0.000000000001819
 41
1.0
 10
512.0361441998393
 20
362.1820339260562
 30
0.000000000001819
 41
1.0
 10
509.4731496885706
 20
362.1705974291467
 30
0.000000000001819
 41
1.0
 10
507.8563792352325
 20
360.8726005786925
 30
0.000000000001819
 41
1.0
  0
SPLINE
  5
664
330
70
100
AcDbEntity
  8
Visible
100
AcDbSpline
210
0.0
220
0.0
230
1.0
 70
    12
 71
     3
 72
     8
 73
     4
 74
     0
 42
0.000000001
 43
0.0000000001
 40
-1.0
 40
-1.0
 40
-1.0
 40
-1.0
 40
0.0
 40
0.0
 40
0.0
 40
0.0
 10
507.8563792352325
 20
360.8726005786925
 30
0.000000000001819
 41
1.0
 10
507.4193623665396
 20
360.5164448550049
 30
0.000000000001819
 41
1.0
 10
507.1872411111598
 20
360.220082941325
 30
0.000000000001819
 41
1.0
 10
506.9255267665812
 20
359.6665817845233
 30
0.000000000001819
 41
1.0
  0
SPLINE
  5
665
330
70
100
AcDbEntity
  8
Visible
100
AcDbSpline
210
0.0
220
0.0
230
1.0
 70
    12
 71
     3
 72
     8
 73
     4
 74
     0
 42
0.000000001
 43
0.0000000001
 40
-1.0
 40
-1.0
 40
-1.0
 40
-1.0
 40
0.0
 40
0.0
 40
0.0
 40
0.0
 10
506.9255267665812
 20
359.6665817845233
 30
0.000000000001819
 41
1.0
 10
506.6622287974878
 20
359.1174316003257
 30
0.000000000001819
 41
1.0
 10
506.5824714796399
 20
358.6055205612183
 30
0.000000000001819
 41
1.0
 10
506.6511110483897
 20
357.9160354265473
 30
0.000000000001819
 41
1.0
  0
SPLINE
  5
666
330
70
100
AcDbEntity
  8
Visible
100
AcDbSpline
210
0.0
220
0.0
230
1.0
 70
    12
 71
     3
 72
     8
 73
     4
 74
     0
 42
0.000000001
 43
0.0000000001
 40
-1.0
 40
-1.0
 40
-1.0
 40
-1.0
 40
0.0
 40
0.0
 40
0.0
 40
0.0
 10
506.6511110483897
 20
357.9160354265473
 30
0.000000000001819
 41
1.0
 10
506.6876143087065
 20
357.5449870731159
 30
0.000000000001819
 41
1.0
 10
506.731571873539
 20
357.3836011858352
 30
0.000000000001819
 41
1.0
 10
507.2268624259377
 20
355.9821881065468
 30
0.000000000001819
 41
1.0
  0
LINE
  5
667
330
70
100
AcDbEntity
  8
Visible
100
AcDbLine
 10
507.226862
 20
355.982188
 30
0.0
 11
507.763727
 21
354.453013
 31
0.0
210
0.3420201433256678
220
-0.9396926207859088
230
0.0
  0
LINE
  5
668
330
70
100
AcDbEntity
  8
Visible
100
AcDbLine
 10
507.763727
 20
354.453013
 30
0.0
 11
507.830127
 21
354.649639
 31
0.0
210
0.3420201433256678
220
-0.9396926207859088
230
0.0
  0
SPLINE
  5
669
330
70
100
AcDbEntity
  8
Visible
100
AcDbSpline
210
0.0
220
0.0
230
1.0
 70
    12
 71
     3
 72
     8
 73
     4
 74
     0
 42
0.000000001
 43
0.0000000001
 40
-1.0
 40
-1.0
 40
-1.0
 40
-1.0
 40
0.0
 40
0.0
 40
0.0
 40
0.0
 10
507.8301274915302
 20
354.6496387248613
 30
0.000000000001819
 41
1.0
 10
508.275158777411
 20
355.999111780694
 30
0.000000000001819
 41
1.0
 10
509.2874960019599
 20
357.2249338709757
 30
0.000000000001819
 41
1.0
 10
510.5440633653579
 20
357.928655228116
 30
0.000000000001819
 41
1.0
  0
SPLINE
  5
66A
330
70
100
AcDbEntity
  8
Visible
100
AcDbSpline
210
0.0
220
0.0
230
1.0
 70
    12
 71
     3
 72
     8
 73
     4
 74
     0
 42
0.000000001
 43
0.0000000001
 40
-1.0
 40
-1.0
 40
-1.0
 40
-1.0
 40
0.0
 40
0.0
 40
0.0
 40
0.0
 10
510.5440633653579
 20
357.928655228116
 30
0.000000000001819
 41
1.0
 10
511.0317402393393
 20
358.1997750251999
 30
0.000000000001819
 41
1.0
 10
511.9759012943068
 20
358.5434215455616
 30
0.000000000001819
 41
1.0
 10
512.5455107629822
 20
358.6571225063007
 30
0.000000000001819
 41
1.0
  0
SPLINE
  5
66B
330
70
100
AcDbEntity
  8
Visible
100
AcDbSpline
210
0.0
220
0.0
230
1.0
 70
    12
 71
     3
 72
     8
 73
     4
 74
     0
 42
0.000000001
 43
0.0000000001
 40
-1.0
 40
-1.0
 40
-1.0
 40
-1.0
 40
0.0
 40
0.0
 40
0.0
 40
0.0
 10
512.5455107629822
 20
358.6571225063007
 30
0.000000000001819
 41
1.0
 10
514.4829731708141
 20
359.0469498061834
 30
0.000000000001819
 41
1.0
 10
516.497057187109
 20
358.5087563215384
 30
0.000000000001819
 41
1.0
 10
518.0774194179975
 20
357.1721435943168
 30
0.000000000001819
 41
1.0
  0
SPLINE
  5
66C
330
70
100
AcDbEntity
  8
Visible
100
AcDbSpline
210
0.0
220
0.0
230
1.0
 70
    12
 71
     3
 72
     8
 73
     4
 74
     0
 42
0.000000001
 43
0.0000000001
 40
-1.0
 40
-1.0
 40
-1.0
 40
-1.0
 40
0.0
 40
0.0
 40
0.0
 40
0.0
 10
518.0774194179975
 20
357.1721435943168
 30
0.000000000001819
 41
1.0
 10
518.7821327473248
 20
356.576204161167
 30
0.000000000001819
 41
1.0
 10
519.5118640643977
 20
355.6543097251388
 30
0.000000000001819
 41
1.0
 10
520.0070108032632
 20
354.7406534162415
 30
0.000000000001819
 41
1.0
  0
SPLINE
  5
66D
330
70
100
AcDbEntity
  8
Visible
100
AcDbSpline
210
0.0
220
0.0
230
1.0
 70
    12
 71
     3
 72
     8
 73
     4
 74
     0
 42
0.000000001
 43
0.0000000001
 40
-1.0
 40
-1.0
 40
-1.0
 40
-1.0
 40
0.0
 40
0.0
 40
0.0
 40
0.0
 10
520.0070108032632
 20
354.7406534162415
 30
0.000000000001819
 41
1.0
 10
520.3189049368611
 20
354.154487796895
 30
0.000000000001819
 41
1.0
 10
520.830415656108
 20
352.7491236459532
 30
0.000000000001819
 41
1.0
 10
520.9698545100836
 20
352.0952620732924
 30
0.000000000001819
 41
1.0
  0
SPLINE
  5
66E
330
70
100
AcDbEntity
  8
Visible
100
AcDbSpline
210
0.0
220
0.0
230
1.0
 70
    12
 71
     3
 72
     8
 73
     4
 74
     0
 42
0.000000001
 43
0.0000000001
 40
-1.0
 40
-1.0
 40
-1.0
 40
-1.0
 40
0.0
 40
0.0
 40
0.0
 40
0.0
 10
520.9698545100836
 20
352.0952620732924
 30
0.000000000001819
 41
1.0
 10
521.1691191326281
 20
351.1281144938948
 30
0.000000000001819
 41
1.0
 10
521.2042145405248
 20
350.1652699492556
 30
0.000000000001819
 41
1.0
 10
521.0688222149838
 20
349.1699371330801
 30
0.000000000001819
 41
1.0
  0
SPLINE
  5
66F
330
70
100
AcDbEntity
  8
Visible
100
AcDbSpline
210
0.0
220
0.0
230
1.0
 70
    12
 71
     3
 72
     8
 73
     4
 74
     0
 42
0.000000001
 43
0.0000000001
 40
-1.0
 40
-1.0
 40
-1.0
 40
-1.0
 40
0.0
 40
0.0
 40
0.0
 40
0.0
 10
521.0688222149838
 20
349.1699371330801
 30
0.000000000001819
 41
1.0
 10
520.8122582260002
 20
347.2485031407164
 30
0.000000000001819
 41
1.0
 10
519.5710628707984
 20
345.3924460112876
 30
0.000000000001819
 41
1.0
 10
517.949429688937
 20
344.4868684556145
 30
0.000000000001819
 41
1.0
  0
LINE
  5
670
330
70
100
AcDbEntity
  8
Visible
100
AcDbLine
 10
558.333524
 20
455.958921
 30
0.0
 11
575.911453
 21
462.356764
 31
0.0
210
0.3420201433256678
220
-0.9396926207859088
230
0.0
  0
LINE
  5
671
330
70
100
AcDbEntity
  8
Visible
100
AcDbLine
 10
575.911453
 20
462.356764
 30
0.0
 11
596.498572
 21
405.79412
 31
0.0
210
0.3420201433256678
220
-0.9396926207859088
230
0.0
  0
LINE
  5
672
330
70
100
AcDbEntity
  8
Visible
100
AcDbLine
 10
596.498572
 20
405.79412
 30
0.0
 11
578.920643
 21
399.396277
 31
0.0
210
0.3420201433256678
220
-0.9396926207859088
230
0.0
  0
LINE
  5
673
330
70
100
AcDbEntity
  8
Visible
100
AcDbLine
 10
578.920643
 20
399.396277
 30
0.0
 11
558.333524
 21
455.958921
 31
0.0
210
0.3420201433256678
220
-0.9396926207859088
230
0.0
  0
SPLINE
  5
674
330
70
100
AcDbEntity
  8
Visible
100
AcDbSpline
210
0.0
220
0.0
230
1.0
 70
    12
 71
     3
 72
     8
 73
     4
 74
     0
 42
0.000000001
 43
0.0000000001
 40
-1.0
 40
-1.0
 40
-1.0
 40
-1.0
 40
0.0
 40
0.0
 40
0.0
 40
0.0
 10
621.8745717164802
 20
388.3978222615056
 30
0.000000000001819
 41
1.0
 10
625.1560675218406
 20
385.3250911501564
 30
0.000000000001819
 41
1.0
 10
627.5907552318749
 20
381.7766166951033
 30
0.000000000001819
 41
1.0
 10
629.3436677802564
 20
377.5020419900907
 30
0.000000000001819
 41
1.0
  0
LINE
  5
675
330
70
100
AcDbEntity
  8
Visible
100
AcDbLine
 10
629.343668
 20
377.502042
 30
0.0
 11
629.646508
 21
376.76476
 31
0.0
210
0.3420201433256678
220
-0.9396926207859088
230
0.0
  0
LINE
  5
676
330
70
100
AcDbEntity
  8
Visible
100
AcDbLine
 10
629.646508
 20
376.76476
 30
0.0
 11
615.679886
 21
371.681325
 31
0.0
210
0.3420201433256678
220
-0.9396926207859088
230
0.0
  0
LINE
  5
677
330
70
100
AcDbEntity
  8
Visible
100
AcDbLine
 10
615.679886
 20
371.681325
 30
0.0
 11
615.389315
 21
372.398436
 31
0.0
210
0.3420201433256678
220
-0.9396926207859088
230
0.0
  0
SPLINE
  5
678
330
70
100
AcDbEntity
  8
Visible
100
AcDbSpline
210
0.0
220
0.0
230
1.0
 70
    12
 71
     3
 72
     8
 73
     4
 74
     0
 42
0.000000001
 43
0.0000000001
 40
-1.0
 40
-1.0
 40
-1.0
 40
-1.0
 40
0.0
 40
0.0
 40
0.0
 40
0.0
 10
615.389314818105
 20
372.3984360494715
 30
0.000000000001819
 41
1.0
 10
614.1019399401084
 20
375.5564103991751
 30
0.000000000001819
 41
1.0
 10
611.8823371185153
 20
378.1484227455048
 30
0.000000000001819
 41
1.0
 10
608.9331144159114
 20
379.9427197754699
 30
0.000000000001819
 41
1.0
  0
SPLINE
  5
679
330
70
100
AcDbEntity
  8
Visible
100
AcDbSpline
210
0.0
220
0.0
230
1.0
 70
    12
 71
     3
 72
     8
 73
     4
 74
     0
 42
0.000000001
 43
0.0000000001
 40
-1.0
 40
-1.0
 40
-1.0
 40
-1.0
 40
0.0
 40
0.0
 40
0.0
 40
0.0
 10
608.9331144159114
 20
379.9427197754699
 30
0.000000000001819
 41
1.0
 10
608.2122288575829
 20
380.3800246901433
 30
0.000000000001819
 41
1.0
 10
606.7598361873733
 20
381.053673998546
 30
0.000000000001819
 41
1.0
 10
605.9717504523669
 20
381.3236264702541
 30
0.000000000001819
 41
1.0
  0
SPLINE
  5
67A
330
70
100
AcDbEntity
  8
Visible
100
AcDbSpline
210
0.0
220
0.0
230
1.0
 70
    12
 71
     3
 72
     8
 73
     4
 74
     0
 42
0.000000001
 43
0.0000000001
 40
-1.0
 40
-1.0
 40
-1.0
 40
-1.0
 40
0.0
 40
0.0
 40
0.0
 40
0.0
 10
605.9717504523669
 20
381.3236264702541
 30
0.000000000001819
 41
1.0
 10
602.3395209267
 20
382.5441232706658
 30
0.000000000001819
 41
1.0
 10
598.5526075352991
 20
382.456769091501
 30
0.000000000001819
 41
1.0
 10
595.0766122845853
 20
381.0684261660345
 30
0.000000000001819
 41
1.0
  0
SPLINE
  5
67B
330
70
100
AcDbEntity
  8
Visible
100
AcDbSpline
210
0.0
220
0.0
230
1.0
 70
    12
 71
     3
 72
     8
 73
     4
 74
     0
 42
0.000000001
 43
0.0000000001
 40
-1.0
 40
-1.0
 40
-1.0
 40
-1.0
 40
0.0
 40
0.0
 40
0.0
 40
0.0
 10
595.0766122845853
 20
381.0684261660345
 30
0.000000000001819
 41
1.0
 10
591.2920978799721
 20
379.5530093574762
 30
0.000000000001819
 41
1.0
 10
588.3489683105763
 20
376.781856945986
 30
0.000000000001819
 41
1.0
 10
586.640330818107
 20
373.1099249524009
 30
0.000000000001819
 41
1.0
  0
SPLINE
  5
67C
330
70
100
AcDbEntity
  8
Visible
100
AcDbSpline
210
0.0
220
0.0
230
1.0
 70
    12
 71
     3
 72
     8
 73
     4
 74
     0
 42
0.000000001
 43
0.0000000001
 40
-1.0
 40
-1.0
 40
-1.0
 40
-1.0
 40
0.0
 40
0.0
 40
0.0
 40
0.0
 10
586.640330818107
 20
373.1099249524009
 30
0.000000000001819
 41
1.0
 10
584.9478975132024
 20
369.4882370838723
 30
0.000000000001819
 41
1.0
 10
584.6998588595088
 20
365.4856307535088
 30
0.000000000001819
 41
1.0
 10
585.9237445243488
 20
361.6492087029146
 30
0.000000000001819
 41
1.0
  0
LINE
  5
67D
330
70
100
AcDbEntity
  8
Visible
100
AcDbLine
 10
585.923745
 20
361.649209
 30
0.0
 11
586.154186
 21
360.934849
 31
0.0
210
0.3420201433256678
220
-0.9396926207859088
230
0.0
  0
LINE
  5
67E
330
70
100
AcDbEntity
  8
Visible
100
AcDbLine
 10
586.154186
 20
360.934849
 30
0.0
 11
572.231074
 21
355.867251
 31
0.0
210
0.3420201433256678
220
-0.9396926207859088
230
0.0
  0
LINE
  5
67F
330
70
100
AcDbEntity
  8
Visible
100
AcDbLine
 10
572.231074
 20
355.867251
 30
0.0
 11
571.921451
 21
356.799159
 31
0.0
210
0.3420201433256678
220
-0.9396926207859088
230
0.0
  0
SPLINE
  5
680
330
70
100
AcDbEntity
  8
Visible
100
AcDbSpline
210
0.0
220
0.0
230
1.0
 70
    12
 71
     3
 72
     8
 73
     4
 74
     0
 42
0.000000001
 43
0.0000000001
 40
-1.0
 40
-1.0
 40
-1.0
 40
-1.0
 40
0.0
 40
0.0
 40
0.0
 40
0.0
 10
571.9214509671473
 20
356.7991588761493
 30
0.000000000001819
 41
1.0
 10
570.0466796462115
 20
362.4780258635064
 30
0.000000000001819
 41
1.0
 10
569.9747626490952
 20
368.9165528220474
 30
0.000000000001819
 41
1.0
 10
571.7136176794756
 20
374.7527415133304
 30
0.000000000001819
 41
1.0
  0
SPLINE
  5
681
330
70
100
AcDbEntity
  8
Visible
100
AcDbSpline
210
0.0
220
0.0
230
1.0
 70
    12
 71
     3
 72
     8
 73
     4
 74
     0
 42
0.000000001
 43
0.0000000001
 40
-1.0
 40
-1.0
 40
-1.0
 40
-1.0
 40
0.0
 40
0.0
 40
0.0
 40
0.0
 10
571.7136176794756
 20
374.7527415133304
 30
0.000000000001819
 41
1.0
 10
573.9045743785846
 20
382.1085070722165
 30
0.000000000001819
 41
1.0
 10
578.7162235996202
 20
388.3289240311751
 30
0.000000000001819
 41
1.0
 10
585.2398516586199
 20
392.2554503730089
 30
0.000000000001819
 41
1.0
  0
SPLINE
  5
682
330
70
100
AcDbEntity
  8
Visible
100
AcDbSpline
210
0.0
220
0.0
230
1.0
 70
    12
 71
     3
 72
     8
 73
     4
 74
     0
 42
0.000000001
 43
0.0000000001
 40
-1.0
 40
-1.0
 40
-1.0
 40
-1.0
 40
0.0
 40
0.0
 40
0.0
 40
0.0
 10
585.2398516586199
 20
392.2554503730089
 30
0.000000000001819
 41
1.0
 10
591.6036934341373
 20
396.079472980698
 30
0.000000000001819
 41
1.0
 10
599.1383938409835
 20
397.4717817003707
 30
0.000000000001819
 41
1.0
 10
606.3953990067203
 20
396.1613690088211
 30
0.000000000001819
 41
1.0
  0
SPLINE
  5
683
330
70
100
AcDbEntity
  8
Visible
100
AcDbSpline
210
0.0
220
0.0
230
1.0
 70
    12
 71
     3
 72
     8
 73
     4
 74
     0
 42
0.000000001
 43
0.0000000001
 40
-1.0
 40
-1.0
 40
-1.0
 40
-1.0
 40
0.0
 40
0.0
 40
0.0
 40
0.0
 10
606.3953990067203
 20
396.1613690088211
 30
0.000000000001819
 41
1.0
 10
612.2068577562385
 20
395.1131988159609
 30
0.000000000001819
 41
1.0
 10
617.5828668633876
 20
392.4184737480964
 30
0.000000000001819
 41
1.0
 10
621.8745717164802
 20
388.3978222615056
 30
0.000000000001819
 41
1.0
  0
SPLINE
  5
684
330
70
100
AcDbEntity
  8
Visible
100
AcDbSpline
210
0.0
220
0.0
230
1.0
 70
    12
 71
     3
 72
     8
 73
     4
 74
     0
 42
0.000000001
 43
0.0000000001
 40
-1.0
 40
-1.0
 40
-1.0
 40
-1.0
 40
0.0
 40
0.0
 40
0.0
 40
0.0
 10
535.3762591085706
 20
352.1798135945287
 30
0.000000000001819
 41
1.0
 10
534.6763601510137
 20
351.2056759476045
 30
0.000000000001819
 41
1.0
 10
533.7129554936982
 20
350.3869256737135
 30
0.000000000001819
 41
1.0
 10
532.5896686772121
 20
349.7908428459386
 30
0.000000000001819
 41
1.0
  0
SPLINE
  5
685
330
70
100
AcDbEntity
  8
Visible
100
AcDbSpline
210
0.0
220
0.0
230
1.0
 70
    12
 71
     3
 72
     8
 73
     4
 74
     0
 42
0.000000001
 43
0.0000000001
 40
-1.0
 40
-1.0
 40
-1.0
 40
-1.0
 40
0.0
 40
0.0
 40
0.0
 40
0.0
 10
532.5896686772121
 20
349.7908428459386
 30
0.000000000001819
 41
1.0
 10
531.711603971762
 20
349.3332872152682
 30
0.000000000001819
 41
1.0
 10
530.562531324198
 20
348.9840420816086
 30
0.000000000001819
 41
1.0
 10
529.5241526000609
 20
348.8721808328023
 30
0.000000000001819
 41
1.0
  0
SPLINE
  5
686
330
70
100
AcDbEntity
  8
Visible
100
AcDbSpline
210
0.0
220
0.0
230
1.0
 70
    12
 71
     3
 72
     8
 73
     4
 74
     0
 42
0.000000001
 43
0.0000000001
 40
-1.0
 40
-1.0
 40
-1.0
 40
-1.0
 40
0.0
 40
0.0
 40
0.0
 40
0.0
 10
529.5241526000609
 20
348.8721808328023
 30
0.000000000001819
 41
1.0
 10
526.4414567613494
 20
348.528694943077
 30
0.000000000001819
 41
1.0
 10
523.6279939077631
 20
350.071835264886
 30
0.000000000001819
 41
1.0
 10
522.1828801888786
 20
352.8915375786737
 30
0.000000000001819
 41
1.0
  0
SPLINE
  5
687
330
70
100
AcDbEntity
  8
Visible
100
AcDbSpline
210
0.0
220
0.0
230
1.0
 70
    12
 71
     3
 72
     8
 73
     4
 74
     0
 42
0.000000001
 43
0.0000000001
 40
-1.0
 40
-1.0
 40
-1.0
 40
-1.0
 40
0.0
 40
0.0
 40
0.0
 40
0.0
 10
522.1828801888786
 20
352.8915375786737
 30
0.000000000001819
 41
1.0
 10
521.8674189052962
 20
353.5010416855557
 30
0.000000000001819
 41
1.0
 10
521.381598141439
 20
354.9847393226423
 30
0.000000000001819
 41
1.0
 10
521.3007214360604
 20
355.5860053023935
 30
0.000000000001819
 41
1.0
  0
SPLINE
  5
688
330
70
100
AcDbEntity
  8
Visible
100
AcDbSpline
210
0.0
220
0.0
230
1.0
 70
    12
 71
     3
 72
     8
 73
     4
 74
     0
 42
0.000000001
 43
0.0000000001
 40
-1.0
 40
-1.0
 40
-1.0
 40
-1.0
 40
0.0
 40
0.0
 40
0.0
 40
0.0
 10
521.3007214360604
 20
355.5860053023935
 30
0.000000000001819
 41
1.0
 10
521.0149015984297
 20
357.6303064376889
 30
0.000000000001819
 41
1.0
 10
521.4882463742561
 20
359.5518043471793
 30
0.000000000001819
 41
1.0
 10
522.6543713680403
 20
361.0996783065311
 30
0.000000000001819
 41
1.0
  0
SPLINE
  5
689
330
70
100
AcDbEntity
  8
Visible
100
AcDbSpline
210
0.0
220
0.0
230
1.0
 70
    12
 71
     3
 72
     8
 73
     4
 74
     0
 42
0.000000001
 43
0.0000000001
 40
-1.0
 40
-1.0
 40
-1.0
 40
-1.0
 40
0.0
 40
0.0
 40
0.0
 40
0.0
 10
522.6543713680403
 20
361.0996783065311
 30
0.000000000001819
 41
1.0
 10
524.5370153871772
 20
363.6031022988245
 30
0.000000000001819
 41
1.0
 10
528.0023731050587
 20
364.8446799000567
 30
0.000000000001819
 41
1.0
 10
531.0035038725545
 20
364.0990951017966
 30
0.000000000001819
 41
1.0
  0
SPLINE
  5
68A
330
70
100
AcDbEntity
  8
Visible
100
AcDbSpline
210
0.0
220
0.0
230
1.0
 70
    12
 71
     3
 72
     8
 73
     4
 74
     0
 42
0.000000001
 43
0.0000000001
 40
-1.0
 40
-1.0
 40
-1.0
 40
-1.0
 40
0.0
 40
0.0
 40
0.0
 40
0.0
 10
531.0035038725545
 20
364.0990951017966
 30
0.000000000001819
 41
1.0
 10
532.7762529323426
 20
363.6553753737335
 30
0.000000000001819
 41
1.0
 10
534.3443141094758
 20
362.4473242784325
 30
0.000000000001819
 41
1.0
 10
535.4038072686344
 20
360.7141813919607
 30
0.000000000001819
 41
1.0
  0
SPLINE
  5
68B
330
70
100
AcDbEntity
  8
Visible
100
AcDbSpline
210
0.0
220
0.0
230
1.0
 70
    12
 71
     3
 72
     8
 73
     4
 74
     0
 42
0.000000001
 43
0.0000000001
 40
-1.0
 40
-1.0
 40
-1.0
 40
-1.0
 40
0.0
 40
0.0
 40
0.0
 40
0.0
 10
535.4038072686344
 20
360.7141813919607
 30
0.000000000001819
 41
1.0
 10
535.7782146224817
 20
360.0916403465503
 30
0.000000000001819
 41
1.0
 10
536.3166149999687
 20
358.7207000547687
 30
0.000000000001819
 41
1.0
 10
536.4730898019697
 20
357.9794191290871
 30
0.000000000001819
 41
1.0
  0
SPLINE
  5
68C
330
70
100
AcDbEntity
  8
Visible
100
AcDbSpline
210
0.0
220
0.0
230
1.0
 70
    12
 71
     3
 72
     8
 73
     4
 74
     0
 42
0.000000001
 43
0.0000000001
 40
-1.0
 40
-1.0
 40
-1.0
 40
-1.0
 40
0.0
 40
0.0
 40
0.0
 40
0.0
 10
536.4730898019697
 20
357.9794191290871
 30
0.000000000001819
 41
1.0
 10
536.828829226517
 20
356.2709906240075
 30
0.000000000001819
 41
1.0
 10
536.6647235100863
 20
354.7182694965031
 30
0.000000000001819
 41
1.0
 10
535.9756538367346
 20
353.240554813292
 30
0.000000000001819
 41
1.0
  0
SPLINE
  5
68D
330
70
100
AcDbEntity
  8
Visible
100
AcDbSpline
210
0.0
220
0.0
230
1.0
 70
    12
 71
     3
 72
     8
 73
     4
 74
     0
 42
0.000000001
 43
0.0000000001
 40
-1.0
 40
-1.0
 40
-1.0
 40
-1.0
 40
0.0
 40
0.0
 40
0.0
 40
0.0
 10
535.9756538367346
 20
353.240554813292
 30
0.000000000001819
 41
1.0
 10
535.8068456035034
 20
352.8785443888905
 30
0.000000000001819
 41
1.0
 10
535.5399645051402
 20
352.4069278889383
 30
0.000000000001819
 41
1.0
 10
535.3762591085706
 20
352.1798135945287
 30
0.000000000001819
 41
1.0
  0
SPLINE
  5
68E
330
70
100
AcDbEntity
  8
Visible
100
AcDbSpline
210
0.0
220
0.0
230
1.0
 70
    12
 71
     3
 72
     8
 73
     4
 74
     0
 42
0.000000001
 43
0.0000000001
 40
-1.0
 40
-1.0
 40
-1.0
 40
-1.0
 40
0.0
 40
0.0
 40
0.0
 40
0.0
 10
436.0241772078261
 20
348.204159880298
 30
0.000000000001819
 41
1.0
 10
433.7647264291445
 20
346.4110961873857
 30
0.000000000001819
 41
1.0
 10
431.1068418621507
 20
344.8869130975836
 30
0.000000000001819
 41
1.0
 10
427.9093248373465
 20
343.5457269445465
 30
0.000000000001819
 41
1.0
  0
SPLINE
  5
68F
330
70
100
AcDbEntity
  8
Visible
100
AcDbSpline
210
0.0
220
0.0
230
1.0
 70
    12
 71
     3
 72
     8
 73
     4
 74
     0
 42
0.000000001
 43
0.0000000001
 40
-1.0
 40
-1.0
 40
-1.0
 40
-1.0
 40
0.0
 40
0.0
 40
0.0
 40
0.0
 10
427.9093248373465
 20
343.5457269445465
 30
0.000000000001819
 41
1.0
 10
427.0071058631802
 20
343.1680724452567
 30
0.000000000001819
 41
1.0
 10
424.2608423484488
 20
342.1980784591851
 30
0.000000000001819
 41
1.0
 10
423.3815300023033
 20
341.9470180456297
 30
0.000000000001819
 41
1.0
  0
SPLINE
  5
690
330
70
100
AcDbEntity
  8
Visible
100
AcDbSpline
210
0.0
220
0.0
230
1.0
 70
    12
 71
     3
 72
     8
 73
     4
 74
     0
 42
0.000000001
 43
0.0000000001
 40
-1.0
 40
-1.0
 40
-1.0
 40
-1.0
 40
0.0
 40
0.0
 40
0.0
 40
0.0
 10
423.3815300023033
 20
341.9470180456297
 30
0.000000000001819
 41
1.0
 10
419.8599296451175
 20
340.9411927668871
 30
0.000000000001819
 41
1.0
 10
417.024887281701
 20
340.5400244268744
 30
0.000000000001819
 41
1.0
 10
414.0128788732436
 20
340.611528476129
 30
0.000000000001819
 41
1.0
  0
SPLINE
  5
691
330
70
100
AcDbEntity
  8
Visible
100
AcDbSpline
210
0.0
220
0.0
230
1.0
 70
    12
 71
     3
 72
     8
 73
     4
 74
     0
 42
0.000000001
 43
0.0000000001
 40
-1.0
 40
-1.0
 40
-1.0
 40
-1.0
 40
0.0
 40
0.0
 40
0.0
 40
0.0
 10
414.0128788732436
 20
340.611528476129
 30
0.000000000001819
 41
1.0
 10
407.0639765622691
 20
340.7776034143858
 30
0.000000000001819
 41
1.0
 10
400.8242037270792
 20
344.1532718834396
 30
0.000000000001819
 41
1.0
 10
396.8694278124331
 20
349.8880943019426
 30
0.000000000001819
 41
1.0
  0
SPLINE
  5
692
330
70
100
AcDbEntity
  8
Visible
100
AcDbSpline
210
0.0
220
0.0
230
1.0
 70
    12
 71
     3
 72
     8
 73
     4
 74
     0
 42
0.000000001
 43
0.0000000001
 40
-1.0
 40
-1.0
 40
-1.0
 40
-1.0
 40
0.0
 40
0.0
 40
0.0
 40
0.0
 10
396.8694278124331
 20
349.8880943019426
 30
0.000000000001819
 41
1.0
 10
396.1998103099104
 20
350.8614325658764
 30
0.000000000001819
 41
1.0
 10
395.1288158988955
 20
352.6938639996111
 30
0.000000000001819
 41
1.0
 10
394.9562008264548
 20
353.1681200133967
 30
0.000000000001819
 41
1.0
  0
LINE
  5
693
330
70
100
AcDbEntity
  8
Visible
100
AcDbLine
 10
394.956201
 20
353.16812
 30
0.0
 11
394.903941
 21
353.311702
 31
0.0
210
0.3420201433256678
220
-0.9396926207859088
230
0.0
  0
LINE
  5
694
330
70
100
AcDbEntity
  8
Visible
100
AcDbLine
 10
394.903941
 20
353.311702
 30
0.0
 11
411.120016
 21
359.213871
 31
0.0
210
0.3420201433256678
220
-0.9396926207859088
230
0.0
  0
LINE
  5
695
330
70
100
AcDbEntity
  8
Visible
100
AcDbLine
 10
411.120016
 20
359.213871
 30
0.0
 11
411.234405
 21
358.994355
 31
0.0
210
0.3420201433256678
220
-0.9396926207859088
230
0.0
  0
SPLINE
  5
696
330
70
100
AcDbEntity
  8
Visible
100
AcDbSpline
210
0.0
220
0.0
230
1.0
 70
    12
 71
     3
 72
     8
 73
     4
 74
     0
 42
0.000000001
 43
0.0000000001
 40
-1.0
 40
-1.0
 40
-1.0
 40
-1.0
 40
0.0
 40
0.0
 40
0.0
 40
0.0
 10
411.2344050184092
 20
358.9943545107699
 30
0.000000000001819
 41
1.0
 10
411.2961503953228
 20
358.8788617759424
 30
0.000000000001819
 41
1.0
 10
411.4647504789809
 20
358.6051663821509
 30
0.000000000001819
 41
1.0
 10
411.6095961948758
 20
358.396735577413
 30
0.000000000001819
 41
1.0
  0
SPLINE
  5
697
330
70
100
AcDbEntity
  8
Visible
100
AcDbSpline
210
0.0
220
0.0
230
1.0
 70
    12
 71
     3
 72
     8
 73
     4
 74
     0
 42
0.000000001
 43
0.0000000001
 40
-1.0
 40
-1.0
 40
-1.0
 40
-1.0
 40
0.0
 40
0.0
 40
0.0
 40
0.0
 10
411.6095961948758
 20
358.396735577413
 30
0.000000000001819
 41
1.0
 10
413.26267690042
 20
355.9532963086863
 30
0.000000000001819
 41
1.0
 10
415.9154098550898
 20
354.8246821077805
 30
0.000000000001819
 41
1.0
 10
419.0997616882014
 20
355.2002403888123
 30
0.000000000001819
 41
1.0
  0
SPLINE
  5
698
330
70
100
AcDbEntity
  8
Visible
100
AcDbSpline
210
0.0
220
0.0
230
1.0
 70
    12
 71
     3
 72
     8
 73
     4
 74
     0
 42
0.000000001
 43
0.0000000001
 40
-1.0
 40
-1.0
 40
-1.0
 40
-1.0
 40
0.0
 40
0.0
 40
0.0
 40
0.0
 10
419.0997616882014
 20
355.2002403888123
 30
0.000000000001819
 41
1.0
 10
420.0459701857616
 20
355.308118607401
 30
0.000000000001819
 41
1.0
 10
420.6088452554176
 20
355.4538600008832
 30
0.000000000001819
 41
1.0
 10
421.8271175844074
 20
355.8972748658653
 30
0.000000000001819
 41
1.0
  0
SPLINE
  5
699
330
70
100
AcDbEntity
  8
Visible
100
AcDbSpline
210
0.0
220
0.0
230
1.0
 70
    12
 71
     3
 72
     8
 73
     4
 74
     0
 42
0.000000001
 43
0.0000000001
 40
-1.0
 40
-1.0
 40
-1.0
 40
-1.0
 40
0.0
 40
0.0
 40
0.0
 40
0.0
 10
421.8271175844074
 20
355.8972748658653
 30
0.000000000001819
 41
1.0
 10
422.9860599214662
 20
356.3141680149952
 30
0.000000000001819
 41
1.0
 10
423.4025535885557
 20
356.5101055956889
 30
0.000000000001819
 41
1.0
 10
424.1445384404469
 20
356.9624784932935
 30
0.000000000001819
 41
1.0
  0
SPLINE
  5
69A
330
70
100
AcDbEntity
  8
Visible
100
AcDbSpline
210
0.0
220
0.0
230
1.0
 70
    12
 71
     3
 72
     8
 73
     4
 74
     0
 42
0.000000001
 43
0.0000000001
 40
-1.0
 40
-1.0
 40
-1.0
 40
-1.0
 40
0.0
 40
0.0
 40
0.0
 40
0.0
 10
424.1445384404469
 20
356.9624784932935
 30
0.000000000001819
 41
1.0
 10
426.1312054822119
 20
358.1783026409202
 30
0.000000000001819
 41
1.0
 10
427.09041937865
 20
359.7937606986161
 30
0.000000000001819
 41
1.0
 10
426.8818132207216
 20
361.5853055219568
 30
0.000000000001819
 41
1.0
  0
SPLINE
  5
69B
330
70
100
AcDbEntity
  8
Visible
100
AcDbSpline
210
0.0
220
0.0
230
1.0
 70
    12
 71
     3
 72
     8
 73
     4
 74
     0
 42
0.000000001
 43
0.0000000001
 40
-1.0
 40
-1.0
 40
-1.0
 40
-1.0
 40
0.0
 40
0.0
 40
0.0
 40
0.0
 10
426.8818132207216
 20
361.5853055219568
 30
0.000000000001819
 41
1.0
 10
426.8413588887506
 20
361.9401337085424
 30
0.000000000001819
 41
1.0
 10
426.7946339758346
 20
362.0955849987017
 30
0.000000000001819
 41
1.0
 10
426.5788771197476
 20
362.6477586184005
 30
0.000000000001819
 41
1.0
  0
SPLINE
  5
69C
330
70
100
AcDbEntity
  8
Visible
100
AcDbSpline
210
0.0
220
0.0
230
1.0
 70
    12
 71
     3
 72
     8
 73
     4
 74
     0
 42
0.000000001
 43
0.0000000001
 40
-1.0
 40
-1.0
 40
-1.0
 40
-1.0
 40
0.0
 40
0.0
 40
0.0
 40
0.0
 10
426.5788771197476
 20
362.6477586184005
 30
0.000000000001819
 41
1.0
 10
426.3508511684667
 20
363.2201034765994
 30
0.000000000001819
 41
1.0
 10
426.2906894160714
 20
363.3312452388236
 30
0.000000000001819
 41
1.0
 10
426.0374213481955
 20
363.6480344784195
 30
0.000000000001819
 41
1.0
  0
SPLINE
  5
69D
330
70
100
AcDbEntity
  8
Visible
100
AcDbSpline
210
0.0
220
0.0
230
1.0
 70
    12
 71
     3
 72
     8
 73
     4
 74
     0
 42
0.000000001
 43
0.0000000001
 40
-1.0
 40
-1.0
 40
-1.0
 40
-1.0
 40
0.0
 40
0.0
 40
0.0
 40
0.0
 10
426.0374213481955
 20
363.6480344784195
 30
0.000000000001819
 41
1.0
 10
425.6761148500063
 20
364.112740807253
 30
0.000000000001819
 41
1.0
 10
425.2673795126884
 20
364.4370003306422
 30
0.000000000001819
 41
1.0
 10
424.7194130520584
 20
364.7105838694624
 30
0.000000000001819
 41
1.0
  0
SPLINE
  5
69E
330
70
100
AcDbEntity
  8
Visible
100
AcDbSpline
210
0.0
220
0.0
230
1.0
 70
    12
 71
     3
 72
     8
 73
     4
 74
     0
 42
0.000000001
 43
0.0000000001
 40
-1.0
 40
-1.0
 40
-1.0
 40
-1.0
 40
0.0
 40
0.0
 40
0.0
 40
0.0
 10
424.7194130520584
 20
364.7105838694624
 30
0.000000000001819
 41
1.0
 10
423.926544484937
 20
365.1019796524015
 30
0.000000000001819
 41
1.0
 10
423.1432415820473
 20
365.2504888128792
 30
0.000000000001819
 41
1.0
 10
421.684706165146
 20
365.2911996511748
 30
0.000000000001819
 41
1.0
  0
SPLINE
  5
69F
330
70
100
AcDbEntity
  8
Visible
100
AcDbSpline
210
0.0
220
0.0
230
1.0
 70
    12
 71
     3
 72
     8
 73
     4
 74
     0
 42
0.000000001
 43
0.0000000001
 40
-1.0
 40
-1.0
 40
-1.0
 40
-1.0
 40
0.0
 40
0.0
 40
0.0
 40
0.0
 10
421.684706165146
 20
365.2911996511748
 30
0.000000000001819
 41
1.0
 10
419.8040784678596
 20
365.3408845013755
 30
0.000000000001819
 41
1.0
 10
417.3696935263542
 20
365.1791634680908
 30
0.000000000001819
 41
1.0
 10
414.3495109078903
 20
364.7993021523007
 30
0.000000000001819
 41
1.0
  0
SPLINE
  5
6A0
330
70
100
AcDbEntity
  8
Visible
100
AcDbSpline
210
0.0
220
0.0
230
1.0
 70
    12
 71
     3
 72
     8
 73
     4
 74
     0
 42
0.000000001
 43
0.0000000001
 40
-1.0
 40
-1.0
 40
-1.0
 40
-1.0
 40
0.0
 40
0.0
 40
0.0
 40
0.0
 10
414.3495109078903
 20
364.7993021523007
 30
0.000000000001819
 41
1.0
 10
410.457886128026
 20
364.3092111500673
 30
0.000000000001819
 41
1.0
 10
404.29990081727
 20
363.9944874268977
 30
0.000000000001819
 41
1.0
 10
401.5742727780252
 20
364.1455885822725
 30
0.000000000001819
 41
1.0
  0
SPLINE
  5
6A1
330
70
100
AcDbEntity
  8
Visible
100
AcDbSpline
210
0.0
220
0.0
230
1.0
 70
    12
 71
     3
 72
     8
 73
     4
 74
     0
 42
0.000000001
 43
0.0000000001
 40
-1.0
 40
-1.0
 40
-1.0
 40
-1.0
 40
0.0
 40
0.0
 40
0.0
 40
0.0
 10
401.5742727780252
 20
364.1455885822725
 30
0.000000000001819
 41
1.0
 10
399.1817340416292
 20
364.2750307503202
 30
0.000000000001819
 41
1.0
 10
396.9912117154963
 20
364.8376985082245
 30
0.000000000001819
 41
1.0
 10
394.6723678655726
 20
365.915380637146
 30
0.000000000001819
 41
1.0
  0
SPLINE
  5
6A2
330
70
100
AcDbEntity
  8
Visible
100
AcDbSpline
210
0.0
220
0.0
230
1.0
 70
    12
 71
     3
 72
     8
 73
     4
 74
     0
 42
0.000000001
 43
0.0000000001
 40
-1.0
 40
-1.0
 40
-1.0
 40
-1.0
 40
0.0
 40
0.0
 40
0.0
 40
0.0
 10
394.6723678655726
 20
365.915380637146
 30
0.000000000001819
 41
1.0
 10
392.3341365997694
 20
367.005715782927
 30
0.000000000001819
 41
1.0
 10
391.0094258631725
 20
367.9919152132929
 30
0.000000000001819
 41
1.0
 10
389.5915373674434
 20
369.7079422553297
 30
0.000000000001819
 41
1.0
  0
SPLINE
  5
6A3
330
70
100
AcDbEntity
  8
Visible
100
AcDbSpline
210
0.0
220
0.0
230
1.0
 70
    12
 71
     3
 72
     8
 73
     4
 74
     0
 42
0.000000001
 43
0.0000000001
 40
-1.0
 40
-1.0
 40
-1.0
 40
-1.0
 40
0.0
 40
0.0
 40
0.0
 40
0.0
 10
389.5915373674434
 20
369.7079422553297
 30
0.000000000001819
 41
1.0
 10
387.9872609759713
 20
371.651771538704
 30
0.000000000001819
 41
1.0
 10
386.6133464432623
 20
374.4924608721726
 30
0.000000000001819
 41
1.0
 10
386.0409704643207
 20
377.053312065158
 30
0.000000000001819
 41
1.0
  0
SPLINE
  5
6A4
330
70
100
AcDbEntity
  8
Visible
100
AcDbSpline
210
0.0
220
0.0
230
1.0
 70
    12
 71
     3
 72
     8
 73
     4
 74
     0
 42
0.000000001
 43
0.0000000001
 40
-1.0
 40
-1.0
 40
-1.0
 40
-1.0
 40
0.0
 40
0.0
 40
0.0
 40
0.0
 10
386.0409704643207
 20
377.053312065158
 30
0.000000000001819
 41
1.0
 10
384.9457267467187
 20
381.9713025613814
 30
0.000000000001819
 41
1.0
 10
386.2449413738541
 20
386.9576441614654
 30
0.000000000001819
 41
1.0
 10
389.7489469270658
 20
391.287964053503
 30
0.000000000001819
 41
1.0
  0
SPLINE
  5
6A5
330
70
100
AcDbEntity
  8
Visible
100
AcDbSpline
210
0.0
220
0.0
230
1.0
 70
    12
 71
     3
 72
     8
 73
     4
 74
     0
 42
0.000000001
 43
0.0000000001
 40
-1.0
 40
-1.0
 40
-1.0
 40
-1.0
 40
0.0
 40
0.0
 40
0.0
 40
0.0
 10
389.7489469270658
 20
391.287964053503
 30
0.000000000001819
 41
1.0
 10
392.554605188674
 20
394.748185719433
 30
0.000000000001819
 41
1.0
 10
396.4028329352932
 20
397.523560850364
 30
0.000000000001819
 41
1.0
 10
401.4075392772374
 20
399.6801857958126
 30
0.000000000001819
 41
1.0
  0
SPLINE
  5
6A6
330
70
100
AcDbEntity
  8
Visible
100
AcDbSpline
210
0.0
220
0.0
230
1.0
 70
    12
 71
     3
 72
     8
 73
     4
 74
     0
 42
0.000000001
 43
0.0000000001
 40
-1.0
 40
-1.0
 40
-1.0
 40
-1.0
 40
0.0
 40
0.0
 40
0.0
 40
0.0
 10
401.4075392772374
 20
399.6801857958126
 30
0.000000000001819
 41
1.0
 10
402.3354641860769
 20
400.0819785845383
 30
0.000000000001819
 41
1.0
 10
404.9068889947648
 20
401.0179006745543
 30
0.000000000001819
 41
1.0
 10
405.9107959218963
 20
401.31923717173
 30
0.000000000001819
 41
1.0
  0
SPLINE
  5
6A7
330
70
100
AcDbEntity
  8
Visible
100
AcDbSpline
210
0.0
220
0.0
230
1.0
 70
    12
 71
     3
 72
     8
 73
     4
 74
     0
 42
0.000000001
 43
0.0000000001
 40
-1.0
 40
-1.0
 40
-1.0
 40
-1.0
 40
0.0
 40
0.0
 40
0.0
 40
0.0
 10
405.9107959218963
 20
401.31923717173
 30
0.000000000001819
 41
1.0
 10
410.1993511808704
 20
402.6140659353286
 30
0.000000000001819
 41
1.0
 10
414.2250722888256
 20
403.1283271855604
 30
0.000000000001819
 41
1.0
 10
418.0389871934385
 20
402.8707388469142
 30
0.000000000001819
 41
1.0
  0
SPLINE
  5
6A8
330
70
100
AcDbEntity
  8
Visible
100
AcDbSpline
210
0.0
220
0.0
230
1.0
 70
    12
 71
     3
 72
     8
 73
     4
 74
     0
 42
0.000000001
 43
0.0000000001
 40
-1.0
 40
-1.0
 40
-1.0
 40
-1.0
 40
0.0
 40
0.0
 40
0.0
 40
0.0
 10
418.0389871934385
 20
402.8707388469142
 30
0.000000000001819
 41
1.0
 10
423.1132603213755
 20
402.5348006239323
 30
0.000000000001819
 41
1.0
 10
427.3879939813832
 20
401.0652744543676
 30
0.000000000001819
 41
1.0
 10
430.9221342437267
 20
398.4491233996923
 30
0.000000000001819
 41
1.0
  0
SPLINE
  5
6A9
330
70
100
AcDbEntity
  8
Visible
100
AcDbSpline
210
0.0
220
0.0
230
1.0
 70
    12
 71
     3
 72
     8
 73
     4
 74
     0
 42
0.000000001
 43
0.0000000001
 40
-1.0
 40
-1.0
 40
-1.0
 40
-1.0
 40
0.0
 40
0.0
 40
0.0
 40
0.0
 10
430.9221342437267
 20
398.4491233996923
 30
0.000000000001819
 41
1.0
 10
431.7233687722346
 20
397.8587506212775
 30
0.000000000001819
 41
1.0
 10
432.0711745138196
 20
397.5665155513484
 30
0.000000000001819
 41
1.0
 10
432.755332682982
 20
396.9187483686251
 30
0.000000000001819
 41
1.0
  0
SPLINE
  5
6AA
330
70
100
AcDbEntity
  8
Visible
100
AcDbSpline
210
0.0
220
0.0
230
1.0
 70
    12
 71
     3
 72
     8
 73
     4
 74
     0
 42
0.000000001
 43
0.0000000001
 40
-1.0
 40
-1.0
 40
-1.0
 40
-1.0
 40
0.0
 40
0.0
 40
0.0
 40
0.0
 10
432.755332682982
 20
396.9187483686251
 30
0.000000000001819
 41
1.0
 10
434.4920418816181
 20
395.2744162894023
 30
0.000000000001819
 41
1.0
 10
435.8925904040606
 20
393.3352739624547
 30
0.000000000001819
 41
1.0
 10
436.9542109022222
 20
391.0953867906601
 30
0.000000000001819
 41
1.0
  0
LINE
  5
6AB
330
70
100
AcDbEntity
  8
Visible
100
AcDbLine
 10
436.954211
 20
391.095387
 30
0.0
 11
437.098689
 21
390.793202
 31
0.0
210
0.3420201433256678
220
-0.9396926207859088
230
0.0
  0
LINE
  5
6AC
330
70
100
AcDbEntity
  8
Visible
100
AcDbLine
 10
437.098689
 20
390.793202
 30
0.0
 11
419.733957
 21
384.472957
 31
0.0
210
0.3420201433256678
220
-0.9396926207859088
230
0.0
  0
LINE
  5
6AD
330
70
100
AcDbEntity
  8
Visible
100
AcDbLine
 10
419.733957
 20
384.472957
 30
0.0
 11
419.649257
 21
384.624441
 31
0.0
210
0.3420201433256678
220
-0.9396926207859088
230
0.0
  0
SPLINE
  5
6AE
330
70
100
AcDbEntity
  8
Visible
100
AcDbSpline
210
0.0
220
0.0
230
1.0
 70
    12
 71
     3
 72
     8
 73
     4
 74
     0
 42
0.000000001
 43
0.0000000001
 40
-1.0
 40
-1.0
 40
-1.0
 40
-1.0
 40
0.0
 40
0.0
 40
0.0
 40
0.0
 10
419.6492570722402
 20
384.6244409235374
 30
0.000000000001819
 41
1.0
 10
418.6312741343681
 20
386.4466027668291
 30
0.000000000001819
 41
1.0
 10
417.4181050609477
 20
387.4783274072606
 30
0.000000000001819
 41
1.0
 10
415.5388852160795
 20
388.1198084486678
 30
0.000000000001819
 41
1.0
  0
SPLINE
  5
6AF
330
70
100
AcDbEntity
  8
Visible
100
AcDbSpline
210
0.0
220
0.0
230
1.0
 70
    12
 71
     3
 72
     8
 73
     4
 74
     0
 42
0.000000001
 43
0.0000000001
 40
-1.0
 40
-1.0
 40
-1.0
 40
-1.0
 40
0.0
 40
0.0
 40
0.0
 40
0.0
 10
415.5388852160795
 20
388.1198084486678
 30
0.000000000001819
 41
1.0
 10
413.8578745233517
 20
388.6905381426954
 30
0.000000000001819
 41
1.0
 10
412.0646661790852
 20
388.7572589409242
 30
0.000000000001819
 41
1.0
 10
410.0508697898566
 20
388.3199388847884
 30
0.000000000001819
 41
1.0
  0
SPLINE
  5
6B0
330
70
100
AcDbEntity
  8
Visible
100
AcDbSpline
210
0.0
220
0.0
230
1.0
 70
    12
 71
     3
 72
     8
 73
     4
 74
     0
 42
0.000000001
 43
0.0000000001
 40
-1.0
 40
-1.0
 40
-1.0
 40
-1.0
 40
0.0
 40
0.0
 40
0.0
 40
0.0
 10
410.0508697898566
 20
388.3199388847884
 30
0.000000000001819
 41
1.0
 10
409.3606168118494
 20
388.1721820072757
 30
0.000000000001819
 41
1.0
 10
407.7040799734714
 20
387.579106635721
 30
0.000000000001819
 41
1.0
 10
407.040780570831
 20
387.2489928305281
 30
0.000000000001819
 41
1.0
  0
SPLINE
  5
6B1
330
70
100
AcDbEntity
  8
Visible
100
AcDbSpline
210
0.0
220
0.0
230
1.0
 70
    12
 71
     3
 72
     8
 73
     4
 74
     0
 42
0.000000001
 43
0.0000000001
 40
-1.0
 40
-1.0
 40
-1.0
 40
-1.0
 40
0.0
 40
0.0
 40
0.0
 40
0.0
 10
407.040780570831
 20
387.2489928305281
 30
0.000000000001819
 41
1.0
 10
405.1564894289567
 20
386.3069439731012
 30
0.000000000001819
 41
1.0
 10
403.97678378216
 20
385.2025172562048
 30
0.000000000001819
 41
1.0
 10
403.3759013051676
 20
383.8209558297849
 30
0.000000000001819
 41
1.0
  0
SPLINE
  5
6B2
330
70
100
AcDbEntity
  8
Visible
100
AcDbSpline
210
0.0
220
0.0
230
1.0
 70
    12
 71
     3
 72
     8
 73
     4
 74
     0
 42
0.000000001
 43
0.0000000001
 40
-1.0
 40
-1.0
 40
-1.0
 40
-1.0
 40
0.0
 40
0.0
 40
0.0
 40
0.0
 10
403.3759013051676
 20
383.8209558297849
 30
0.000000000001819
 41
1.0
 10
403.1264560557847
 20
383.2472834344835
 30
0.000000000001819
 41
1.0
 10
403.0312304351445
 20
382.8726359725038
 30
0.000000000001819
 41
1.0
 10
403.0151540818333
 20
382.3888302737664
 30
0.000000000001819
 41
1.0
  0
SPLINE
  5
6B3
330
70
100
AcDbEntity
  8
Visible
100
AcDbSpline
210
0.0
220
0.0
230
1.0
 70
    12
 71
     3
 72
     8
 73
     4
 74
     0
 42
0.000000001
 43
0.0000000001
 40
-1.0
 40
-1.0
 40
-1.0
 40
-1.0
 40
0.0
 40
0.0
 40
0.0
 40
0.0
 10
403.0151540818333
 20
382.3888302737664
 30
0.000000000001819
 41
1.0
 10
402.9927911682952
 20
381.7598428753136
 30
0.000000000001819
 41
1.0
 10
403.0387482378755
 20
381.525274276391
 30
0.000000000001819
 41
1.0
 10
403.3202335010937
 20
380.7654376952905
 30
0.000000000001819
 41
1.0
  0
SPLINE
  5
6B4
330
70
100
AcDbEntity
  8
Visible
100
AcDbSpline
210
0.0
220
0.0
230
1.0
 70
    12
 71
     3
 72
     8
 73
     4
 74
     0
 42
0.000000001
 43
0.0000000001
 40
-1.0
 40
-1.0
 40
-1.0
 40
-1.0
 40
0.0
 40
0.0
 40
0.0
 40
0.0
 10
403.3202335010937
 20
380.7654376952905
 30
0.000000000001819
 41
1.0
 10
403.5704461749046
 20
380.077984023932
 30
0.000000000001819
 41
1.0
 10
403.5922170172034
 20
380.031706949811
 30
0.000000000001819
 41
1.0
 10
403.8712069990324
 20
379.6848608029404
 30
0.000000000001819
 41
1.0
  0
SPLINE
  5
6B5
330
70
100
AcDbEntity
  8
Visible
100
AcDbSpline
210
0.0
220
0.0
230
1.0
 70
    12
 71
     3
 72
     8
 73
     4
 74
     0
 42
0.000000001
 43
0.0000000001
 40
-1.0
 40
-1.0
 40
-1.0
 40
-1.0
 40
0.0
 40
0.0
 40
0.0
 40
0.0
 10
403.8712069990324
 20
379.6848608029404
 30
0.000000000001819
 41
1.0
 10
404.0275220082166
 20
379.4855318443592
 30
0.000000000001819
 41
1.0
 10
404.276423124209
 20
379.2213541769565
 30
0.000000000001819
 41
1.0
 10
404.4232204070067
 20
379.1023262507065
 30
0.000000000001819
 41
1.0
  0
SPLINE
  5
6B6
330
70
100
AcDbEntity
  8
Visible
100
AcDbSpline
210
0.0
220
0.0
230
1.0
 70
    12
 71
     3
 72
     8
 73
     4
 74
     0
 42
0.000000001
 43
0.0000000001
 40
-1.0
 40
-1.0
 40
-1.0
 40
-1.0
 40
0.0
 40
0.0
 40
0.0
 40
0.0
 10
404.4232204070067
 20
379.1023262507065
 30
0.000000000001819
 41
1.0
 10
404.9910221223107
 20
378.6388675625671
 30
0.000000000001819
 41
1.0
 10
405.8898976564377
 20
378.281127795452
 30
0.000000000001819
 41
1.0
 10
406.7776239018112
 20
378.1706256234015
 30
0.000000000001819
 41
1.0
  0
SPLINE
  5
6B7
330
70
100
AcDbEntity
  8
Visible
100
AcDbSpline
210
0.0
220
0.0
230
1.0
 70
    12
 71
     3
 72
     8
 73
     4
 74
     0
 42
0.000000001
 43
0.0000000001
 40
-1.0
 40
-1.0
 40
-1.0
 40
-1.0
 40
0.0
 40
0.0
 40
0.0
 40
0.0
 10
406.7776239018112
 20
378.1706256234015
 30
0.000000000001819
 41
1.0
 10
408.4399351255833
 20
377.9626422385477
 30
0.000000000001819
 41
1.0
 10
411.8300622703209
 20
378.0977452613802
 30
0.000000000001819
 41
1.0
 10
415.8799376469923
 20
378.5321053802304
 30
0.000000000001819
 41
1.0
  0
SPLINE
  5
6B8
330
70
100
AcDbEntity
  8
Visible
100
AcDbSpline
210
0.0
220
0.0
230
1.0
 70
    12
 71
     3
 72
     8
 73
     4
 74
     0
 42
0.000000001
 43
0.0000000001
 40
-1.0
 40
-1.0
 40
-1.0
 40
-1.0
 40
0.0
 40
0.0
 40
0.0
 40
0.0
 10
415.8799376469923
 20
378.5321053802304
 30
0.000000000001819
 41
1.0
 10
419.5603482947517
 20
378.9256112661606
 30
0.000000000001819
 41
1.0
 10
419.9444495659954
 20
378.9668654000311
 30
0.000000000001819
 41
1.0
 10
421.1311772388817
 20
379.0637381434035
 30
0.000000000001819
 41
1.0
  0
SPLINE
  5
6B9
330
70
100
AcDbEntity
  8
Visible
100
AcDbSpline
210
0.0
220
0.0
230
1.0
 70
    12
 71
     3
 72
     8
 73
     4
 74
     0
 42
0.000000001
 43
0.0000000001
 40
-1.0
 40
-1.0
 40
-1.0
 40
-1.0
 40
0.0
 40
0.0
 40
0.0
 40
0.0
 10
421.1311772388817
 20
379.0637381434035
 30
0.000000000001819
 41
1.0
 10
424.6897766330221
 20
379.3587073461249
 30
0.000000000001819
 41
1.0
 10
427.847718605255
 20
379.4142292421175
 30
0.000000000001819
 41
1.0
 10
429.6287057921727
 20
379.2050940922595
 30
0.000000000001819
 41
1.0
  0
SPLINE
  5
6BA
330
70
100
AcDbEntity
  8
Visible
100
AcDbSpline
210
0.0
220
0.0
230
1.0
 70
    12
 71
     3
 72
     8
 73
     4
 74
     0
 42
0.000000001
 43
0.0000000001
 40
-1.0
 40
-1.0
 40
-1.0
 40
-1.0
 40
0.0
 40
0.0
 40
0.0
 40
0.0
 10
429.6287057921727
 20
379.2050940922595
 30
0.000000000001819
 41
1.0
 10
430.8629741591557
 20
379.063047264106
 30
0.000000000001819
 41
1.0
 10
432.3884536653186
 20
378.7165686407129
 30
0.000000000001819
 41
1.0
 10
433.6022307892581
 20
378.3059132761446
 30
0.000000000001819
 41
1.0
  0
SPLINE
  5
6BB
330
70
100
AcDbEntity
  8
Visible
100
AcDbSpline
210
0.0
220
0.0
230
1.0
 70
    12
 71
     3
 72
     8
 73
     4
 74
     0
 42
0.000000001
 43
0.0000000001
 40
-1.0
 40
-1.0
 40
-1.0
 40
-1.0
 40
0.0
 40
0.0
 40
0.0
 40
0.0
 10
433.6022307892581
 20
378.3059132761446
 30
0.000000000001819
 41
1.0
 10
434.5129595383459
 20
377.9968340095679
 30
0.000000000001819
 41
1.0
 10
436.2988733709134
 20
377.1784987780884
 30
0.000000000001819
 41
1.0
 10
437.0347953725231
 20
376.7269572220366
 30
0.000000000001819
 41
1.0
  0
SPLINE
  5
6BC
330
70
100
AcDbEntity
  8
Visible
100
AcDbSpline
210
0.0
220
0.0
230
1.0
 70
    12
 71
     3
 72
     8
 73
     4
 74
     0
 42
0.000000001
 43
0.0000000001
 40
-1.0
 40
-1.0
 40
-1.0
 40
-1.0
 40
0.0
 40
0.0
 40
0.0
 40
0.0
 10
437.0347953725231
 20
376.7269572220366
 30
0.000000000001819
 41
1.0
 10
439.2781689600743
 20
375.3557284653666
 30
0.000000000001819
 41
1.0
 10
441.012622566548
 20
373.3114588697235
 30
0.000000000001819
 41
1.0
 10
442.3022690159887
 20
370.4992268397305
 30
0.000000000001819
 41
1.0
  0
SPLINE
  5
6BD
330
70
100
AcDbEntity
  8
Visible
100
AcDbSpline
210
0.0
220
0.0
230
1.0
 70
    12
 71
     3
 72
     8
 73
     4
 74
     0
 42
0.000000001
 43
0.0000000001
 40
-1.0
 40
-1.0
 40
-1.0
 40
-1.0
 40
0.0
 40
0.0
 40
0.0
 40
0.0
 10
442.3022690159887
 20
370.4992268397305
 30
0.000000000001819
 41
1.0
 10
442.6244806778758
 20
369.8034871033965
 30
0.000000000001819
 41
1.0
 10
443.3117737185985
 20
367.9151649934624
 30
0.000000000001819
 41
1.0
 10
443.4852365307815
 20
367.2490503048898
 30
0.000000000001819
 41
1.0
  0
SPLINE
  5
6BE
330
70
100
AcDbEntity
  8
Visible
100
AcDbSpline
210
0.0
220
0.0
230
1.0
 70
    12
 71
     3
 72
     8
 73
     4
 74
     0
 42
0.000000001
 43
0.0000000001
 40
-1.0
 40
-1.0
 40
-1.0
 40
-1.0
 40
0.0
 40
0.0
 40
0.0
 40
0.0
 10
443.4852365307815
 20
367.2490503048898
 30
0.000000000001819
 41
1.0
 10
444.7469849516037
 20
362.4557183067777
 30
0.000000000001819
 41
1.0
 10
443.7350144127122
 20
357.3029199413186
 30
0.000000000001819
 41
1.0
 10
440.711215449688
 20
353.0882525769243
 30
0.000000000001819
 41
1.0
  0
SPLINE
  5
6BF
330
70
100
AcDbEntity
  8
Visible
100
AcDbSpline
210
0.0
220
0.0
230
1.0
 70
    12
 71
     3
 72
     8
 73
     4
 74
     0
 42
0.000000001
 43
0.0000000001
 40
-1.0
 40
-1.0
 40
-1.0
 40
-1.0
 40
0.0
 40
0.0
 40
0.0
 40
0.0
 10
440.711215449688
 20
353.0882525769243
 30
0.000000000001819
 41
1.0
 10
439.4751229311441
 20
351.3670915774865
 30
0.000000000001819
 41
1.0
 10
437.7647424402475
 20
349.5817058990283
 30
0.000000000001819
 41
1.0
 10
436.0241772078261
 20
348.204159880298
 30
0.000000000001819
 41
1.0
  0
SPLINE
  5
6C0
330
70
100
AcDbEntity
  8
Visible
100
AcDbSpline
210
0.0
220
0.0
230
1.0
 70
    12
 71
     3
 72
     8
 73
     4
 74
     0
 42
0.000000001
 43
0.0000000001
 40
-1.0
 40
-1.0
 40
-1.0
 40
-1.0
 40
0.0
 40
0.0
 40
0.0
 40
0.0
 10
445.2428398664851
 20
324.2569503849272
 30
0.000000000001819
 41
1.0
 10
445.7018983874495
 20
320.9650239395764
 30
0.000000000001819
 41
1.0
 10
444.2501444695936
 20
318.1306220041538
 30
0.000000000001819
 41
1.0
 10
441.2932105372419
 20
316.5616495890595
 30
0.000000000001819
 41
1.0
  0
SPLINE
  5
6C1
330
70
100
AcDbEntity
  8
Visible
100
AcDbSpline
210
0.0
220
0.0
230
1.0
 70
    12
 71
     3
 72
     8
 73
     4
 74
     0
 42
0.000000001
 43
0.0000000001
 40
-1.0
 40
-1.0
 40
-1.0
 40
-1.0
 40
0.0
 40
0.0
 40
0.0
 40
0.0
 10
441.2932105372419
 20
316.5616495890595
 30
0.000000000001819
 41
1.0
 10
441.0780453334846
 20
316.4488443059099
 30
0.000000000001819
 41
1.0
 10
440.6176420394076
 20
316.2517070223667
 30
0.000000000001819
 41
1.0
 10
440.2711478556447
 20
316.1206660883395
 30
0.000000000001819
 41
1.0
  0
SPLINE
  5
6C2
330
70
100
AcDbEntity
  8
Visible
100
AcDbSpline
210
0.0
220
0.0
230
1.0
 70
    12
 71
     3
 72
     8
 73
     4
 74
     0
 42
0.000000001
 43
0.0000000001
 40
-1.0
 40
-1.0
 40
-1.0
 40
-1.0
 40
0.0
 40
0.0
 40
0.0
 40
0.0
 10
440.2711478556447
 20
316.1206660883395
 30
0.000000000001819
 41
1.0
 10
437.1795898599976
 20
314.9757215412555
 30
0.000000000001819
 41
1.0
 10
434.0641500812434
 20
315.6698465323284
 30
0.000000000001819
 41
1.0
 10
432.0258163394501
 20
317.9533557040395
 30
0.000000000001819
 41
1.0
  0
SPLINE
  5
6C3
330
70
100
AcDbEntity
  8
Visible
100
AcDbSpline
210
0.0
220
0.0
230
1.0
 70
    12
 71
     3
 72
     8
 73
     4
 74
     0
 42
0.000000001
 43
0.0000000001
 40
-1.0
 40
-1.0
 40
-1.0
 40
-1.0
 40
0.0
 40
0.0
 40
0.0
 40
0.0
 10
432.0258163394501
 20
317.9533557040395
 30
0.000000000001819
 41
1.0
 10
431.2945333564239
 20
318.771210719251
 30
0.000000000001819
 41
1.0
 10
430.8488788785598
 20
319.5353503351107
 30
0.000000000001819
 41
1.0
 10
430.4292183813431
 20
320.6883580750473
 30
0.000000000001819
 41
1.0
  0
SPLINE
  5
6C4
330
70
100
AcDbEntity
  8
Visible
100
AcDbSpline
210
0.0
220
0.0
230
1.0
 70
    12
 71
     3
 72
     8
 73
     4
 74
     0
 42
0.000000001
 43
0.0000000001
 40
-1.0
 40
-1.0
 40
-1.0
 40
-1.0
 40
0.0
 40
0.0
 40
0.0
 40
0.0
 10
430.4292183813431
 20
320.6883580750473
 30
0.000000000001819
 41
1.0
 10
429.9303766582379
 20
322.0589144451606
 30
0.000000000001819
 41
1.0
 10
429.796360645465
 20
323.1040115890351
 30
0.000000000001819
 41
1.0
 10
429.9534119583349
 20
324.4324337080611
 30
0.000000000001819
 41
1.0
  0
SPLINE
  5
6C5
330
70
100
AcDbEntity
  8
Visible
100
AcDbSpline
210
0.0
220
0.0
230
1.0
 70
    12
 71
     3
 72
     8
 73
     4
 74
     0
 42
0.000000001
 43
0.0000000001
 40
-1.0
 40
-1.0
 40
-1.0
 40
-1.0
 40
0.0
 40
0.0
 40
0.0
 40
0.0
 10
429.9534119583349
 20
324.4324337080611
 30
0.000000000001819
 41
1.0
 10
430.3010427656409
 20
327.4168325527885
 30
0.000000000001819
 41
1.0
 10
432.560685714614
 20
329.8997972606044
 30
0.000000000001819
 41
1.0
 10
435.7270899428258
 20
330.771414356283
 30
0.000000000001819
 41
1.0
  0
SPLINE
  5
6C6
330
70
100
AcDbEntity
  8
Visible
100
AcDbSpline
210
0.0
220
0.0
230
1.0
 70
    12
 71
     3
 72
     8
 73
     4
 74
     0
 42
0.000000001
 43
0.0000000001
 40
-1.0
 40
-1.0
 40
-1.0
 40
-1.0
 40
0.0
 40
0.0
 40
0.0
 40
0.0
 10
435.7270899428258
 20
330.771414356283
 30
0.000000000001819
 41
1.0
 10
438.3235007806961
 20
331.4897718368416
 30
0.000000000001819
 41
1.0
 10
440.8304923418854
 20
330.9240327055909
 30
0.000000000001819
 41
1.0
 10
442.6641386199317
 20
329.2164355420646
 30
0.000000000001819
 41
1.0
  0
SPLINE
  5
6C7
330
70
100
AcDbEntity
  8
Visible
100
AcDbSpline
210
0.0
220
0.0
230
1.0
 70
    12
 71
     3
 72
     8
 73
     4
 74
     0
 42
0.000000001
 43
0.0000000001
 40
-1.0
 40
-1.0
 40
-1.0
 40
-1.0
 40
0.0
 40
0.0
 40
0.0
 40
0.0
 10
442.6641386199317
 20
329.2164355420646
 30
0.000000000001819
 41
1.0
 10
443.3494805126611
 20
328.5789539290659
 30
0.000000000001819
 41
1.0
 10
443.9240965233948
 20
327.8124788246332
 30
0.000000000001819
 41
1.0
 10
444.3650320862689
 20
326.953001733164
 30
0.000000000001819
 41
1.0
  0
SPLINE
  5
6C8
330
70
100
AcDbEntity
  8
Visible
100
AcDbSpline
210
0.0
220
0.0
230
1.0
 70
    12
 71
     3
 72
     8
 73
     4
 74
     0
 42
0.000000001
 43
0.0000000001
 40
-1.0
 40
-1.0
 40
-1.0
 40
-1.0
 40
0.0
 40
0.0
 40
0.0
 40
0.0
 10
444.3650320862689
 20
326.953001733164
 30
0.000000000001819
 41
1.0
 10
444.6777260217677
 20
326.3375630291612
 30
0.000000000001819
 41
1.0
 10
445.1576121885046
 20
324.8566327401604
 30
0.000000000001819
 41
1.0
 10
445.2428398664851
 20
324.2569503849272
 30
0.000000000001819
 41
1.0
  0
SPLINE
  5
6C9
330
70
100
AcDbEntity
  8
Visible
100
AcDbSpline
210
0.0
220
0.0
230
1.0
 70
    12
 71
     3
 72
     8
 73
     4
 74
     0
 42
0.000000001
 43
0.0000000001
 40
-1.0
 40
-1.0
 40
-1.0
 40
-1.0
 40
0.0
 40
0.0
 40
0.0
 40
0.0
 10
438.0783707751634
 20
318.9638830806702
 30
0.000000000001819
 41
1.0
 10
438.350530482281
 20
318.9742485468032
 30
0.000000000001819
 41
1.0
 10
438.5455404268232
 20
319.0205895380509
 30
0.000000000001819
 41
1.0
 10
439.0332492593679
 20
319.1833189417148
 30
0.000000000001819
 41
1.0
  0
SPLINE
  5
6CA
330
70
100
AcDbEntity
  8
Visible
100
AcDbSpline
210
0.0
220
0.0
230
1.0
 70
    12
 71
     3
 72
     8
 73
     4
 74
     0
 42
0.000000001
 43
0.0000000001
 40
-1.0
 40
-1.0
 40
-1.0
 40
-1.0
 40
0.0
 40
0.0
 40
0.0
 40
0.0
 10
434.8903083974419
 20
320.4396634329882
 30
0.000000000001819
 41
1.0
 10
435.6544795529552
 20
319.4366841420106
 30
0.000000000001819
 41
1.0
 10
436.786403978609
 20
318.9124716302377
 30
0.000000000001819
 41
1.0
 10
438.0783707751634
 20
318.9638830806702
 30
0.000000000001819
 41
1.0
  0
SPLINE
  5
6CB
330
70
100
AcDbEntity
  8
Visible
100
AcDbSpline
210
0.0
220
0.0
230
1.0
 70
    12
 71
     3
 72
     8
 73
     4
 74
     0
 42
0.000000001
 43
0.0000000001
 40
-1.0
 40
-1.0
 40
-1.0
 40
-1.0
 40
0.0
 40
0.0
 40
0.0
 40
0.0
 10
434.0464442601187
 20
322.0541942734408
 30
0.000000000001819
 41
1.0
 10
434.318827677178
 20
321.3058269856329
 30
0.000000000001819
 41
1.0
 10
434.5135655550221
 20
320.9332429455285
 30
0.000000000001819
 41
1.0
 10
434.8903083974419
 20
320.4396634329882
 30
0.000000000001819
 41
1.0
  0
SPLINE
  5
6CC
330
70
100
AcDbEntity
  8
Visible
100
AcDbSpline
210
0.0
220
0.0
230
1.0
 70
    12
 71
     3
 72
     8
 73
     4
 74
     0
 42
0.000000001
 43
0.0000000001
 40
-1.0
 40
-1.0
 40
-1.0
 40
-1.0
 40
0.0
 40
0.0
 40
0.0
 40
0.0
 10
433.7025900090957
 20
323.7028928856394
 30
0.000000000001819
 41
1.0
 10
433.7265201489608
 20
323.0414811327751
 30
0.000000000001819
 41
1.0
 10
433.7803953411293
 20
322.7851576708349
 30
0.000000000001819
 41
1.0
 10
434.0464442601187
 20
322.0541942734408
 30
0.000000000001819
 41
1.0
  0
SPLINE
  5
6CD
330
70
100
AcDbEntity
  8
Visible
100
AcDbSpline
210
0.0
220
0.0
230
1.0
 70
    12
 71
     3
 72
     8
 73
     4
 74
     0
 42
0.000000001
 43
0.0000000001
 40
-1.0
 40
-1.0
 40
-1.0
 40
-1.0
 40
0.0
 40
0.0
 40
0.0
 40
0.0
 10
435.3152020790275
 20
327.029450501901
 30
0.000000000001819
 41
1.0
 10
434.2097669917493
 20
326.2624800397384
 30
0.000000000001819
 41
1.0
 10
433.6467956274973
 20
325.1016664510939
 30
0.000000000001819
 41
1.0
 10
433.7025900090957
 20
323.7028928856394
 30
0.000000000001819
 41
1.0
  0
SPLINE
  5
6CE
330
70
100
AcDbEntity
  8
Visible
100
AcDbSpline
210
0.0
220
0.0
230
1.0
 70
    12
 71
     3
 72
     8
 73
     4
 74
     0
 42
0.000000001
 43
0.0000000001
 40
-1.0
 40
-1.0
 40
-1.0
 40
-1.0
 40
0.0
 40
0.0
 40
0.0
 40
0.0
 10
437.1584308384081
 20
327.7052582700485
 30
0.000000000001819
 41
1.0
 10
436.6204459222444
 20
327.6671234473692
 30
0.000000000001819
 41
1.0
 10
435.793761127572
 20
327.3662347889881
 30
0.000000000001819
 41
1.0
 10
435.3152020790275
 20
327.029450501901
 30
0.000000000001819
 41
1.0
  0
SPLINE
  5
6CF
330
70
100
AcDbEntity
  8
Visible
100
AcDbSpline
210
0.0
220
0.0
230
1.0
 70
    12
 71
     3
 72
     8
 73
     4
 74
     0
 42
0.000000001
 43
0.0000000001
 40
-1.0
 40
-1.0
 40
-1.0
 40
-1.0
 40
0.0
 40
0.0
 40
0.0
 40
0.0
 10
438.9430171338772
 20
327.364394239235
 30
0.000000000001819
 41
1.0
 10
438.3036642692913
 20
327.6589168598917
 30
0.000000000001819
 41
1.0
 10
437.8265610110101
 20
327.7513431738807
 30
0.000000000001819
 41
1.0
 10
437.1584308384081
 20
327.7052582700485
 30
0.000000000001819
 41
1.0
  0
SPLINE
  5
6D0
330
70
100
AcDbEntity
  8
Visible
100
AcDbSpline
210
0.0
220
0.0
230
1.0
 70
    12
 71
     3
 72
     8
 73
     4
 74
     0
 42
0.000000001
 43
0.0000000001
 40
-1.0
 40
-1.0
 40
-1.0
 40
-1.0
 40
0.0
 40
0.0
 40
0.0
 40
0.0
 10
439.900918634672
 20
326.7226415500399
 30
0.000000000001819
 41
1.0
 10
439.5578477873587
 20
327.0560188988684
 30
0.000000000001819
 41
1.0
 10
439.4518088617933
 20
327.1307532764654
 30
0.000000000001819
 41
1.0
 10
438.9430171338772
 20
327.364394239235
 30
0.000000000001819
 41
1.0
  0
SPLINE
  5
6D1
330
70
100
AcDbEntity
  8
Visible
100
AcDbSpline
210
0.0
220
0.0
230
1.0
 70
    12
 71
     3
 72
     8
 73
     4
 74
     0
 42
0.000000001
 43
0.0000000001
 40
-1.0
 40
-1.0
 40
-1.0
 40
-1.0
 40
0.0
 40
0.0
 40
0.0
 40
0.0
 10
441.3716903503828
 20
324.0896631158185
 30
0.000000000001819
 41
1.0
 10
441.1015944840474
 20
325.1295775266258
 30
0.000000000001819
 41
1.0
 10
440.5763748586268
 20
326.0717071182808
 30
0.000000000001819
 41
1.0
 10
439.900918634672
 20
326.7226415500399
 30
0.000000000001819
 41
1.0
  0
SPLINE
  5
6D2
330
70
100
AcDbEntity
  8
Visible
100
AcDbSpline
210
0.0
220
0.0
230
1.0
 70
    12
 71
     3
 72
     8
 73
     4
 74
     0
 42
0.000000001
 43
0.0000000001
 40
-1.0
 40
-1.0
 40
-1.0
 40
-1.0
 40
0.0
 40
0.0
 40
0.0
 40
0.0
 10
441.5478881331782
 20
322.1976300423639
 30
0.000000000001819
 41
1.0
 10
441.6141606737019
 20
322.8278171436664
 30
0.000000000001819
 41
1.0
 10
441.568123707715
 20
323.3333617261392
 30
0.000000000001819
 41
1.0
 10
441.3716903503828
 20
324.0896631158185
 30
0.000000000001819
 41
1.0
  0
SPLINE
  5
6D3
330
70
100
AcDbEntity
  8
Visible
100
AcDbSpline
210
0.0
220
0.0
230
1.0
 70
    12
 71
     3
 72
     8
 73
     4
 74
     0
 42
0.000000001
 43
0.0000000001
 40
-1.0
 40
-1.0
 40
-1.0
 40
-1.0
 40
0.0
 40
0.0
 40
0.0
 40
0.0
 10
441.2250200640191
 20
321.0946427175413
 30
0.000000000001819
 41
1.0
 10
441.4645956239091
 20
321.6006670973725
 30
0.000000000001819
 41
1.0
 10
441.4993714461761
 20
321.7217264869351
 30
0.000000000001819
 41
1.0
 10
441.5478881331782
 20
322.1976300423639
 30
0.000000000001819
 41
1.0
  0
SPLINE
  5
6D4
330
70
100
AcDbEntity
  8
Visible
100
AcDbSpline
210
0.0
220
0.0
230
1.0
 70
    12
 71
     3
 72
     8
 73
     4
 74
     0
 42
0.000000001
 43
0.0000000001
 40
-1.0
 40
-1.0
 40
-1.0
 40
-1.0
 40
0.0
 40
0.0
 40
0.0
 40
0.0
 10
440.6762054447336
 20
320.2198415557254
 30
0.000000000001819
 41
1.0
 10
440.8952897615818
 20
320.4572573991418
 30
0.000000000001819
 41
1.0
 10
441.0202363056724
 20
320.6554825305634
 30
0.000000000001819
 41
1.0
 10
441.2250200640191
 20
321.0946427175413
 30
0.000000000001819
 41
1.0
  0
SPLINE
  5
6D5
330
70
100
AcDbEntity
  8
Visible
100
AcDbSpline
210
0.0
220
0.0
230
1.0
 70
    12
 71
     3
 72
     8
 73
     4
 74
     0
 42
0.000000001
 43
0.0000000001
 40
-1.0
 40
-1.0
 40
-1.0
 40
-1.0
 40
0.0
 40
0.0
 40
0.0
 40
0.0
 10
439.0332492593679
 20
319.1833189417148
 30
0.000000000001819
 41
1.0
 10
439.8445136890914
 20
319.4588855870929
 30
0.000000000001819
 41
1.0
 10
440.1367966968664
 20
319.6441057385487
 30
0.000000000001819
 41
1.0
 10
440.6762054447336
 20
320.2198415557254
 30
0.000000000001819
 41
1.0
  0
SPLINE
  5
6D6
330
70
100
AcDbEntity
  8
Visible
100
AcDbSpline
210
0.0
220
0.0
230
1.0
 70
    12
 71
     3
 72
     8
 73
     4
 74
     0
 42
0.000000001
 43
0.0000000001
 40
-1.0
 40
-1.0
 40
-1.0
 40
-1.0
 40
0.0
 40
0.0
 40
0.0
 40
0.0
 10
529.2822587876089
 20
352.2037298496607
 30
0.000000000001819
 41
1.0
 10
529.7023675425298
 20
352.2137433526887
 30
0.000000000001819
 41
1.0
 10
529.8044234378776
 20
352.2311792016662
 30
0.000000000001819
 41
1.0
 10
530.3601642075646
 20
352.4235975702191
 30
0.000000000001819
 41
1.0
  0
SPLINE
  5
6D7
330
70
100
AcDbEntity
  8
Visible
100
AcDbSpline
210
0.0
220
0.0
230
1.0
 70
    12
 71
     3
 72
     8
 73
     4
 74
     0
 42
0.000000001
 43
0.0000000001
 40
-1.0
 40
-1.0
 40
-1.0
 40
-1.0
 40
0.0
 40
0.0
 40
0.0
 40
0.0
 10
525.9358499373884
 20
354.0604122656219
 30
0.000000000001819
 41
1.0
 10
526.735692592756
 20
352.8240480992895
 30
0.000000000001819
 41
1.0
 10
527.9091911568248
 20
352.1720737574965
 30
0.000000000001819
 41
1.0
 10
529.2822587876089
 20
352.2037298496607
 30
0.000000000001819
 41
1.0
  0
SPLINE
  5
6D8
330
70
100
AcDbEntity
  8
Visible
100
AcDbSpline
210
0.0
220
0.0
230
1.0
 70
    12
 71
     3
 72
     8
 73
     4
 74
     0
 42
0.000000001
 43
0.0000000001
 40
-1.0
 40
-1.0
 40
-1.0
 40
-1.0
 40
0.0
 40
0.0
 40
0.0
 40
0.0
 10
525.0557705857263
 20
356.410721294149
 30
0.000000000001819
 41
1.0
 10
525.1267456430487
 20
355.850197692348
 30
0.000000000001819
 41
1.0
 10
525.6026168210064
 20
354.569828023341
 30
0.000000000001819
 41
1.0
 10
525.9358499373884
 20
354.0604122656219
 30
0.000000000001819
 41
1.0
  0
SPLINE
  5
6D9
330
70
100
AcDbEntity
  8
Visible
100
AcDbSpline
210
0.0
220
0.0
230
1.0
 70
    12
 71
     3
 72
     8
 73
     4
 74
     0
 42
0.000000001
 43
0.0000000001
 40
-1.0
 40
-1.0
 40
-1.0
 40
-1.0
 40
0.0
 40
0.0
 40
0.0
 40
0.0
 10
525.3640185107488
 20
358.7993568967345
 30
0.000000000001819
 41
1.0
 10
525.078181856019
 20
358.2173664778943
 30
0.000000000001819
 41
1.0
 10
524.9554425473397
 20
357.2414210776005
 30
0.000000000001819
 41
1.0
 10
525.0557705857263
 20
356.410721294149
 30
0.000000000001819
 41
1.0
  0
SPLINE
  5
6DA
330
70
100
AcDbEntity
  8
Visible
100
AcDbSpline
210
0.0
220
0.0
230
1.0
 70
    12
 71
     3
 72
     8
 73
     4
 74
     0
 42
0.000000001
 43
0.0000000001
 40
-1.0
 40
-1.0
 40
-1.0
 40
-1.0
 40
0.0
 40
0.0
 40
0.0
 40
0.0
 10
529.2887879694281
 20
360.9176872266876
 30
0.000000000001819
 41
1.0
 10
527.6806719423639
 20
361.1256865908231
 30
0.000000000001819
 41
1.0
 10
526.0799938216205
 20
360.2573002423956
 30
0.000000000001819
 41
1.0
 10
525.3640185107488
 20
358.7993568967345
 30
0.000000000001819
 41
1.0
  0
SPLINE
  5
6DB
330
70
100
AcDbEntity
  8
Visible
100
AcDbSpline
210
0.0
220
0.0
230
1.0
 70
    12
 71
     3
 72
     8
 73
     4
 74
     0
 42
0.000000001
 43
0.0000000001
 40
-1.0
 40
-1.0
 40
-1.0
 40
-1.0
 40
0.0
 40
0.0
 40
0.0
 40
0.0
 10
531.1403822712818
 20
360.0542746239366
 30
0.000000000001819
 41
1.0
 10
530.7106599142862
 20
360.4497333335007
 30
0.000000000001819
 41
1.0
 10
529.872298095659
 20
360.8442803861935
 30
0.000000000001819
 41
1.0
 10
529.2887879694281
 20
360.9176872266876
 30
0.000000000001819
 41
1.0
  0
SPLINE
  5
6DC
330
70
100
AcDbEntity
  8
Visible
100
AcDbSpline
210
0.0
220
0.0
230
1.0
 70
    12
 71
     3
 72
     8
 73
     4
 74
     0
 42
0.000000001
 43
0.0000000001
 40
-1.0
 40
-1.0
 40
-1.0
 40
-1.0
 40
0.0
 40
0.0
 40
0.0
 40
0.0
 10
532.5240067006707
 20
357.8231852730396
 30
0.000000000001819
 41
1.0
 10
532.1530386625545
 20
358.8559494045944
 30
0.000000000001819
 41
1.0
 10
531.7730966125382
 20
359.4666212557627
 30
0.000000000001819
 41
1.0
 10
531.1403822712818
 20
360.0542746239366
 30
0.000000000001819
 41
1.0
  0
SPLINE
  5
6DD
330
70
100
AcDbEntity
  8
Visible
100
AcDbSpline
210
0.0
220
0.0
230
1.0
 70
    12
 71
     3
 72
     8
 73
     4
 74
     0
 42
0.000000001
 43
0.0000000001
 40
-1.0
 40
-1.0
 40
-1.0
 40
-1.0
 40
0.0
 40
0.0
 40
0.0
 40
0.0
 10
532.4997552995319
 20
354.2075274584117
 30
0.000000000001819
 41
1.0
 10
533.0283507424737
 20
355.2326451151653
 30
0.000000000001819
 41
1.0
 10
533.0359173208671
 20
356.403184579769
 30
0.000000000001819
 41
1.0
 10
532.5240067006707
 20
357.8231852730396
 30
0.000000000001819
 41
1.0
  0
SPLINE
  5
6DE
330
70
100
AcDbEntity
  8
Visible
100
AcDbSpline
210
0.0
220
0.0
230
1.0
 70
    12
 71
     3
 72
     8
 73
     4
 74
     0
 42
0.000000001
 43
0.0000000001
 40
-1.0
 40
-1.0
 40
-1.0
 40
-1.0
 40
0.0
 40
0.0
 40
0.0
 40
0.0
 10
530.3601642075646
 20
352.4235975702191
 30
0.000000000001819
 41
1.0
 10
531.4226013247243
 20
352.7807288679042
 30
0.000000000001819
 41
1.0
 10
532.0197883985692
 20
353.2789469801173
 30
0.000000000001819
 41
1.0
 10
532.4997552995319
 20
354.2075274584117
 30
0.000000000001819
 41
1.0
  0
SPLINE
  5
6DF
330
70
100
AcDbEntity
  8
Visible
100
AcDbSpline
210
0.0
220
0.0
230
1.0
 70
    12
 71
     3
 72
     8
 73
     4
 74
     0
 42
0.000000001
 43
0.0000000001
 40
-1.0
 40
-1.0
 40
-1.0
 40
-1.0
 40
0.0
 40
0.0
 40
0.0
 40
0.0
 10
513.8244528300983
 20
346.5332023109522
 30
0.000000000001819
 41
1.0
 10
514.2671002706538
 20
346.5760560486219
 30
0.000000000001819
 41
1.0
 10
514.9106602943102
 20
346.7708738228744
 30
0.000000000001819
 41
1.0
 10
515.2527875261912
 20
346.9545263290934
 30
0.000000000001819
 41
1.0
  0
SPLINE
  5
6E0
330
70
100
AcDbEntity
  8
Visible
100
AcDbSpline
210
0.0
220
0.0
230
1.0
 70
    12
 71
     3
 72
     8
 73
     4
 74
     0
 42
0.000000001
 43
0.0000000001
 40
-1.0
 40
-1.0
 40
-1.0
 40
-1.0
 40
0.0
 40
0.0
 40
0.0
 40
0.0
 10
510.8149401219398
 20
347.5319593013992
 30
0.000000000001819
 41
1.0
 10
511.5968351724077
 20
346.7916539497146
 30
0.000000000001819
 41
1.0
 10
512.711307769805
 20
346.4236925300006
 30
0.000000000001819
 41
1.0
 10
513.8244528300983
 20
346.5332023109522
 30
0.000000000001819
 41
1.0
  0
SPLINE
  5
6E1
330
70
100
AcDbEntity
  8
Visible
100
AcDbSpline
210
0.0
220
0.0
230
1.0
 70
    12
 71
     3
 72
     8
 73
     4
 74
     0
 42
0.000000001
 43
0.0000000001
 40
-1.0
 40
-1.0
 40
-1.0
 40
-1.0
 40
0.0
 40
0.0
 40
0.0
 40
0.0
 10
509.8798014356307
 20
348.7880628467183
 30
0.000000000001819
 41
1.0
 10
510.0868084086669
 20
348.3953075681138
 30
0.000000000001819
 41
1.0
 10
510.535182296775
 20
347.7996881395061
 30
0.000000000001819
 41
1.0
 10
510.8149401219398
 20
347.5319593013992
 30
0.000000000001819
 41
1.0
  0
SPLINE
  5
6E2
330
70
100
AcDbEntity
  8
Visible
100
AcDbSpline
210
0.0
220
0.0
230
1.0
 70
    12
 71
     3
 72
     8
 73
     4
 74
     0
 42
0.000000001
 43
0.0000000001
 40
-1.0
 40
-1.0
 40
-1.0
 40
-1.0
 40
0.0
 40
0.0
 40
0.0
 40
0.0
 10
509.2704260008213
 20
350.7195267403008
 30
0.000000000001819
 41
1.0
 10
509.3235812874972
 20
350.2215003794668
 30
0.000000000001819
 41
1.0
 10
509.6253017063409
 20
349.2571521067189
 30
0.000000000001819
 41
1.0
 10
509.8798014356307
 20
348.7880628467183
 30
0.000000000001819
 41
1.0
  0
SPLINE
  5
6E3
330
70
100
AcDbEntity
  8
Visible
100
AcDbSpline
210
0.0
220
0.0
230
1.0
 70
    12
 71
     3
 72
     8
 73
     4
 74
     0
 42
0.000000001
 43
0.0000000001
 40
-1.0
 40
-1.0
 40
-1.0
 40
-1.0
 40
0.0
 40
0.0
 40
0.0
 40
0.0
 10
509.6475216441649
 20
353.0543830264083
 30
0.000000000001819
 41
1.0
 10
509.2810319939998
 20
352.3149258333783
 30
0.000000000001819
 41
1.0
 10
509.1720495293393
 20
351.6396294022411
 30
0.000000000001819
 41
1.0
 10
509.2704260008213
 20
350.7195267403008
 30
0.000000000001819
 41
1.0
  0
SPLINE
  5
6E4
330
70
100
AcDbEntity
  8
Visible
100
AcDbSpline
210
0.0
220
0.0
230
1.0
 70
    12
 71
     3
 72
     8
 73
     4
 74
     0
 42
0.000000001
 43
0.0000000001
 40
-1.0
 40
-1.0
 40
-1.0
 40
-1.0
 40
0.0
 40
0.0
 40
0.0
 40
0.0
 10
513.8812740748199
 20
355.0683699102847
 30
0.000000000001819
 41
1.0
 10
512.2062459170611
 20
355.4737466660967
 30
0.000000000001819
 41
1.0
 10
510.4247785138705
 20
354.6282509664097
 30
0.000000000001819
 41
1.0
 10
509.6475216441649
 20
353.0543830264083
 30
0.000000000001819
 41
1.0
  0
SPLINE
  5
6E5
330
70
100
AcDbEntity
  8
Visible
100
AcDbSpline
210
0.0
220
0.0
230
1.0
 70
    12
 71
     3
 72
     8
 73
     4
 74
     0
 42
0.000000001
 43
0.0000000001
 40
-1.0
 40
-1.0
 40
-1.0
 40
-1.0
 40
0.0
 40
0.0
 40
0.0
 40
0.0
 10
516.3253041580555
 20
353.3759849621342
 30
0.000000000001819
 41
1.0
 10
515.6264295501586
 20
354.2943282274582
 30
0.000000000001819
 41
1.0
 10
514.854484085592
 20
354.8313056110633
 30
0.000000000001819
 41
1.0
 10
513.8812740748199
 20
355.0683699102847
 30
0.000000000001819
 41
1.0
  0
SPLINE
  5
6E6
330
70
100
AcDbEntity
  8
Visible
100
AcDbSpline
210
0.0
220
0.0
230
1.0
 70
    12
 71
     3
 72
     8
 73
     4
 74
     0
 42
0.000000001
 43
0.0000000001
 40
-1.0
 40
-1.0
 40
-1.0
 40
-1.0
 40
0.0
 40
0.0
 40
0.0
 40
0.0
 10
516.9083660265823
 20
352.1395568786752
 30
0.000000000001819
 41
1.0
 10
516.5995592456111
 20
352.9879965363643
 30
0.000000000001819
 41
1.0
 10
516.5730375297608
 20
353.0473265282962
 30
0.000000000001819
 41
1.0
 10
516.3253041580555
 20
353.3759849621342
 30
0.000000000001819
 41
1.0
  0
SPLINE
  5
6E7
330
70
100
AcDbEntity
  8
Visible
100
AcDbSpline
210
0.0
220
0.0
230
1.0
 70
    12
 71
     3
 72
     8
 73
     4
 74
     0
 42
0.000000001
 43
0.0000000001
 40
-1.0
 40
-1.0
 40
-1.0
 40
-1.0
 40
0.0
 40
0.0
 40
0.0
 40
0.0
 10
517.235775981906
 20
349.913298716649
 30
0.000000000001819
 41
1.0
 10
517.3308418097295
 20
350.8298981457292
 30
0.000000000001819
 41
1.0
 10
517.2931867844054
 20
351.0822705360161
 30
0.000000000001819
 41
1.0
 10
516.9083660265823
 20
352.1395568786752
 30
0.000000000001819
 41
1.0
  0
SPLINE
  5
6E8
330
70
100
AcDbEntity
  8
Visible
100
AcDbSpline
210
0.0
220
0.0
230
1.0
 70
    12
 71
     3
 72
     8
 73
     4
 74
     0
 42
0.000000001
 43
0.0000000001
 40
-1.0
 40
-1.0
 40
-1.0
 40
-1.0
 40
0.0
 40
0.0
 40
0.0
 40
0.0
 10
515.2527875261912
 20
346.9545263290934
 30
0.000000000001819
 41
1.0
 10
516.383976485984
 20
347.5830494905608
 30
0.000000000001819
 41
1.0
 10
517.1004635527752
 20
348.6469899169228
 30
0.000000000001819
 41
1.0
 10
517.235775981906
 20
349.913298716649
 30
0.000000000001819
 41
1.0
  0
SPLINE
  5
6E9
330
70
100
AcDbEntity
  8
Visible
100
AcDbSpline
210
0.0
220
0.0
230
1.0
 70
    12
 71
     3
 72
     8
 73
     4
 74
     0
 42
0.000000001
 43
0.0000000001
 40
-1.0
 40
-1.0
 40
-1.0
 40
-1.0
 40
0.0
 40
0.0
 40
0.0
 40
0.0
 10
422.3788619187598
 20
313.2940754474534
 30
0.000000000001819
 41
1.0
 10
422.7989706736807
 20
313.304088950481
 30
0.000000000001819
 41
1.0
 10
422.9010265690285
 20
313.3215247994585
 30
0.000000000001819
 41
1.0
 10
423.4567673387137
 20
313.5139431680113
 30
0.000000000001819
 41
1.0
  0
SPLINE
  5
6EA
330
70
100
AcDbEntity
  8
Visible
100
AcDbSpline
210
0.0
220
0.0
230
1.0
 70
    12
 71
     3
 72
     8
 73
     4
 74
     0
 42
0.000000001
 43
0.0000000001
 40
-1.0
 40
-1.0
 40
-1.0
 40
-1.0
 40
0.0
 40
0.0
 40
0.0
 40
0.0
 10
419.0324530685392
 20
315.1507578634141
 30
0.000000000001819
 41
1.0
 10
419.8398139455457
 20
313.9072753763926
 30
0.000000000001819
 41
1.0
 10
420.9998596908572
 20
313.2651867033747
 30
0.000000000001819
 41
1.0
 10
422.3788619187598
 20
313.2940754474534
 30
0.000000000001819
 41
1.0
  0
SPLINE
  5
6EB
330
70
100
AcDbEntity
  8
Visible
100
AcDbSpline
210
0.0
220
0.0
230
1.0
 70
    12
 71
     3
 72
     8
 73
     4
 74
     0
 42
0.000000001
 43
0.0000000001
 40
-1.0
 40
-1.0
 40
-1.0
 40
-1.0
 40
0.0
 40
0.0
 40
0.0
 40
0.0
 10
418.4822314346547
 20
316.3646472612372
 30
0.000000000001819
 41
1.0
 10
418.7403622310557
 20
315.6554387268611
 30
0.000000000001819
 41
1.0
 10
418.8321964738061
 20
315.4572775125666
 30
0.000000000001819
 41
1.0
 10
419.0324530685392
 20
315.1507578634141
 30
0.000000000001819
 41
1.0
  0
SPLINE
  5
6EC
330
70
100
AcDbEntity
  8
Visible
100
AcDbSpline
210
0.0
220
0.0
230
1.0
 70
    12
 71
     3
 72
     8
 73
     4
 74
     0
 42
0.000000001
 43
0.0000000001
 40
-1.0
 40
-1.0
 40
-1.0
 40
-1.0
 40
0.0
 40
0.0
 40
0.0
 40
0.0
 10
418.1345219876694
 20
317.6719545263286
 30
0.000000000001819
 41
1.0
 10
418.1694576027494
 20
317.2510619487907
 30
0.000000000001819
 41
1.0
 10
418.1987626459704
 20
317.1434713572698
 30
0.000000000001819
 41
1.0
 10
418.4822314346547
 20
316.3646472612372
 30
0.000000000001819
 41
1.0
  0
SPLINE
  5
6ED
330
70
100
AcDbEntity
  8
Visible
100
AcDbSpline
210
0.0
220
0.0
230
1.0
 70
    12
 71
     3
 72
     8
 73
     4
 74
     0
 42
0.000000001
 43
0.0000000001
 40
-1.0
 40
-1.0
 40
-1.0
 40
-1.0
 40
0.0
 40
0.0
 40
0.0
 40
0.0
 10
420.0282358180593
 20
321.5393602825307
 30
0.000000000001819
 41
1.0
 10
418.6265187135123
 20
320.7335350921976
 30
0.000000000001819
 41
1.0
 10
417.9856617019067
 20
319.4211893264842
 30
0.000000000001819
 41
1.0
 10
418.1345219876694
 20
317.6719545263286
 30
0.000000000001819
 41
1.0
  0
SPLINE
  5
6EE
330
70
100
AcDbEntity
  8
Visible
100
AcDbSpline
210
0.0
220
0.0
230
1.0
 70
    12
 71
     3
 72
     8
 73
     4
 74
     0
 42
0.000000001
 43
0.0000000001
 40
-1.0
 40
-1.0
 40
-1.0
 40
-1.0
 40
0.0
 40
0.0
 40
0.0
 40
0.0
 10
423.2047174664276
 20
321.7740878364498
 30
0.000000000001819
 41
1.0
 10
422.2073212283758
 20
322.1994436604723
 30
0.000000000001819
 41
1.0
 10
421.0217772790565
 20
322.1128564868241
 30
0.000000000001819
 41
1.0
 10
420.0282358180593
 20
321.5393602825307
 30
0.000000000001819
 41
1.0
  0
SPLINE
  5
6EF
330
70
100
AcDbEntity
  8
Visible
100
AcDbSpline
210
0.0
220
0.0
230
1.0
 70
    12
 71
     3
 72
     8
 73
     4
 74
     0
 42
0.000000001
 43
0.0000000001
 40
-1.0
 40
-1.0
 40
-1.0
 40
-1.0
 40
0.0
 40
0.0
 40
0.0
 40
0.0
 10
424.9089224142481
 20
320.3544386873746
 30
0.000000000001819
 41
1.0
 10
424.4328271074373
 20
321.0532977348998
 30
0.000000000001819
 41
1.0
 10
423.9500932772989
 20
321.4590260349069
 30
0.000000000001819
 41
1.0
 10
423.2047174664276
 20
321.7740878364498
 30
0.000000000001819
 41
1.0
  0
SPLINE
  5
6F0
330
70
100
AcDbEntity
  8
Visible
100
AcDbSpline
210
0.0
220
0.0
230
1.0
 70
    12
 71
     3
 72
     8
 73
     4
 74
     0
 42
0.000000001
 43
0.0000000001
 40
-1.0
 40
-1.0
 40
-1.0
 40
-1.0
 40
0.0
 40
0.0
 40
0.0
 40
0.0
 10
425.986794618906
 20
316.6619666750835
 30
0.000000000001819
 41
1.0
 10
426.0719108608282
 20
317.7818940722441
 30
0.000000000001819
 41
1.0
 10
425.6351345191778
 20
319.2932971487516
 30
0.000000000001819
 41
1.0
 10
424.9089224142481
 20
320.3544386873746
 30
0.000000000001819
 41
1.0
  0
SPLINE
  5
6F1
330
70
100
AcDbEntity
  8
Visible
100
AcDbSpline
210
0.0
220
0.0
230
1.0
 70
    12
 71
     3
 72
     8
 73
     4
 74
     0
 42
0.000000001
 43
0.0000000001
 40
-1.0
 40
-1.0
 40
-1.0
 40
-1.0
 40
0.0
 40
0.0
 40
0.0
 40
0.0
 10
424.7888848608872
 20
314.2402351693499
 30
0.000000000001819
 41
1.0
 10
425.4750429537052
 20
314.8595286504069
 30
0.000000000001819
 41
1.0
 10
425.9178346267072
 20
315.7548689931096
 30
0.000000000001819
 41
1.0
 10
425.986794618906
 20
316.6619666750835
 30
0.000000000001819
 41
1.0
  0
SPLINE
  5
6F2
330
70
100
AcDbEntity
  8
Visible
100
AcDbSpline
210
0.0
220
0.0
230
1.0
 70
    12
 71
     3
 72
     8
 73
     4
 74
     0
 42
0.000000001
 43
0.0000000001
 40
-1.0
 40
-1.0
 40
-1.0
 40
-1.0
 40
0.0
 40
0.0
 40
0.0
 40
0.0
 10
423.4567673387137
 20
313.5139431680113
 30
0.000000000001819
 41
1.0
 10
424.1244496725212
 20
313.7372502043022
 30
0.000000000001819
 41
1.0
 10
424.3957776191782
 20
313.8852791485115
 30
0.000000000001819
 41
1.0
 10
424.7888848608872
 20
314.2402351693499
 30
0.000000000001819
 41
1.0
  0
SPLINE
  5
6F3
330
70
100
AcDbEntity
  8
Visible
100
AcDbSpline
210
0.0
220
0.0
230
1.0
 70
    12
 71
     3
 72
     8
 73
     4
 74
     0
 42
0.000000001
 43
0.0000000001
 40
-1.0
 40
-1.0
 40
-1.0
 40
-1.0
 40
0.0
 40
0.0
 40
0.0
 40
0.0
 10
477.1054890464547
 20
377.1699600376828
 30
0.000000000001819
 41
1.0
 10
479.9680930357571
 20
378.0098407258797
 30
0.000000000001819
 41
1.0
 10
482.2837864537432
 20
379.5671520963015
 30
0.000000000001819
 41
1.0
 10
483.845722120197
 20
381.6926974604535
 30
0.000000000001819
 41
1.0
  0
SPLINE
  5
6F4
330
70
100
AcDbEntity
  8
Visible
100
AcDbSpline
210
0.0
220
0.0
230
1.0
 70
    12
 71
     3
 72
     8
 73
     4
 74
     0
 42
0.000000001
 43
0.0000000001
 40
-1.0
 40
-1.0
 40
-1.0
 40
-1.0
 40
0.0
 40
0.0
 40
0.0
 40
0.0
 10
473.4010040263874
 20
376.5853792995845
 30
0.000000000001819
 41
1.0
 10
474.61188596799
 20
376.6023509115758
 30
0.000000000001819
 41
1.0
 10
475.8266710434018
 20
376.7981282805426
 30
0.000000000001819
 41
1.0
 10
477.1054890464547
 20
377.1699600376828
 30
0.000000000001819
 41
1.0
  0
SPLINE
  5
6F5
330
70
100
AcDbEntity
  8
Visible
100
AcDbSpline
210
0.0
220
0.0
230
1.0
 70
    12
 71
     3
 72
     8
 73
     4
 74
     0
 42
0.000000001
 43
0.0000000001
 40
-1.0
 40
-1.0
 40
-1.0
 40
-1.0
 40
0.0
 40
0.0
 40
0.0
 40
0.0
 10
470.705001034903
 20
376.8852293046612
 30
0.000000000001819
 41
1.0
 10
471.3700278755968
 20
376.7232353668596
 30
0.000000000001819
 41
1.0
 10
472.7099192879158
 20
376.5752859001482
 30
0.000000000001819
 41
1.0
 10
473.4010040263874
 20
376.5853792995845
 30
0.000000000001819
 41
1.0
  0
SPLINE
  5
6F6
330
70
100
AcDbEntity
  8
Visible
100
AcDbSpline
210
0.0
220
0.0
230
1.0
 70
    12
 71
     3
 72
     8
 73
     4
 74
     0
 42
0.000000001
 43
0.0000000001
 40
-1.0
 40
-1.0
 40
-1.0
 40
-1.0
 40
0.0
 40
0.0
 40
0.0
 40
0.0
 10
463.9019860254939
 20
382.7018892799874
 30
0.000000000001819
 41
1.0
 10
465.2114996881755
 20
379.5913917072549
 30
0.000000000001819
 41
1.0
 10
467.443163874299
 20
377.6837456796557
 30
0.000000000001819
 41
1.0
 10
470.705001034903
 20
376.8852293046612
 30
0.000000000001819
 41
1.0
  0
LINE
  5
6F7
330
70
100
AcDbEntity
  8
Visible
100
AcDbLine
 10
463.662491
 20
383.265132
 30
0.0
 11
463.901986
 21
382.701889
 31
0.0
210
0.3420201433256678
220
-0.9396926207859088
230
0.0
  0
LINE
  5
6F8
330
70
100
AcDbEntity
  8
Visible
100
AcDbLine
 10
474.653048
 20
387.265368
 30
0.0
 11
463.662491
 21
383.265132
 31
0.0
210
0.3420201433256678
220
-0.9396926207859088
230
0.0
  0
SPLINE
  5
6F9
330
70
100
AcDbEntity
  8
Visible
100
AcDbSpline
210
0.0
220
0.0
230
1.0
 70
    12
 71
     3
 72
     8
 73
     4
 74
     0
 42
0.000000001
 43
0.0000000001
 40
-1.0
 40
-1.0
 40
-1.0
 40
-1.0
 40
0.0
 40
0.0
 40
0.0
 40
0.0
 10
485.6685424653132
 20
391.2106243365983
 30
0.000000000001819
 41
1.0
 10
485.6527062201348
 20
391.254134062634
 30
0.000000000001819
 41
1.0
 10
483.420257373571
 20
390.4563712273343
 30
0.000000000001819
 41
1.0
 10
474.6530475774489
 20
387.2653678239785
 30
0.000000000001819
 41
1.0
  0
SPLINE
  5
6FA
330
70
100
AcDbEntity
  8
Visible
100
AcDbSpline
210
0.0
220
0.0
230
1.0
 70
    12
 71
     3
 72
     8
 73
     4
 74
     0
 42
0.000000001
 43
0.0000000001
 40
-1.0
 40
-1.0
 40
-1.0
 40
-1.0
 40
0.0
 40
0.0
 40
0.0
 40
0.0
 10
485.7866423365012
 20
390.4800129023097
 30
0.000000000001819
 41
1.0
 10
485.7339189093363
 20
390.8550123273949
 30
0.000000000001819
 41
1.0
 10
485.67804421242
 20
391.184518500977
 30
0.000000000001819
 41
1.0
 10
485.6685424653132
 20
391.2106243365983
 30
0.000000000001819
 41
1.0
  0
SPLINE
  5
6FB
330
70
100
AcDbEntity
  8
Visible
100
AcDbSpline
210
0.0
220
0.0
230
1.0
 70
    12
 71
     3
 72
     8
 73
     4
 74
     0
 42
0.000000001
 43
0.0000000001
 40
-1.0
 40
-1.0
 40
-1.0
 40
-1.0
 40
0.0
 40
0.0
 40
0.0
 40
0.0
 10
483.845722120197
 20
381.6926974604535
 30
0.000000000001819
 41
1.0
 10
485.6603342021972
 20
384.1664324878589
 30
0.000000000001819
 41
1.0
 10
486.3003279136846
 20
387.0650755004922
 30
0.000000000001819
 41
1.0
 10
485.7866423365012
 20
390.4800129023097
 30
0.000000000001819
 41
1.0
  0
SPLINE
  5
6FC
330
70
100
AcDbEntity
  8
Visible
100
AcDbSpline
210
0.0
220
0.0
230
1.0
 70
    12
 71
     3
 72
     8
 73
     4
 74
     0
 42
0.000000001
 43
0.0000000001
 40
-1.0
 40
-1.0
 40
-1.0
 40
-1.0
 40
0.0
 40
0.0
 40
0.0
 40
0.0
 10
497.5210225008322
 20
340.3972169982649
 30
0.000000000001819
 41
1.0
 10
497.9727717875448
 20
340.4286014426425
 30
0.000000000001819
 41
1.0
 10
498.9833971344141
 20
340.7520927037858
 30
0.000000000001819
 41
1.0
 10
499.341728553858
 20
340.9859893350608
 30
0.000000000001819
 41
1.0
  0
SPLINE
  5
6FD
330
70
100
AcDbEntity
  8
Visible
100
AcDbSpline
210
0.0
220
0.0
230
1.0
 70
    12
 71
     3
 72
     8
 73
     4
 74
     0
 42
0.000000001
 43
0.0000000001
 40
-1.0
 40
-1.0
 40
-1.0
 40
-1.0
 40
0.0
 40
0.0
 40
0.0
 40
0.0
 10
495.0028816508911
 20
341.2101937245802
 30
0.000000000001819
 41
1.0
 10
495.6545835070774
 20
340.6245238818737
 30
0.000000000001819
 41
1.0
 10
496.5589777580935
 20
340.3328485057114
 30
0.000000000001819
 41
1.0
 10
497.5210225008322
 20
340.3972169982649
 30
0.000000000001819
 41
1.0
  0
SPLINE
  5
6FE
330
70
100
AcDbEntity
  8
Visible
100
AcDbSpline
210
0.0
220
0.0
230
1.0
 70
    12
 71
     3
 72
     8
 73
     4
 74
     0
 42
0.000000001
 43
0.0000000001
 40
-1.0
 40
-1.0
 40
-1.0
 40
-1.0
 40
0.0
 40
0.0
 40
0.0
 40
0.0
 10
494.2869710949671
 20
342.2159563429254
 30
0.000000000001819
 41
1.0
 10
494.3930739376591
 20
341.9244411784884
 30
0.000000000001819
 41
1.0
 10
494.7251073511942
 20
341.4589350477554
 30
0.000000000001819
 41
1.0
 10
495.0028816508911
 20
341.2101937245802
 30
0.000000000001819
 41
1.0
  0
LINE
  5
6FF
330
70
100
AcDbEntity
  8
Visible
100
AcDbLine
 10
494.203039
 20
342.446558
 30
0.0
 11
494.286971
 21
342.215956
 31
0.0
210
0.3420201433256678
220
-0.9396926207859088
230
0.0
  0
LINE
  5
700
330
70
100
AcDbEntity
  8
Visible
100
AcDbLine
 10
497.499893
 20
343.63666
 30
0.0
 11
494.203039
 21
342.446558
 31
0.0
210
0.3420201433256678
220
-0.9396926207859088
230
0.0
  0
LINE
  5
701
330
70
100
AcDbEntity
  8
Visible
100
AcDbLine
 10
500.802681
 20
344.823994
 30
0.0
 11
497.499893
 21
343.63666
 31
0.0
210
0.3420201433256678
220
-0.9396926207859088
230
0.0
  0
LINE
  5
702
330
70
100
AcDbEntity
  8
Visible
100
AcDbLine
 10
500.852973
 20
344.645204
 30
0.0
 11
500.802681
 21
344.823994
 31
0.0
210
0.3420201433256678
220
-0.9396926207859088
230
0.0
  0
SPLINE
  5
703
330
70
100
AcDbEntity
  8
Visible
100
AcDbSpline
210
0.0
220
0.0
230
1.0
 70
    12
 71
     3
 72
     8
 73
     4
 74
     0
 42
0.000000001
 43
0.0000000001
 40
-1.0
 40
-1.0
 40
-1.0
 40
-1.0
 40
0.0
 40
0.0
 40
0.0
 40
0.0
 10
500.9176292139017
 20
344.0478894865623
 30
0.000000000001819
 41
1.0
 10
500.9084634506179
 20
344.2761395666948
 30
0.000000000001819
 41
1.0
 10
500.8791104695538
 20
344.5463157483459
 30
0.000000000001819
 41
1.0
 10
500.8529726753695
 20
344.6452043946583
 30
0.000000000001819
 41
1.0
  0
SPLINE
  5
704
330
70
100
AcDbEntity
  8
Visible
100
AcDbSpline
210
0.0
220
0.0
230
1.0
 70
    12
 71
     3
 72
     8
 73
     4
 74
     0
 42
0.000000001
 43
0.0000000001
 40
-1.0
 40
-1.0
 40
-1.0
 40
-1.0
 40
0.0
 40
0.0
 40
0.0
 40
0.0
 10
499.341728553858
 20
340.9859893350608
 30
0.000000000001819
 41
1.0
 10
500.3910168775218
 20
341.6635409394535
 30
0.000000000001819
 41
1.0
 10
500.9654735143503
 20
342.7792611775449
 30
0.000000000001819
 41
1.0
 10
500.9176292139017
 20
344.0478894865623
 30
0.000000000001819
 41
1.0
  0
ENDSEC
  0
SECTION
  2
OBJECTS
  0
DICTIONARY
  5
C
330
0
100
AcDbDictionary
281
     1
  3
ACAD_COLOR
350
63
  3
ACAD_DETAILVIEWSTYLE
350
6A
  3
ACAD_GROUP
350
D
  3
ACAD_LAYOUT
350
62
  3
ACAD_MATERIAL
350
10
  3
ACAD_MLEADERSTYLE
350
66
  3
ACAD_MLINESTYLE
350
5F
  3
ACAD_PLOTSETTINGS
350
61
  3
ACAD_PLOTSTYLENAME
350
E
  3
ACAD_SCALELIST
350
42
  3
ACAD_SECTIONVIEWSTYLE
350
68
  3
ACAD_TABLESTYLE
350
64
  3
ACAD_VISUALSTYLE
350
29
  3
ACDB_RECOMPOSE_DATA
350
70E
  3
AcDbVariableDictionary
350
705
  0
DICTIONARY
  5
A4
330
70
100
AcDbDictionary
280
     1
281
     1
  3
ACAD_SORTENTS
360
A5
  0
DICTIONARY
  5
63
102
{ACAD_REACTORS
330
C
102
}
330
C
100
AcDbDictionary
281
     1
  0
DICTIONARY
  5
6A
102
{ACAD_REACTORS
330
C
102
}
330
C
100
AcDbDictionary
281
     1
  3
Imperial24
350
6B
  0
DICTIONARY
  5
D
102
{ACAD_REACTORS
330
C
102
}
330
C
100
AcDbDictionary
281
     1
  0
DICTIONARY
  5
62
102
{ACAD_REACTORS
330
C
102
}
330
C
100
AcDbDictionary
281
     1
  3
Model
350
73
  3
Sheet1
350
6F
  3
Sheet2
350
77
  0
DICTIONARY
  5
10
102
{ACAD_REACTORS
330
C
102
}
330
C
100
AcDbDictionary
281
     1
  3
ByBlock
350
19
  3
ByLayer
350
11
  3
Global
350
21
  0
DICTIONARY
  5
66
102
{ACAD_REACTORS
330
C
102
}
330
C
100
AcDbDictionary
281
     1
  3
Standard
350
67
  0
DICTIONARY
  5
5F
102
{ACAD_REACTORS
330
C
102
}
330
C
100
AcDbDictionary
281
     1
  3
Standard
350
60
  0
DICTIONARY
  5
61
102
{ACAD_REACTORS
330
C
102
}
330
C
100
AcDbDictionary
281
     1
  0
ACDBDICTIONARYWDFLT
  5
E
102
{ACAD_REACTORS
330
C
102
}
330
C
100
AcDbDictionary
281
     1
  3
Normal
350
F
100
AcDbDictionaryWithDefault
340
F
  0
DICTIONARY
  5
42
102
{ACAD_REACTORS
330
C
102
}
330
C
100
AcDbDictionary
281
     1
  3
A0
350
43
  3
A1
350
44
  3
A2
350
45
  3
A3
350
46
  3
A4
350
47
  3
A5
350
48
  3
A6
350
49
  3
A7
350
4A
  3
A8
350
4B
  3
A9
350
4C
  3
B0
350
4D
  3
B1
350
4E
  3
B2
350
4F
  3
B3
350
50
  3
B4
350
51
  3
B5
350
52
  3
B6
350
53
  0
DICTIONARY
  5
68
102
{ACAD_REACTORS
330
C
102
}
330
C
100
AcDbDictionary
281
     1
  3
Imperial24
350
69
  0
DICTIONARY
  5
64
102
{ACAD_REACTORS
330
C
102
}
330
C
100
AcDbDictionary
281
     1
  3
Standard
350
65
  0
DICTIONARY
  5
29
102
{ACAD_REACTORS
330
C
102
}
330
C
100
AcDbDictionary
281
     1
  3
2dWireframe
350
2F
  3
Basic
350
2E
  3
Brighten
350
35
  3
ColorChange
350
39
  3
Conceptual
350
32
  3
Dim
350
34
  3
EdgeColorOff
350
41
  3
Facepattern
350
38
  3
Flat
350
2A
  3
FlatWithEdges
350
2B
  3
Gouraud
350
2C
  3
GouraudWithEdges
350
2D
  3
Hidden
350
31
  3
JitterOff
350
3F
  3
Linepattern
350
37
  3
OverhangOff
350
40
  3
Realistic
350
33
  3
Shaded
350
3E
  3
Shaded with edges
350
3D
  3
Shades of Gray
350
3A
  3
Sketchy
350
3B
  3
Thicken
350
36
  3
Wireframe
350
30
  3
X-Ray
350
3C
  0
XRECORD
  5
70E
102
{ACAD_REACTORS
330
C
102
}
330
C
100
AcDbXrecord
280
     1
 90
        1
330
65
  0
DICTIONARY
  5
705
102
{ACAD_REACTORS
330
C
102
}
330
C
100
AcDbDictionary
281
     1
  3
ANNOALLVISIBLE
350
70A
  3
CANNOSCALE
350
70B
  3
CMLEADERSTYLE
350
707
  3
CTABLESTYLE
350
706
  3
CVIEWDETAILSTYLE
350
708
  3
CVIEWSECTIONSTYLE
350
709
  0
SORTENTSTABLE
  5
A5
102
{ACAD_REACTORS
330
A4
102
}
330
A4
100
AcDbSortentsTable
330
70
  0
ACDBDETAILVIEWSTYLE
  5
6B
102
{ACAD_XDICTIONARY
360
711
102
}
102
{ACAD_REACTORS
330
6A
102
}
330
6A
100
AcDbModelDocViewStyle
 70
     0
  3
Imperial24
290
     0
100
AcDbDetailViewStyle
 70
     0
 71
     0
 90
        3
 71
     1
340
55
 62
   256
 40
0.24
340
0
 62
   256
 40
0.24
300

 40
0.36
280
     3
 71
     2
340
5D
 90
       25
 62
   256
 71
     3
340
55
 62
   256
 40
0.24
 90
        1
 40
0.75
 90
        1
300
%<\AcVar ViewType \f "%tc1">% %<\AcVar ViewDetailId>%\PSCALE %<\AcVar ViewScale \f "%sn">%
 71
     4
340
5D
 90
       25
 62
   256
340
5D
 90
       25
 62
   256
280
     0
  0
LAYOUT
  5
73
102
{ACAD_REACTORS
330
62
102
}
330
62
100
AcDbPlotSettings
  1

  2
AutoCAD PDF (High Quality Print).pc3
  4
ISO_full_bleed_A0_(841.00_x_1189.00_MM)
  6

 40
0.0
 41
0.0
 42
0.0
 43
0.0
 44
841.0
 45
1189.0
 46
0.0
 47
0.0
 48
0.0
 49
0.0
140
0.0
141
0.0
142
1.0
143
1.273743
 70
 11952
 72
     1
 73
     1
 74
     0
  7

 75
     0
147
0.785088
 76
     0
 77
     2
 78
   300
148
162.740043
149
22.677352
100
AcDbLayout
  1
Model
 70
     1
 71
     0
 10
0.0
 20
0.0
 11
12.0
 21
9.0
 12
0.0
 22
0.0
 32
0.0
 14
0.0
 24
0.0
 34
0.0
 15
0.0
 25
0.0
 35
0.0
146
0.0
 13
0.0
 23
0.0
 33
0.0
 16
1.0
 26
0.0
 36
0.0
 17
0.0
 27
1.0
 37
0.0
 76
     0
330
70
1001
ACAD_PSEXT
1000
AutoCAD PDF (High Quality Print).pc3
1000
DWG To PDF
1000
File
1000

1070
     0
  0
LAYOUT
  5
6F
102
{ACAD_REACTORS
330
62
102
}
330
62
100
AcDbPlotSettings
  1

  2
None
  4

  6

 40
0.0
 41
0.0
 42
0.0
 43
0.0
 44
0.0
 45
0.0
 46
0.0
 47
0.0
 48
0.0
 49
0.0
140
0.0
141
0.0
142
1.0
143
1.0
 70
   688
 72
     0
 73
     0
 74
     5
  7

 75
    16
147
1.0
 76
     0
 77
     2
 78
   300
148
0.0
149
0.0
100
AcDbLayout
  1
Sheet1
 70
     1
 71
     1
 10
0.0
 20
0.0
 11
12.0
 21
9.0
 12
0.0
 22
0.0
 32
0.0
 14
0.0
 24
0.0
 34
0.0
 15
0.0
 25
0.0
 35
0.0
146
0.0
 13
0.0
 23
0.0
 33
0.0
 16
1.0
 26
0.0
 36
0.0
 17
0.0
 27
1.0
 37
0.0
 76
     0
330
6C
  0
LAYOUT
  5
77
102
{ACAD_REACTORS
330
62
102
}
330
62
100
AcDbPlotSettings
  1

  2
None
  4

  6

 40
0.0
 41
0.0
 42
0.0
 43
0.0
 44
0.0
 45
0.0
 46
0.0
 47
0.0
 48
0.0
 49
0.0
140
0.0
141
0.0
142
1.0
143
1.0
 70
   688
 72
     0
 73
     0
 74
     5
  7

 75
    16
147
1.0
 76
     0
 77
     2
 78
   300
148
0.0
149
0.0
100
AcDbLayout
  1
Sheet2
 70
     1
 71
     2
 10
0.0
 20
0.0
 11
12.0
 21
9.0
 12
0.0
 22
0.0
 32
0.0
 14
0.0
 24
0.0
 34
0.0
 15
0.0
 25
0.0
 35
0.0
146
0.0
 13
0.0
 23
0.0
 33
0.0
 16
1.0
 26
0.0
 36
0.0
 17
0.0
 27
1.0
 37
0.0
 76
     0
330
74
  0
MATERIAL
  5
19
102
{ACAD_XDICTIONARY
360
1A
102
}
102
{ACAD_REACTORS
330
10
102
}
330
10
100
AcDbMaterial
  1
ByBlock
 72
     0
 43
0.020833
 43
0.0
 43
0.0
 43
0.0
 43
0.0
 43
0.020833
 43
0.0
 43
0.0
 43
0.0
 43
0.0
 43
1.0
 43
0.0
 43
0.0
 43
0.0
 43
0.0
 43
1.0
 77
     0
 47
0.020833
 47
0.0
 47
0.0
 47
0.0
 47
0.0
 47
0.020833
 47
0.0
 47
0.0
 47
0.0
 47
0.0
 47
1.0
 47
0.0
 47
0.0
 47
0.0
 47
0.0
 47
1.0
171
     0
 49
0.020833
 49
0.0
 49
0.0
 49
0.0
 49
0.0
 49
0.020833
 49
0.0
 49
0.0
 49
0.0
 49
0.0
 49
1.0
 49
0.0
 49
0.0
 49
0.0
 49
0.0
 49
1.0
175
     0
142
0.020833
142
0.0
142
0.0
142
0.0
142
0.0
142
0.020833
142
0.0
142
0.0
142
0.0
142
0.0
142
1.0
142
0.0
142
0.0
142
0.0
142
0.0
142
1.0
179
     0
144
0.020833
144
0.0
144
0.0
144
0.0
144
0.0
144
0.020833
144
0.0
144
0.0
144
0.0
144
0.0
144
1.0
144
0.0
144
0.0
144
0.0
144
0.0
144
1.0
147
0.020833
147
0.0
147
0.0
147
0.0
147
0.0
147
0.020833
147
0.0
147
0.0
147
0.0
147
0.0
147
1.0
147
0.0
147
0.0
147
0.0
147
0.0
147
1.0
  0
MATERIAL
  5
11
102
{ACAD_XDICTIONARY
360
12
102
}
102
{ACAD_REACTORS
330
10
102
}
330
10
100
AcDbMaterial
  1
ByLayer
 72
     0
 43
0.020833
 43
0.0
 43
0.0
 43
0.0
 43
0.0
 43
0.020833
 43
0.0
 43
0.0
 43
0.0
 43
0.0
 43
1.0
 43
0.0
 43
0.0
 43
0.0
 43
0.0
 43
1.0
 77
     0
 47
0.020833
 47
0.0
 47
0.0
 47
0.0
 47
0.0
 47
0.020833
 47
0.0
 47
0.0
 47
0.0
 47
0.0
 47
1.0
 47
0.0
 47
0.0
 47
0.0
 47
0.0
 47
1.0
171
     0
 49
0.020833
 49
0.0
 49
0.0
 49
0.0
 49
0.0
 49
0.020833
 49
0.0
 49
0.0
 49
0.0
 49
0.0
 49
1.0
 49
0.0
 49
0.0
 49
0.0
 49
0.0
 49
1.0
175
     0
142
0.020833
142
0.0
142
0.0
142
0.0
142
0.0
142
0.020833
142
0.0
142
0.0
142
0.0
142
0.0
142
1.0
142
0.0
142
0.0
142
0.0
142
0.0
142
1.0
179
     0
144
0.020833
144
0.0
144
0.0
144
0.0
144
0.0
144
0.020833
144
0.0
144
0.0
144
0.0
144
0.0
144
1.0
144
0.0
144
0.0
144
0.0
144
0.0
144
1.0
147
0.020833
147
0.0
147
0.0
147
0.0
147
0.0
147
0.020833
147
0.0
147
0.0
147
0.0
147
0.0
147
1.0
147
0.0
147
0.0
147
0.0
147
0.0
147
1.0
  0
MATERIAL
  5
21
102
{ACAD_XDICTIONARY
360
22
102
}
102
{ACAD_REACTORS
330
10
102
}
330
10
100
AcDbMaterial
  1
Global
 72
     0
 43
0.020833
 43
0.0
 43
0.0
 43
0.0
 43
0.0
 43
0.020833
 43
0.0
 43
0.0
 43
0.0
 43
0.0
 43
1.0
 43
0.0
 43
0.0
 43
0.0
 43
0.0
 43
1.0
 77
     0
 47
0.020833
 47
0.0
 47
0.0
 47
0.0
 47
0.0
 47
0.020833
 47
0.0
 47
0.0
 47
0.0
 47
0.0
 47
1.0
 47
0.0
 47
0.0
 47
0.0
 47
0.0
 47
1.0
171
     0
 49
0.020833
 49
0.0
 49
0.0
 49
0.0
 49
0.0
 49
0.020833
 49
0.0
 49
0.0
 49
0.0
 49
0.0
 49
1.0
 49
0.0
 49
0.0
 49
0.0
 49
0.0
 49
1.0
175
     0
142
0.020833
142
0.0
142
0.0
142
0.0
142
0.0
142
0.020833
142
0.0
142
0.0
142
0.0
142
0.0
142
1.0
142
0.0
142
0.0
142
0.0
142
0.0
142
1.0
179
     0
144
0.020833
144
0.0
144
0.0
144
0.0
144
0.0
144
0.020833
144
0.0
144
0.0
144
0.0
144
0.0
144
1.0
144
0.0
144
0.0
144
0.0
144
0.0
144
1.0
147
0.020833
147
0.0
147
0.0
147
0.0
147
0.0
147
0.020833
147
0.0
147
0.0
147
0.0
147
0.0
147
1.0
147
0.0
147
0.0
147
0.0
147
0.0
147
1.0
  0
MLEADERSTYLE
  5
67
102
{ACAD_REACTORS
330
66
102
}
330
66
100
AcDbMLeaderStyle
179
     2
170
     2
171
     1
172
     0
 90
        2
 40
0.0
 41
0.0
173
     1
 91
-1056964608
340
5B
 92
       -2
290
     1
 42
0.09
291
     1
 43
0.36
  3
Standard
 44
0.18
300

342
55
174
     1
178
     6
175
     1
176
     0
 93
-1056964608
 45
0.18
292
     0
297
     0
 46
0.18
 94
-1056964608
 47
1.0
 49
1.0
140
1.0
293
     1
141
0.0
294
     1
177
     0
142
1.0
295
     0
296
     0
143
0.125
271
     0
272
     9
273
     9
298
     1
  0
MLINESTYLE
  5
60
102
{ACAD_REACTORS
330
5F
102
}
330
5F
100
AcDbMlineStyle
  2
STANDARD
 70
     0
  3

 62
   256
 51
90.0
 52
90.0
 71
     0
  0
ACDBPLACEHOLDER
  5
F
102
{ACAD_REACTORS
330
E
102
}
330
E
  0
SCALE
  5
43
102
{ACAD_REACTORS
330
42
102
}
330
42
100
AcDbScale
 70
     0
300
1:1
140
1.0
141
1.0
290
     1
  0
SCALE
  5
44
102
{ACAD_REACTORS
330
42
102
}
330
42
100
AcDbScale
 70
     0
300
1:2
140
1.0
141
2.0
290
     0
  0
SCALE
  5
45
102
{ACAD_REACTORS
330
42
102
}
330
42
100
AcDbScale
 70
     0
300
1:4
140
1.0
141
4.0
290
     0
  0
SCALE
  5
46
102
{ACAD_REACTORS
330
42
102
}
330
42
100
AcDbScale
 70
     0
300
1:5
140
1.0
141
5.0
290
     0
  0
SCALE
  5
47
102
{ACAD_REACTORS
330
42
102
}
330
42
100
AcDbScale
 70
     0
300
1:8
140
1.0
141
8.0
290
     0
  0
SCALE
  5
48
102
{ACAD_REACTORS
330
42
102
}
330
42
100
AcDbScale
 70
     0
300
1:10
140
1.0
141
10.0
290
     0
  0
SCALE
  5
49
102
{ACAD_REACTORS
330
42
102
}
330
42
100
AcDbScale
 70
     0
300
1:16
140
1.0
141
16.0
290
     0
  0
SCALE
  5
4A
102
{ACAD_REACTORS
330
42
102
}
330
42
100
AcDbScale
 70
     0
300
1:20
140
1.0
141
20.0
290
     0
  0
SCALE
  5
4B
102
{ACAD_REACTORS
330
42
102
}
330
42
100
AcDbScale
 70
     0
300
1:30
140
1.0
141
30.0
290
     0
  0
SCALE
  5
4C
102
{ACAD_REACTORS
330
42
102
}
330
42
100
AcDbScale
 70
     0
300
1:40
140
1.0
141
40.0
290
     0
  0
SCALE
  5
4D
102
{ACAD_REACTORS
330
42
102
}
330
42
100
AcDbScale
 70
     0
300
1:50
140
1.0
141
50.0
290
     0
  0
SCALE
  5
4E
102
{ACAD_REACTORS
330
42
102
}
330
42
100
AcDbScale
 70
     0
300
1:100
140
1.0
141
100.0
290
     0
  0
SCALE
  5
4F
102
{ACAD_REACTORS
330
42
102
}
330
42
100
AcDbScale
 70
     0
300
2:1
140
2.0
141
1.0
290
     0
  0
SCALE
  5
50
102
{ACAD_REACTORS
330
42
102
}
330
42
100
AcDbScale
 70
     0
300
4:1
140
4.0
141
1.0
290
     0
  0
SCALE
  5
51
102
{ACAD_REACTORS
330
42
102
}
330
42
100
AcDbScale
 70
     0
300
8:1
140
8.0
141
1.0
290
     0
  0
SCALE
  5
52
102
{ACAD_REACTORS
330
42
102
}
330
42
100
AcDbScale
 70
     0
300
10:1
140
10.0
141
1.0
290
     0
  0
SCALE
  5
53
102
{ACAD_REACTORS
330
42
102
}
330
42
100
AcDbScale
 70
     0
300
100:1
140
100.0
141
1.0
290
     0
  0
ACDBSECTIONVIEWSTYLE
  5
69
102
{ACAD_XDICTIONARY
360
70F
102
}
102
{ACAD_REACTORS
330
68
102
}
330
68
100
AcDbModelDocViewStyle
 70
     0
  3
Imperial24
290
     0
100
AcDbSectionViewStyle
 70
     0
 71
     0
 90
       78
 71
     1
340
55
 62
   256
 40
0.24
340
0
340
0
 62
   256
 40
0.24
300
I, O, Q, S, X, Z
 40
0.48
 90
        3
 40
0.18
 90
        1
 71
     2
340
5D
 90
       25
 62
   256
340
5D
 90
       50
 62
   256
 40
0.24
 40
0.0
 40
0.24
 71
     3
340
55
 62
   256
 40
0.24
 90
        1
 40
0.75
 90
        1
300
%<\AcVar ViewType \f "%tc1">% %<\AcVar ViewSectionStartId>%-%<\AcVar ViewSectionEndId>%\PSCALE %<\AcVar ViewScale \f "%sn">%
 71
     4
 62
   256
 62
   257
300
ANSI31
 40
1.0
 90
        0
290
     0
290
     0
 90
        6
 40
0.0
 40
1.570796
 40
0.261799
 40
1.308997
 40
-0.261799
 40
1.832596
  0
TABLESTYLE
  5
65
102
{ACAD_XDICTIONARY
360
70C
102
}
102
{ACAD_REACTORS
330
64
102
}
330
64
100
AcDbTableStyle
280
     0
  3
Standard
 70
     0
 71
     0
 40
1.5
 41
1.5
280
     0
281
     0
  7
Standard
140
0.18
170
     2
 62
     0
 63
     7
283
     0
 90
      512
 91
        0
  1

274
    -2
284
     1
 64
     0
275
    -2
285
     1
 65
     0
276
    -2
286
     1
 66
     0
277
    -2
287
     1
 67
     0
278
    -2
288
     1
 68
     0
279
    -2
289
     1
 69
     0
  7
Standard
140
0.25
170
     5
 62
     0
 63
     7
283
     0
 90
      512
 91
        0
  1

274
    -2
284
     1
 64
     0
275
    -2
285
     1
 65
     0
276
    -2
286
     1
 66
     0
277
    -2
287
     1
 67
     0
278
    -2
288
     1
 68
     0
279
    -2
289
     1
 69
     0
  7
Standard
140
0.18
170
     5
 62
     0
 63
     7
283
     0
 90
      512
 91
        0
  1

274
    -2
284
     1
 64
     0
275
    -2
285
     1
 65
     0
276
    -2
286
     1
 66
     0
277
    -2
287
     1
 67
     0
278
    -2
288
     1
 68
     0
279
    -2
289
     1
 69
     0
  0
VISUALSTYLE
  5
2F
102
{ACAD_REACTORS
330
29
102
}
330
29
100
AcDbVisualStyle
  2
2dWireframe
 70
     4
177
     3
291
     0
 70
    58
 90
        0
176
     1
 90
        2
176
     1
 90
        0
176
     1
 90
        0
176
     1
 40
0.6
176
     1
 40
30.0
176
     1
 62
     7
420
 16777215
176
     1
 90
        1
176
     1
 90
        4
176
     1
 62
     7
176
     1
 62
   257
176
     1
 90
        1
176
     1
 90
        1
176
     1
 40
1.0
176
     1
 90
        0
176
     1
 62
   257
176
     1
 40
1.0
176
     1
 90
        1
176
     1
 90
        6
176
     1
 90
        2
176
     1
 62
     7
176
     1
 90
        5
176
     1
 90
        0
176
     1
 90
        0
176
     1
290
     0
176
     1
 90
        1
176
     1
 40
0.0
176
     1
 90
        0
176
     1
290
     1
176
     1
290
     1
176
     1
290
     0
176
     1
290
     0
176
     1
290
     0
176
     1
290
     0
176
     1
290
     0
176
     1
290
     0
176
     1
290
     0
176
     1
 90
       50
176
     1
 40
0.0
176
     1
 40
1.0
176
     1
 90
        0
176
     1
 62
    18
420
        0
176
     1
 90
       50
176
     1
 90
        3
176
     1
 62
     5
420
      255
176
     1
290
     0
176
     1
 90
       50
176
     1
 90
       50
176
     1
 90
       50
176
     1
290
     0
176
     1
 90
       50
176
     1
 62
   256
176
     0
 40
1.0
176
     0
 90
        2
176
     1
  1
strokes_ogs.tif
176
     1
290
     0
176
     1
 40
1.0
176
     1
 40
1.0
176
     1
1001
ACAD
1000
AcDbSavedByObjectVersion
1070
     0
  0
VISUALSTYLE
  5
2E
102
{ACAD_REACTORS
330
29
102
}
330
29
100
AcDbVisualStyle
  2
Basic
 70
     7
177
     3
291
     1
 70
    58
 90
        1
176
     1
 90
        0
176
     1
 90
        1
176
     1
 90
        0
176
     1
 40
0.6
176
     1
 40
30.0
176
     1
 62
     7
420
 16777215
176
     1
 90
        0
176
     1
 90
        4
176
     1
 62
     7
176
     1
 62
   257
176
     1
 90
        1
176
     1
 90
        1
176
     1
 40
1.0
176
     1
 90
        8
176
     1
 62
     7
176
     1
 40
1.0
176
     1
 90
        1
176
     1
 90
        6
176
     1
 90
        2
176
     1
 62
     7
176
     1
 90
        5
176
     1
 90
        0
176
     1
 90
        0
176
     1
290
     0
176
     1
 90
        1
176
     1
 40
0.0
176
     1
 90
        0
176
     1
290
     0
176
     1
290
     1
176
     1
290
     1
176
     1
290
     0
176
     1
290
     0
176
     1
290
     0
176
     1
290
     0
176
     1
290
     0
176
     1
290
     0
176
     1
 90
       50
176
     1
 40
0.0
176
     1
 40
1.0
176
     1
 90
        0
176
     1
 62
    18
420
        0
176
     1
 90
       50
176
     1
 90
        3
176
     1
 62
     5
420
      255
176
     1
290
     0
176
     1
 90
       50
176
     1
 90
       50
176
     1
 90
       50
176
     1
290
     0
176
     1
 90
       50
176
     1
 62
   256
176
     0
 40
1.0
176
     0
 90
        2
176
     1
  1
strokes_ogs.tif
176
     1
290
     0
176
     1
 40
1.0
176
     1
 40
1.0
176
     1
1001
ACAD
1000
AcDbSavedByObjectVersion
1070
     0
  0
VISUALSTYLE
  5
35
102
{ACAD_REACTORS
330
29
102
}
330
29
100
AcDbVisualStyle
  2
Brighten
 70
    12
177
     3
291
     1
 70
    58
 90
        2
176
     1
 90
        2
176
     1
 90
        0
176
     1
 90
        0
176
     1
 40
0.6
176
     1
 40
30.0
176
     1
 62
     7
420
 16777215
176
     1
 90
        1
176
     1
 90
        4
176
     1
 62
     7
176
     1
 62
   257
176
     1
 90
        1
176
     1
 90
        1
176
     1
 40
1.0
176
     1
 90
        8
176
     1
 62
     7
176
     1
 40
1.0
176
     1
 90
        1
176
     1
 90
        6
176
     1
 90
        2
176
     1
 62
     7
176
     1
 90
        5
176
     1
 90
        0
176
     1
 90
        0
176
     1
290
     0
176
     1
 90
        1
176
     1
 40
50.0
176
     1
 90
        0
176
     1
290
     0
176
     1
290
     1
176
     1
290
     1
176
     1
290
     0
176
     1
290
     0
176
     1
290
     0
176
     1
290
     0
176
     1
290
     0
176
     1
290
     0
176
     1
 90
       50
176
     1
 40
0.0
176
     1
 40
1.0
176
     1
 90
        0
176
     1
 62
    18
420
        0
176
     1
 90
       50
176
     1
 90
        3
176
     1
 62
     5
420
      255
176
     1
290
     0
176
     1
 90
       50
176
     1
 90
       50
176
     1
 90
       50
176
     1
290
     0
176
     1
 90
       50
176
     1
 62
   256
176
     0
 40
1.0
176
     0
 90
        2
176
     1
  1
strokes_ogs.tif
176
     1
290
     0
176
     1
 40
1.0
176
     1
 40
1.0
176
     1
1001
ACAD
1000
AcDbSavedByObjectVersion
1070
     0
  0
VISUALSTYLE
  5
39
102
{ACAD_REACTORS
330
29
102
}
330
29
100
AcDbVisualStyle
  2
ColorChange
 70
    16
177
     3
291
     1
 70
    58
 90
        2
176
     1
 90
        2
176
     1
 90
        3
176
     1
 90
        0
176
     1
 40
0.6
176
     1
 40
30.0
176
     1
 62
     8
420
  8421504
176
     1
 90
        1
176
     1
 90
        4
176
     1
 62
     7
176
     1
 62
   257
176
     1
 90
        1
176
     1
 90
        1
176
     1
 40
1.0
176
     1
 90
        8
176
     1
 62
     8
420
  8421504
176
     1
 40
1.0
176
     1
 90
        1
176
     1
 90
        6
176
     1
 90
        2
176
     1
 62
     7
176
     1
 90
        5
176
     1
 90
        0
176
     1
 90
        0
176
     1
290
     0
176
     1
 90
        1
176
     1
 40
0.0
176
     1
 90
        0
176
     1
290
     0
176
     1
290
     1
176
     1
290
     1
176
     1
290
     0
176
     1
290
     0
176
     1
290
     0
176
     1
290
     0
176
     1
290
     0
176
     1
290
     0
176
     1
 90
       50
176
     1
 40
0.0
176
     1
 40
1.0
176
     1
 90
        0
176
     1
 62
    18
420
        0
176
     1
 90
       50
176
     1
 90
        3
176
     1
 62
     5
420
      255
176
     1
290
     0
176
     1
 90
       50
176
     1
 90
       50
176
     1
 90
       50
176
     1
290
     0
176
     1
 90
       50
176
     1
 62
   256
176
     0
 40
1.0
176
     0
 90
        2
176
     1
  1
strokes_ogs.tif
176
     1
290
     0
176
     1
 40
1.0
176
     1
 40
1.0
176
     1
1001
ACAD
1000
AcDbSavedByObjectVersion
1070
     0
  0
VISUALSTYLE
  5
32
102
{ACAD_REACTORS
330
29
102
}
330
29
100
AcDbVisualStyle
  2
Conceptual
 70
     9
177
     3
291
     0
 70
    58
 90
        3
176
     1
 90
        2
176
     1
 90
        0
176
     1
 90
        0
176
     1
 40
0.6
176
     1
 40
30.0
176
     1
 62
     7
420
 16777215
176
     1
 90
        2
176
     1
 90
        2
176
     1
 62
     7
176
     1
 62
   257
176
     1
 90
        1
176
     1
 90
        1
176
     1
 40
179.0
176
     1
 90
        8
176
     1
 62
     7
176
     1
 40
1.0
176
     1
 90
        1
176
     1
 90
        6
176
     1
 90
        2
176
     1
 62
     7
176
     1
 90
        3
176
     1
 90
        0
176
     1
 90
        0
176
     1
290
     0
176
     1
 90
        1
176
     1
 40
0.0
176
     1
 90
        0
176
     1
290
     0
176
     1
290
     1
176
     1
290
     1
176
     1
290
     0
176
     1
290
     0
176
     1
290
     0
176
     1
290
     0
176
     1
290
     0
176
     1
290
     0
176
     1
 90
       50
176
     1
 40
0.0
176
     1
 40
1.0
176
     1
 90
        0
176
     1
 62
    18
420
        0
176
     1
 90
       50
176
     1
 90
        3
176
     1
 62
     5
420
      255
176
     1
290
     0
176
     1
 90
       50
176
     1
 90
       50
176
     1
 90
       50
176
     1
290
     0
176
     1
 90
       50
176
     1
 62
   256
176
     0
 40
1.0
176
     0
 90
        2
176
     1
  1
strokes_ogs.tif
176
     1
290
     0
176
     1
 40
1.0
176
     1
 40
1.0
176
     1
1001
ACAD
1000
AcDbSavedByObjectVersion
1070
     0
  0
VISUALSTYLE
  5
34
102
{ACAD_REACTORS
330
29
102
}
330
29
100
AcDbVisualStyle
  2
Dim
 70
    11
177
     3
291
     1
 70
    58
 90
        2
176
     1
 90
        2
176
     1
 90
        0
176
     1
 90
        0
176
     1
 40
0.6
176
     1
 40
30.0
176
     1
 62
     7
420
 16777215
176
     1
 90
        1
176
     1
 90
        4
176
     1
 62
     7
176
     1
 62
   257
176
     1
 90
        1
176
     1
 90
        1
176
     1
 40
1.0
176
     1
 90
        8
176
     1
 62
     7
176
     1
 40
1.0
176
     1
 90
        1
176
     1
 90
        6
176
     1
 90
        2
176
     1
 62
     7
176
     1
 90
        5
176
     1
 90
        0
176
     1
 90
        0
176
     1
290
     0
176
     1
 90
        1
176
     1
 40
-50.0
176
     1
 90
        0
176
     1
290
     0
176
     1
290
     1
176
     1
290
     1
176
     1
290
     0
176
     1
290
     0
176
     1
290
     0
176
     1
290
     0
176
     1
290
     0
176
     1
290
     0
176
     1
 90
       50
176
     1
 40
0.0
176
     1
 40
1.0
176
     1
 90
        0
176
     1
 62
    18
420
        0
176
     1
 90
       50
176
     1
 90
        3
176
     1
 62
     5
420
      255
176
     1
290
     0
176
     1
 90
       50
176
     1
 90
       50
176
     1
 90
       50
176
     1
290
     0
176
     1
 90
       50
176
     1
 62
   256
176
     0
 40
1.0
176
     0
 90
        2
176
     1
  1
strokes_ogs.tif
176
     1
290
     0
176
     1
 40
1.0
176
     1
 40
1.0
176
     1
1001
ACAD
1000
AcDbSavedByObjectVersion
1070
     0
  0
VISUALSTYLE
  5
41
102
{ACAD_REACTORS
330
29
102
}
330
29
100
AcDbVisualStyle
  2
EdgeColorOff
 70
    22
177
     3
291
     1
 70
    58
 90
        2
176
     0
 90
        2
176
     0
 90
        0
176
     0
 90
        0
176
     0
 40
0.6
176
     0
 40
30.0
176
     0
 62
     7
420
 16777215
176
     0
 90
        1
176
     0
 90
        4
176
     0
 62
     7
176
     0
 62
   257
176
     0
 90
        1
176
     0
 90
        1
176
     0
 40
1.0
176
     0
 90
        8
176
     2
 62
     7
176
     0
 40
1.0
176
     0
 90
        1
176
     0
 90
        6
176
     0
 90
        2
176
     0
 62
     7
176
     0
 90
        5
176
     0
 90
        0
176
     0
 90
        0
176
     0
290
     0
176
     0
 90
        1
176
     0
 40
0.0
176
     0
 90
        0
176
     0
290
     0
176
     0
290
     1
176
     0
290
     1
176
     0
290
     0
176
     0
290
     0
176
     0
290
     0
176
     0
290
     0
176
     0
290
     0
176
     0
290
     0
176
     0
 90
       50
176
     0
 40
0.0
176
     0
 40
1.0
176
     0
 90
        0
176
     0
 62
    18
420
        0
176
     0
 90
       50
176
     0
 90
        3
176
     0
 62
     5
420
      255
176
     0
290
     0
176
     0
 90
       50
176
     0
 90
       50
176
     0
 90
       50
176
     0
290
     0
176
     0
 90
       50
176
     0
 62
   256
176
     0
 40
1.0
176
     0
 90
        2
176
     0
  1
strokes_ogs.tif
176
     0
290
     0
176
     0
 40
1.0
176
     0
 40
1.0
176
     0
1001
ACAD
1000
AcDbSavedByObjectVersion
1070
     0
  0
VISUALSTYLE
  5
38
102
{ACAD_REACTORS
330
29
102
}
330
29
100
AcDbVisualStyle
  2
Facepattern
 70
    15
177
     3
291
     1
 70
    58
 90
        2
176
     1
 90
        2
176
     1
 90
        0
176
     1
 90
        0
176
     1
 40
0.6
176
     1
 40
30.0
176
     1
 62
     7
420
 16777215
176
     1
 90
        1
176
     1
 90
        4
176
     1
 62
     7
176
     1
 62
   257
176
     1
 90
        1
176
     1
 90
        1
176
     1
 40
1.0
176
     1
 90
        8
176
     1
 62
     7
176
     1
 40
1.0
176
     1
 90
        1
176
     1
 90
        6
176
     1
 90
        2
176
     1
 62
     7
176
     1
 90
        5
176
     1
 90
        0
176
     1
 90
        0
176
     1
290
     0
176
     1
 90
        1
176
     1
 40
0.0
176
     1
 90
        0
176
     1
290
     0
176
     1
290
     1
176
     1
290
     1
176
     1
290
     0
176
     1
290
     0
176
     1
290
     0
176
     1
290
     0
176
     1
290
     0
176
     1
290
     0
176
     1
 90
       50
176
     1
 40
0.0
176
     1
 40
1.0
176
     1
 90
        0
176
     1
 62
    18
420
        0
176
     1
 90
       50
176
     1
 90
        3
176
     1
 62
     5
420
      255
176
     1
290
     0
176
     1
 90
       50
176
     1
 90
       50
176
     1
 90
       50
176
     1
290
     0
176
     1
 90
       50
176
     1
 62
   256
176
     0
 40
1.0
176
     0
 90
        2
176
     1
  1
strokes_ogs.tif
176
     1
290
     0
176
     1
 40
1.0
176
     1
 40
1.0
176
     1
1001
ACAD
1000
AcDbSavedByObjectVersion
1070
     0
  0
VISUALSTYLE
  5
2A
102
{ACAD_REACTORS
330
29
102
}
330
29
100
AcDbVisualStyle
  2
Flat
 70
     0
177
     3
291
     1
 70
    58
 90
        2
176
     1
 90
        1
176
     1
 90
        1
176
     1
 90
        2
176
     1
 40
0.6
176
     1
 40
30.0
176
     1
 62
     7
420
 16777215
176
     1
 90
        0
176
     1
 90
        0
176
     1
 62
     7
176
     1
 62
   257
176
     1
 90
        1
176
     1
 90
        1
176
     1
 40
1.0
176
     1
 90
        8
176
     1
 62
     7
176
     1
 40
1.0
176
     1
 90
        1
176
     1
 90
        6
176
     1
 90
        2
176
     1
 62
     7
176
     1
 90
        5
176
     1
 90
        0
176
     1
 90
        0
176
     1
290
     0
176
     1
 90
       13
176
     1
 40
0.0
176
     1
 90
        0
176
     1
290
     0
176
     1
290
     1
176
     1
290
     1
176
     1
290
     0
176
     1
290
     0
176
     1
290
     0
176
     1
290
     0
176
     1
290
     0
176
     1
290
     0
176
     1
 90
       50
176
     1
 40
0.0
176
     1
 40
1.0
176
     1
 90
        0
176
     1
 62
    18
420
        0
176
     1
 90
       50
176
     1
 90
        3
176
     1
 62
     5
420
      255
176
     1
290
     0
176
     1
 90
       50
176
     1
 90
       50
176
     1
 90
       50
176
     1
290
     0
176
     1
 90
       50
176
     1
 62
   256
176
     0
 40
1.0
176
     0
 90
        2
176
     1
  1
strokes_ogs.tif
176
     1
290
     0
176
     1
 40
1.0
176
     1
 40
1.0
176
     1
1001
ACAD
1000
AcDbSavedByObjectVersion
1070
     0
  0
VISUALSTYLE
  5
2B
102
{ACAD_REACTORS
330
29
102
}
330
29
100
AcDbVisualStyle
  2
FlatWithEdges
 70
     1
177
     3
291
     1
 70
    58
 90
        2
176
     1
 90
        1
176
     1
 90
        1
176
     1
 90
        2
176
     1
 40
0.6
176
     1
 40
30.0
176
     1
 62
     7
420
 16777215
176
     1
 90
        1
176
     1
 90
        0
176
     1
 62
     7
176
     1
 62
   257
176
     1
 90
        1
176
     1
 90
        1
176
     1
 40
1.0
176
     1
 90
        0
176
     1
 62
   257
176
     1
 40
1.0
176
     1
 90
        1
176
     1
 90
        6
176
     1
 90
        2
176
     1
 62
     7
176
     1
 90
        5
176
     1
 90
        0
176
     1
 90
        0
176
     1
290
     0
176
     1
 90
       13
176
     1
 40
0.0
176
     1
 90
        0
176
     1
290
     0
176
     1
290
     1
176
     1
290
     1
176
     1
290
     0
176
     1
290
     0
176
     1
290
     0
176
     1
290
     0
176
     1
290
     0
176
     1
290
     0
176
     1
 90
       50
176
     1
 40
0.0
176
     1
 40
1.0
176
     1
 90
        0
176
     1
 62
    18
420
        0
176
     1
 90
       50
176
     1
 90
        3
176
     1
 62
     5
420
      255
176
     1
290
     0
176
     1
 90
       50
176
     1
 90
       50
176
     1
 90
       50
176
     1
290
     0
176
     1
 90
       50
176
     1
 62
   256
176
     0
 40
1.0
176
     0
 90
        2
176
     1
  1
strokes_ogs.tif
176
     1
290
     0
176
     1
 40
1.0
176
     1
 40
1.0
176
     1
1001
ACAD
1000
AcDbSavedByObjectVersion
1070
     0
  0
VISUALSTYLE
  5
2C
102
{ACAD_REACTORS
330
29
102
}
330
29
100
AcDbVisualStyle
  2
Gouraud
 70
     2
177
     3
291
     1
 70
    58
 90
        2
176
     1
 90
        2
176
     1
 90
        1
176
     1
 90
        2
176
     1
 40
0.6
176
     1
 40
30.0
176
     1
 62
     7
420
 16777215
176
     1
 90
        0
176
     1
 90
        0
176
     1
 62
     7
176
     1
 62
   257
176
     1
 90
        1
176
     1
 90
        1
176
     1
 40
1.0
176
     1
 90
        0
176
     1
 62
     7
176
     1
 40
1.0
176
     1
 90
        1
176
     1
 90
        6
176
     1
 90
        2
176
     1
 62
     7
176
     1
 90
        5
176
     1
 90
        0
176
     1
 90
        0
176
     1
290
     0
176
     1
 90
       13
176
     1
 40
0.0
176
     1
 90
        0
176
     1
290
     0
176
     1
290
     1
176
     1
290
     1
176
     1
290
     0
176
     1
290
     0
176
     1
290
     0
176
     1
290
     0
176
     1
290
     0
176
     1
290
     0
176
     1
 90
       50
176
     1
 40
0.0
176
     1
 40
1.0
176
     1
 90
        0
176
     1
 62
    18
420
        0
176
     1
 90
       50
176
     1
 90
        3
176
     1
 62
     5
420
      255
176
     1
290
     0
176
     1
 90
       50
176
     1
 90
       50
176
     1
 90
       50
176
     1
290
     0
176
     1
 90
       50
176
     1
 62
   256
176
     0
 40
1.0
176
     0
 90
        2
176
     1
  1
strokes_ogs.tif
176
     1
290
     0
176
     1
 40
1.0
176
     1
 40
1.0
176
     1
1001
ACAD
1000
AcDbSavedByObjectVersion
1070
     0
  0
VISUALSTYLE
  5
2D
102
{ACAD_REACTORS
330
29
102
}
330
29
100
AcDbVisualStyle
  2
GouraudWithEdges
 70
     3
177
     3
291
     1
 70
    58
 90
        2
176
     1
 90
        2
176
     1
 90
        1
176
     1
 90
        2
176
     1
 40
0.6
176
     1
 40
30.0
176
     1
 62
     7
420
 16777215
176
     1
 90
        1
176
     1
 90
        0
176
     1
 62
     7
176
     1
 62
   257
176
     1
 90
        1
176
     1
 90
        1
176
     1
 40
1.0
176
     1
 90
        0
176
     1
 62
   257
176
     1
 40
1.0
176
     1
 90
        1
176
     1
 90
        6
176
     1
 90
        2
176
     1
 62
     7
176
     1
 90
        5
176
     1
 90
        0
176
     1
 90
        0
176
     1
290
     0
176
     1
 90
       13
176
     1
 40
0.0
176
     1
 90
        0
176
     1
290
     0
176
     1
290
     1
176
     1
290
     1
176
     1
290
     0
176
     1
290
     0
176
     1
290
     0
176
     1
290
     0
176
     1
290
     0
176
     1
290
     0
176
     1
 90
       50
176
     1
 40
0.0
176
     1
 40
1.0
176
     1
 90
        0
176
     1
 62
    18
420
        0
176
     1
 90
       50
176
     1
 90
        3
176
     1
 62
     5
420
      255
176
     1
290
     0
176
     1
 90
       50
176
     1
 90
       50
176
     1
 90
       50
176
     1
290
     0
176
     1
 90
       50
176
     1
 62
   256
176
     0
 40
1.0
176
     0
 90
        2
176
     1
  1
strokes_ogs.tif
176
     1
290
     0
176
     1
 40
1.0
176
     1
 40
1.0
176
     1
1001
ACAD
1000
AcDbSavedByObjectVersion
1070
     0
  0
VISUALSTYLE
  5
31
102
{ACAD_REACTORS
330
29
102
}
330
29
100
AcDbVisualStyle
  2
Hidden
 70
     6
177
     3
291
     0
 70
    58
 90
        1
176
     1
 90
        2
176
     1
 90
        2
176
     1
 90
        0
176
     1
 40
0.6
176
     1
 40
30.0
176
     1
 62
     7
420
 16777215
176
     1
 90
        2
176
     1
 90
        2
176
     1
 62
     7
176
     1
 62
   257
176
     1
 90
        2
176
     1
 90
        1
176
     1
 40
40.0
176
     1
 90
        0
176
     1
 62
   257
176
     1
 40
1.0
176
     1
 90
        1
176
     1
 90
        6
176
     1
 90
        2
176
     1
 62
     7
176
     1
 90
        3
176
     1
 90
        0
176
     1
 90
        0
176
     1
290
     0
176
     1
 90
        1
176
     1
 40
0.0
176
     1
 90
        0
176
     1
290
     0
176
     1
290
     1
176
     1
290
     1
176
     1
290
     0
176
     1
290
     0
176
     1
290
     0
176
     1
290
     0
176
     1
290
     0
176
     1
290
     0
176
     1
 90
       50
176
     1
 40
0.0
176
     1
 40
1.0
176
     1
 90
        0
176
     1
 62
    18
420
        0
176
     1
 90
       50
176
     1
 90
        3
176
     1
 62
     5
420
      255
176
     1
290
     0
176
     1
 90
       50
176
     1
 90
       50
176
     1
 90
       50
176
     1
290
     0
176
     1
 90
       50
176
     1
 62
   256
176
     0
 40
1.0
176
     0
 90
        2
176
     1
  1
strokes_ogs.tif
176
     1
290
     0
176
     1
 40
1.0
176
     1
 40
1.0
176
     1
1001
ACAD
1000
AcDbSavedByObjectVersion
1070
     0
  0
VISUALSTYLE
  5
3F
102
{ACAD_REACTORS
330
29
102
}
330
29
100
AcDbVisualStyle
  2
JitterOff
 70
    20
177
     3
291
     1
 70
    58
 90
        2
176
     0
 90
        2
176
     0
 90
        0
176
     0
 90
        0
176
     0
 40
0.6
176
     0
 40
30.0
176
     0
 62
     7
420
 16777215
176
     0
 90
        1
176
     0
 90
        4
176
     0
 62
     7
176
     0
 62
   257
176
     0
 90
        1
176
     0
 90
        1
176
     0
 40
1.0
176
     0
 90
       10
176
     2
 62
     7
176
     0
 40
1.0
176
     0
 90
        1
176
     0
 90
        6
176
     0
 90
        2
176
     0
 62
     7
176
     0
 90
        5
176
     0
 90
        0
176
     0
 90
        0
176
     0
290
     0
176
     0
 90
        1
176
     0
 40
0.0
176
     0
 90
        0
176
     0
290
     0
176
     0
290
     1
176
     0
290
     1
176
     0
290
     0
176
     0
290
     0
176
     0
290
     0
176
     0
290
     0
176
     0
290
     0
176
     0
290
     0
176
     0
 90
       50
176
     0
 40
0.0
176
     0
 40
1.0
176
     0
 90
        0
176
     0
 62
    18
420
        0
176
     0
 90
       50
176
     0
 90
        3
176
     0
 62
     5
420
      255
176
     0
290
     0
176
     0
 90
       50
176
     0
 90
       50
176
     0
 90
       50
176
     0
290
     0
176
     0
 90
       50
176
     0
 62
   256
176
     0
 40
1.0
176
     0
 90
        2
176
     0
  1
strokes_ogs.tif
176
     0
290
     0
176
     0
 40
1.0
176
     0
 40
1.0
176
     0
1001
ACAD
1000
AcDbSavedByObjectVersion
1070
     0
  0
VISUALSTYLE
  5
37
102
{ACAD_REACTORS
330
29
102
}
330
29
100
AcDbVisualStyle
  2
Linepattern
 70
    14
177
     3
291
     1
 70
    58
 90
        2
176
     1
 90
        2
176
     1
 90
        0
176
     1
 90
        0
176
     1
 40
0.6
176
     1
 40
30.0
176
     1
 62
     7
420
 16777215
176
     1
 90
        1
176
     1
 90
        4
176
     1
 62
     7
176
     1
 62
   257
176
     1
 90
        7
176
     1
 90
        7
176
     1
 40
1.0
176
     1
 90
        8
176
     1
 62
     7
176
     1
 40
1.0
176
     1
 90
        1
176
     1
 90
        6
176
     1
 90
        2
176
     1
 62
     7
176
     1
 90
        5
176
     1
 90
        0
176
     1
 90
        0
176
     1
290
     0
176
     1
 90
        1
176
     1
 40
0.0
176
     1
 90
        0
176
     1
290
     0
176
     1
290
     1
176
     1
290
     1
176
     1
290
     0
176
     1
290
     0
176
     1
290
     0
176
     1
290
     0
176
     1
290
     0
176
     1
290
     0
176
     1
 90
       50
176
     1
 40
0.0
176
     1
 40
1.0
176
     1
 90
        0
176
     1
 62
    18
420
        0
176
     1
 90
       50
176
     1
 90
        3
176
     1
 62
     5
420
      255
176
     1
290
     0
176
     1
 90
       50
176
     1
 90
       50
176
     1
 90
       50
176
     1
290
     0
176
     1
 90
       50
176
     1
 62
   256
176
     0
 40
1.0
176
     0
 90
        2
176
     1
  1
strokes_ogs.tif
176
     1
290
     0
176
     1
 40
1.0
176
     1
 40
1.0
176
     1
1001
ACAD
1000
AcDbSavedByObjectVersion
1070
     0
  0
VISUALSTYLE
  5
40
102
{ACAD_REACTORS
330
29
102
}
330
29
100
AcDbVisualStyle
  2
OverhangOff
 70
    21
177
     3
291
     1
 70
    58
 90
        2
176
     0
 90
        2
176
     0
 90
        0
176
     0
 90
        0
176
     0
 40
0.6
176
     0
 40
30.0
176
     0
 62
     7
420
 16777215
176
     0
 90
        1
176
     0
 90
        4
176
     0
 62
     7
176
     0
 62
   257
176
     0
 90
        1
176
     0
 90
        1
176
     0
 40
1.0
176
     0
 90
        9
176
     2
 62
     7
176
     0
 40
1.0
176
     0
 90
        1
176
     0
 90
        6
176
     0
 90
        2
176
     0
 62
     7
176
     0
 90
        5
176
     0
 90
        0
176
     0
 90
        0
176
     0
290
     0
176
     0
 90
        1
176
     0
 40
0.0
176
     0
 90
        0
176
     0
290
     0
176
     0
290
     1
176
     0
290
     1
176
     0
290
     0
176
     0
290
     0
176
     0
290
     0
176
     0
290
     0
176
     0
290
     0
176
     0
290
     0
176
     0
 90
       50
176
     0
 40
0.0
176
     0
 40
1.0
176
     0
 90
        0
176
     0
 62
    18
420
        0
176
     0
 90
       50
176
     0
 90
        3
176
     0
 62
     5
420
      255
176
     0
290
     0
176
     0
 90
       50
176
     0
 90
       50
176
     0
 90
       50
176
     0
290
     0
176
     0
 90
       50
176
     0
 62
   256
176
     0
 40
1.0
176
     0
 90
        2
176
     0
  1
strokes_ogs.tif
176
     0
290
     0
176
     0
 40
1.0
176
     0
 40
1.0
176
     0
1001
ACAD
1000
AcDbSavedByObjectVersion
1070
     0
  0
VISUALSTYLE
  5
33
102
{ACAD_REACTORS
330
29
102
}
330
29
100
AcDbVisualStyle
  2
Realistic
 70
     8
177
     3
291
     0
 70
    58
 90
        2
176
     1
 90
        3
176
     1
 90
        0
176
     1
 90
        2
176
     1
 40
0.6
176
     1
 40
30.0
176
     1
 62
     7
420
 16777215
176
     1
 90
        0
176
     1
 90
        0
176
     1
 62
     7
176
     1
 62
   257
176
     1
 90
        1
176
     1
 90
        1
176
     1
 40
1.0
176
     1
 90
        8
176
     1
 62
   257
176
     1
 40
1.0
176
     1
 90
        1
176
     1
 90
        6
176
     1
 90
        2
176
     1
 62
     7
176
     1
 90
        3
176
     1
 90
        0
176
     1
 90
        0
176
     1
290
     0
176
     1
 90
       13
176
     1
 40
0.0
176
     1
 90
        0
176
     1
290
     0
176
     1
290
     1
176
     1
290
     1
176
     1
290
     0
176
     1
290
     0
176
     1
290
     0
176
     1
290
     0
176
     1
290
     0
176
     1
290
     0
176
     1
 90
       50
176
     1
 40
0.0
176
     1
 40
1.0
176
     1
 90
        0
176
     1
 62
    18
420
        0
176
     1
 90
       50
176
     1
 90
        3
176
     1
 62
     5
420
      255
176
     1
290
     0
176
     1
 90
       50
176
     1
 90
       50
176
     1
 90
       50
176
     1
290
     0
176
     1
 90
       50
176
     1
 62
   256
176
     0
 40
1.0
176
     0
 90
        2
176
     1
  1
strokes_ogs.tif
176
     1
290
     0
176
     1
 40
1.0
176
     1
 40
1.0
176
     1
1001
ACAD
1000
AcDbSavedByObjectVersion
1070
     0
  0
VISUALSTYLE
  5
3E
102
{ACAD_REACTORS
330
29
102
}
330
29
100
AcDbVisualStyle
  2
Shaded
 70
    27
177
     3
291
     0
 70
    58
 90
        2
176
     1
 90
        2
176
     1
 90
        1
176
     1
 90
        2
176
     1
 40
0.6
176
     1
 40
30.0
176
     1
 62
     7
420
 16777215
176
     1
 90
        0
176
     1
 90
        4
176
     1
 62
     7
176
     1
 62
   257
176
     1
 90
        1
176
     1
 90
        1
176
     1
 40
1.0
176
     1
 90
        8
176
     1
 62
   257
176
     1
 40
1.0
176
     1
 90
        1
176
     1
 90
        6
176
     1
 90
        2
176
     1
 62
     8
420
  7895160
176
     1
 90
        3
176
     1
 90
        0
176
     1
 90
        0
176
     1
290
     0
176
     1
 90
        5
176
     1
 40
0.0
176
     1
 90
        0
176
     1
290
     0
176
     1
290
     1
176
     1
290
     1
176
     1
290
     0
176
     1
290
     0
176
     1
290
     0
176
     1
290
     0
176
     1
290
     0
176
     1
290
     0
176
     1
 90
       50
176
     1
 40
0.0
176
     1
 40
1.0
176
     1
 90
        0
176
     1
 62
    18
420
        0
176
     1
 90
       50
176
     1
 90
        3
176
     1
 62
     5
420
      255
176
     1
290
     0
176
     1
 90
       50
176
     1
 90
       50
176
     1
 90
       50
176
     1
290
     0
176
     1
 90
       50
176
     1
 62
   256
176
     0
 40
1.0
176
     0
 90
        2
176
     1
  1
strokes_ogs.tif
176
     1
290
     0
176
     1
 40
1.0
176
     1
 40
1.0
176
     1
1001
ACAD
1000
AcDbSavedByObjectVersion
1070
     0
  0
VISUALSTYLE
  5
3D
102
{ACAD_REACTORS
330
29
102
}
330
29
100
AcDbVisualStyle
  2
Shaded with edges
 70
    26
177
     3
291
     0
 70
    58
 90
        2
176
     1
 90
        2
176
     1
 90
        1
176
     1
 90
        2
176
     1
 40
0.6
176
     1
 40
30.0
176
     1
 62
     7
420
 16777215
176
     1
 90
        1
176
     1
 90
        2
176
     1
 62
     7
176
     1
 62
   257
176
     1
 90
        2
176
     1
 90
        1
176
     1
 40
1.0
176
     1
 90
        8
176
     1
 62
   257
176
     1
 40
1.0
176
     1
 90
        1
176
     1
 90
        6
176
     1
 90
        2
176
     1
 62
     7
176
     1
 90
        3
176
     1
 90
        0
176
     1
 90
        0
176
     1
290
     0
176
     1
 90
        5
176
     1
 40
0.0
176
     1
 90
        0
176
     1
290
     0
176
     1
290
     1
176
     1
290
     1
176
     1
290
     0
176
     1
290
     0
176
     1
290
     0
176
     1
290
     0
176
     1
290
     0
176
     1
290
     0
176
     1
 90
       50
176
     1
 40
0.0
176
     1
 40
1.0
176
     1
 90
        0
176
     1
 62
    18
420
        0
176
     1
 90
       50
176
     1
 90
        3
176
     1
 62
     5
420
      255
176
     1
290
     0
176
     1
 90
       50
176
     1
 90
       50
176
     1
 90
       50
176
     1
290
     0
176
     1
 90
       50
176
     1
 62
   256
176
     0
 40
1.0
176
     0
 90
        2
176
     1
  1
strokes_ogs.tif
176
     1
290
     0
176
     1
 40
1.0
176
     1
 40
1.0
176
     1
1001
ACAD
1000
AcDbSavedByObjectVersion
1070
     0
  0
VISUALSTYLE
  5
3A
102
{ACAD_REACTORS
330
29
102
}
330
29
100
AcDbVisualStyle
  2
Shades of Gray
 70
    23
177
     3
291
     0
 70
    58
 90
        2
176
     1
 90
        2
176
     1
 90
        3
176
     1
 90
        0
176
     1
 40
0.6
176
     1
 40
30.0
176
     1
 62
     7
420
 16777215
176
     1
 90
        2
176
     1
 90
        2
176
     1
 62
     7
176
     1
 62
     7
176
     1
 90
        1
176
     1
 90
        1
176
     1
 40
40.0
176
     1
 90
        8
176
     1
 62
     7
176
     1
 40
1.0
176
     1
 90
        1
176
     1
 90
        6
176
     1
 90
        2
176
     1
 62
     7
176
     1
 90
        3
176
     1
 90
        0
176
     1
 90
        0
176
     1
290
     0
176
     1
 90
        1
176
     1
 40
0.0
176
     1
 90
        0
176
     1
290
     0
176
     1
290
     1
176
     1
290
     1
176
     1
290
     0
176
     1
290
     0
176
     1
290
     0
176
     1
290
     0
176
     1
290
     0
176
     1
290
     0
176
     1
 90
       50
176
     1
 40
0.0
176
     1
 40
1.0
176
     1
 90
        0
176
     1
 62
    18
420
        0
176
     1
 90
       50
176
     1
 90
        3
176
     1
 62
     5
420
      255
176
     1
290
     0
176
     1
 90
       50
176
     1
 90
       50
176
     1
 90
       50
176
     1
290
     0
176
     1
 90
       50
176
     1
 62
   256
176
     0
 40
1.0
176
     0
 90
        2
176
     1
  1
strokes_ogs.tif
176
     1
290
     0
176
     1
 40
1.0
176
     1
 40
1.0
176
     1
1001
ACAD
1000
AcDbSavedByObjectVersion
1070
     0
  0
VISUALSTYLE
  5
3B
102
{ACAD_REACTORS
330
29
102
}
330
29
100
AcDbVisualStyle
  2
Sketchy
 70
    24
177
     3
291
     0
 70
    58
 90
        1
176
     1
 90
        2
176
     1
 90
        2
176
     1
 90
        0
176
     1
 40
0.6
176
     1
 40
30.0
176
     1
 62
     7
420
 16777215
176
     1
 90
        2
176
     1
 90
        2
176
     1
 62
     7
176
     1
 62
     7
176
     1
 90
        1
176
     1
 90
        1
176
     1
 40
40.0
176
     1
 90
       11
176
     1
 62
     7
176
     1
 40
1.0
176
     1
 90
        1
176
     1
 90
        6
176
     1
 90
        2
176
     1
 62
     7
176
     1
 90
        6
176
     1
 90
        0
176
     1
 90
        0
176
     1
290
     0
176
     1
 90
        1
176
     1
 40
0.0
176
     1
 90
        0
176
     1
290
     0
176
     1
290
     1
176
     1
290
     1
176
     1
290
     0
176
     1
290
     0
176
     1
290
     0
176
     1
290
     0
176
     1
290
     0
176
     1
290
     0
176
     1
 90
       50
176
     1
 40
0.0
176
     1
 40
1.0
176
     1
 90
        0
176
     1
 62
    18
420
        0
176
     1
 90
       50
176
     1
 90
        3
176
     1
 62
     5
420
      255
176
     1
290
     0
176
     1
 90
       50
176
     1
 90
       50
176
     1
 90
       50
176
     1
290
     0
176
     1
 90
       50
176
     1
 62
   256
176
     0
 40
1.0
176
     0
 90
        2
176
     1
  1
strokes_ogs.tif
176
     1
290
     0
176
     1
 40
1.0
176
     1
 40
1.0
176
     1
1001
ACAD
1000
AcDbSavedByObjectVersion
1070
     0
  0
VISUALSTYLE
  5
36
102
{ACAD_REACTORS
330
29
102
}
330
29
100
AcDbVisualStyle
  2
Thicken
 70
    13
177
     3
291
     1
 70
    58
 90
        2
176
     1
 90
        2
176
     1
 90
        0
176
     1
 90
        0
176
     1
 40
0.6
176
     1
 40
30.0
176
     1
 62
     7
420
 16777215
176
     1
 90
        1
176
     1
 90
        4
176
     1
 62
     7
176
     1
 62
   257
176
     1
 90
        1
176
     1
 90
        1
176
     1
 40
1.0
176
     1
 90
       12
176
     1
 62
     7
176
     1
 40
1.0
176
     1
 90
        1
176
     1
 90
        6
176
     1
 90
        2
176
     1
 62
     7
176
     1
 90
        5
176
     1
 90
        0
176
     1
 90
        0
176
     1
290
     0
176
     1
 90
        1
176
     1
 40
0.0
176
     1
 90
        0
176
     1
290
     0
176
     1
290
     1
176
     1
290
     1
176
     1
290
     0
176
     1
290
     0
176
     1
290
     0
176
     1
290
     0
176
     1
290
     0
176
     1
290
     0
176
     1
 90
       50
176
     1
 40
0.0
176
     1
 40
1.0
176
     1
 90
        0
176
     1
 62
    18
420
        0
176
     1
 90
       50
176
     1
 90
        3
176
     1
 62
     5
420
      255
176
     1
290
     0
176
     1
 90
       50
176
     1
 90
       50
176
     1
 90
       50
176
     1
290
     0
176
     1
 90
       50
176
     1
 62
   256
176
     0
 40
1.0
176
     0
 90
        2
176
     1
  1
strokes_ogs.tif
176
     1
290
     0
176
     1
 40
1.0
176
     1
 40
1.0
176
     1
1001
ACAD
1000
AcDbSavedByObjectVersion
1070
     0
  0
VISUALSTYLE
  5
30
102
{ACAD_REACTORS
330
29
102
}
330
29
100
AcDbVisualStyle
  2
Wireframe
 70
     5
177
     3
291
     0
 70
    58
 90
        0
176
     1
 90
        2
176
     1
 90
        0
176
     1
 90
        0
176
     1
 40
0.6
176
     1
 40
30.0
176
     1
 62
     7
420
 16777215
176
     1
 90
        1
176
     1
 90
        4
176
     1
 62
     7
176
     1
 62
   257
176
     1
 90
        1
176
     1
 90
        1
176
     1
 40
1.0
176
     1
 90
        0
176
     1
 62
   257
176
     1
 40
1.0
176
     1
 90
        1
176
     1
 90
        6
176
     1
 90
        2
176
     1
 62
     7
176
     1
 90
        3
176
     1
 90
        0
176
     1
 90
        0
176
     1
290
     0
176
     1
 90
        1
176
     1
 40
0.0
176
     1
 90
        0
176
     1
290
     0
176
     1
290
     1
176
     1
290
     1
176
     1
290
     0
176
     1
290
     0
176
     1
290
     0
176
     1
290
     0
176
     1
290
     0
176
     1
290
     0
176
     1
 90
       50
176
     1
 40
0.0
176
     1
 40
1.0
176
     1
 90
        0
176
     1
 62
    18
420
        0
176
     1
 90
       50
176
     1
 90
        3
176
     1
 62
     5
420
      255
176
     1
290
     0
176
     1
 90
       50
176
     1
 90
       50
176
     1
 90
       50
176
     1
290
     0
176
     1
 90
       50
176
     1
 62
   256
176
     0
 40
1.0
176
     0
 90
        2
176
     1
  1
strokes_ogs.tif
176
     1
290
     0
176
     1
 40
1.0
176
     1
 40
1.0
176
     1
1001
ACAD
1000
AcDbSavedByObjectVersion
1070
     0
  0
VISUALSTYLE
  5
3C
102
{ACAD_REACTORS
330
29
102
}
330
29
100
AcDbVisualStyle
  2
X-Ray
 70
    25
177
     3
291
     0
 70
    58
 90
        2
176
     1
 90
        2
176
     1
 90
        1
176
     1
 90
        1
176
     1
 40
0.5
176
     1
 40
30.0
176
     1
 62
     7
420
 16777215
176
     1
 90
        1
176
     1
 90
        0
176
     1
 62
     7
176
     1
 62
   257
176
     1
 90
        1
176
     1
 90
        1
176
     1
 40
1.0
176
     1
 90
        8
176
     1
 62
     7
176
     1
 40
1.0
176
     1
 90
        1
176
     1
 90
        6
176
     1
 90
        2
176
     1
 62
     7
176
     1
 90
        3
176
     1
 90
        0
176
     1
 90
        0
176
     1
290
     0
176
     1
 90
       13
176
     1
 40
0.0
176
     1
 90
        0
176
     1
290
     0
176
     1
290
     1
176
     1
290
     1
176
     1
290
     0
176
     1
290
     0
176
     1
290
     0
176
     1
290
     0
176
     1
290
     0
176
     1
290
     0
176
     1
 90
       50
176
     1
 40
0.0
176
     1
 40
1.0
176
     1
 90
        0
176
     1
 62
    18
420
        0
176
     1
 90
       50
176
     1
 90
        3
176
     1
 62
     5
420
      255
176
     1
290
     0
176
     1
 90
       50
176
     1
 90
       50
176
     1
 90
       50
176
     1
290
     0
176
     1
 90
       50
176
     1
 62
   256
176
     0
 40
1.0
176
     0
 90
        2
176
     1
  1
strokes_ogs.tif
176
     1
290
     0
176
     1
 40
1.0
176
     1
 40
1.0
176
     1
1001
ACAD
1000
AcDbSavedByObjectVersion
1070
     0
  0
DICTIONARYVAR
  5
70A
102
{ACAD_REACTORS
330
705
102
}
330
705
100
DictionaryVariables
280
     0
  1
0
  0
DICTIONARYVAR
  5
70B
102
{ACAD_REACTORS
330
705
102
}
330
705
100
DictionaryVariables
280
     0
  1
1:1
  0
DICTIONARYVAR
  5
707
102
{ACAD_REACTORS
330
705
102
}
330
705
100
DictionaryVariables
280
     0
  1
STANDARD
  0
DICTIONARYVAR
  5
706
102
{ACAD_REACTORS
330
705
102
}
330
705
100
DictionaryVariables
280
     0
  1
STANDARD
  0
DICTIONARYVAR
  5
708
102
{ACAD_REACTORS
330
705
102
}
330
705
100
DictionaryVariables
280
     0
  1
Imperial24
  0
DICTIONARYVAR
  5
709
102
{ACAD_REACTORS
330
705
102
}
330
705
100
DictionaryVariables
280
     0
  1
Imperial24
  0
DICTIONARY
  5
711
330
6B
100
AcDbDictionary
280
     1
281
     1
  3
ACAD_XREC_ROUNDTRIP
360
712
  0
DICTIONARY
  5
1A
330
19
100
AcDbDictionary
280
     1
281
     1
  3
BUMPTILE
360
1C
  3
DIFFUSETILE
360
1B
  3
OPACITYTILE
360
1F
  3
REFLECTIONTILE
360
1E
  3
REFRACTIONTILE
360
20
  3
SPECULARTILE
360
1D
  0
DICTIONARY
  5
12
330
11
100
AcDbDictionary
280
     1
281
     1
  3
BUMPTILE
360
14
  3
DIFFUSETILE
360
13
  3
OPACITYTILE
360
17
  3
REFLECTIONTILE
360
16
  3
REFRACTIONTILE
360
18
  3
SPECULARTILE
360
15
  0
DICTIONARY
  5
22
330
21
100
AcDbDictionary
280
     1
281
     1
  3
BUMPTILE
360
24
  3
DIFFUSETILE
360
23
  3
OPACITYTILE
360
27
  3
REFLECTIONTILE
360
26
  3
REFRACTIONTILE
360
28
  3
SPECULARTILE
360
25
  0
DICTIONARY
  5
70F
330
69
100
AcDbDictionary
280
     1
281
     1
  3
ACAD_XREC_ROUNDTRIP
360
710
  0
DICTIONARY
  5
70C
330
65
100
AcDbDictionary
280
     1
281
     1
  3
ACAD_ROUNDTRIP_2008_TABLESTYLE_CELLSTYLEMAP
360
70D
  0
XRECORD
  5
712
102
{ACAD_REACTORS
330
711
102
}
330
711
100
AcDbXrecord
280
     1
102
DISPLAYNAME
  1
Imperial24
102
FLAGS
 90
        0
  0
XRECORD
  5
1C
102
{ACAD_REACTORS
330
1A
102
}
330
1A
100
AcDbXrecord
280
     1
270
     1
271
     1
  0
XRECORD
  5
1B
102
{ACAD_REACTORS
330
1A
102
}
330
1A
100
AcDbXrecord
280
     1
270
     1
271
     1
  0
XRECORD
  5
1F
102
{ACAD_REACTORS
330
1A
102
}
330
1A
100
AcDbXrecord
280
     1
270
     1
271
     1
  0
XRECORD
  5
1E
102
{ACAD_REACTORS
330
1A
102
}
330
1A
100
AcDbXrecord
280
     1
270
     1
271
     1
  0
XRECORD
  5
20
102
{ACAD_REACTORS
330
1A
102
}
330
1A
100
AcDbXrecord
280
     1
270
     1
271
     1
  0
XRECORD
  5
1D
102
{ACAD_REACTORS
330
1A
102
}
330
1A
100
AcDbXrecord
280
     1
270
     1
271
     1
  0
XRECORD
  5
14
102
{ACAD_REACTORS
330
12
102
}
330
12
100
AcDbXrecord
280
     1
270
     1
271
     1
  0
XRECORD
  5
13
102
{ACAD_REACTORS
330
12
102
}
330
12
100
AcDbXrecord
280
     1
270
     1
271
     1
  0
XRECORD
  5
17
102
{ACAD_REACTORS
330
12
102
}
330
12
100
AcDbXrecord
280
     1
270
     1
271
     1
  0
XRECORD
  5
16
102
{ACAD_REACTORS
330
12
102
}
330
12
100
AcDbXrecord
280
     1
270
     1
271
     1
  0
XRECORD
  5
18
102
{ACAD_REACTORS
330
12
102
}
330
12
100
AcDbXrecord
280
     1
270
     1
271
     1
  0
XRECORD
  5
15
102
{ACAD_REACTORS
330
12
102
}
330
12
100
AcDbXrecord
280
     1
270
     1
271
     1
  0
XRECORD
  5
24
102
{ACAD_REACTORS
330
22
102
}
330
22
100
AcDbXrecord
280
     1
270
     1
271
     1
  0
XRECORD
  5
23
102
{ACAD_REACTORS
330
22
102
}
330
22
100
AcDbXrecord
280
     1
270
     1
271
     1
  0
XRECORD
  5
27
102
{ACAD_REACTORS
330
22
102
}
330
22
100
AcDbXrecord
280
     1
270
     1
271
     1
  0
XRECORD
  5
26
102
{ACAD_REACTORS
330
22
102
}
330
22
100
AcDbXrecord
280
     1
270
     1
271
     1
  0
XRECORD
  5
28
102
{ACAD_REACTORS
330
22
102
}
330
22
100
AcDbXrecord
280
     1
270
     1
271
     1
  0
XRECORD
  5
25
102
{ACAD_REACTORS
330
22
102
}
330
22
100
AcDbXrecord
280
     1
270
     1
271
     1
  0
XRECORD
  5
710
102
{ACAD_REACTORS
330
70F
102
}
330
70F
100
AcDbXrecord
280
     1
102
DISPLAYNAME
  1
Imperial24
102
FLAGS
 90
        0
  0
CELLSTYLEMAP
  5
70D
102
{ACAD_REACTORS
330
70C
102
}
330
70C
100
AcDbCellStyleMap
 90
        3
300
CELLSTYLE
  1
TABLEFORMAT_BEGIN
 90
        5
170
     1
 91
        0
 92
    32768
 62
   257
 93
        1
300
CONTENTFORMAT
  1
CONTENTFORMAT_BEGIN
 90
        0
 91
        0
 92
      512
 93
        0
300

 40
0.0
140
1.0
 94
        5
 62
     0
340
55
144
0.25
309
CONTENTFORMAT_END
171
     1
301
MARGIN
  1
CELLMARGIN_BEGIN
 40
1.5
 40
1.5
 40
1.5
 40
1.5
 40
0.18
 40
0.18
309
CELLMARGIN_END
 94
        0
309
TABLEFORMAT_END
  1
CELLSTYLE_BEGIN
 90
        1
 91
        1
300
_TITLE
309
CELLSTYLE_END
300
CELLSTYLE
  1
TABLEFORMAT_BEGIN
 90
        5
170
     1
 91
        0
 92
        0
 62
   257
 93
        1
300
CONTENTFORMAT
  1
CONTENTFORMAT_BEGIN
 90
        0
 91
        0
 92
      512
 93
        0
300

 40
0.0
140
1.0
 94
        5
 62
     0
340
55
144
0.18
309
CONTENTFORMAT_END
171
     1
301
MARGIN
  1
CELLMARGIN_BEGIN
 40
1.5
 40
1.5
 40
1.5
 40
1.5
 40
0.18
 40
0.18
309
CELLMARGIN_END
 94
        0
309
TABLEFORMAT_END
  1
CELLSTYLE_BEGIN
 90
        2
 91
        1
300
_HEADER
309
CELLSTYLE_END
300
CELLSTYLE
  1
TABLEFORMAT_BEGIN
 90
        5
170
     1
 91
        0
 92
        0
 62
   257
 93
        1
300
CONTENTFORMAT
  1
CONTENTFORMAT_BEGIN
 90
        0
 91
        0
 92
      512
 93
        0
300

 40
0.0
140
1.0
 94
        2
 62
     0
340
55
144
0.18
309
CONTENTFORMAT_END
171
     1
301
MARGIN
  1
CELLMARGIN_BEGIN
 40
1.5
 40
1.5
 40
1.5
 40
1.5
 40
0.18
 40
0.18
309
CELLMARGIN_END
 94
        0
309
TABLEFORMAT_END
  1
CELLSTYLE_BEGIN
 90
        3
 91
        2
300
_DATA
309
CELLSTYLE_END
  0
ENDSEC
  0
EOF
